window_start_ms,window_end_ms,stored_label,stored_episode,event_labels,event_frames,finding,majority_overlap_label,attacker_related_packet_present
1786331945000,1786331950000,benign,benign#chunk0,[],{},,,False
1786331950000,1786331955000,benign,benign#chunk0,[],{},,,False
1786331955000,1786331960000,benign,benign#chunk0,[],{},,,False
1786331960000,1786331965000,benign,benign#chunk0,[],{},,,False
1786331965000,1786331970000,benign,benign#chunk0,[],{},,,False
1786331970000,1786331975000,benign,benign#chunk0,[],{},,,False
1786331975000,1786331980000,benign,benign#chunk0,[],{},,,False
1786331980000,1786331985000,benign,benign#chunk0,[],{},,,False
1786331985000,1786331990000,OPCUA_READ_SCRAPING,OPCUA_READ_SCRAPING#c1,"[""OPCUA_READ_SCRAPING""]","{""OPCUA_READ_SCRAPING#c1"": [3770, 3772, 3774, 3777, 3779, 3793, 3807, 3809, 3811, 3813, 3816, 3818, 3820, 3824, 3830, 3832, 3835, 3837, 3839, 3841, 3843, 3845, 3852, 3854, 3856, 3858, 3860, 3862, 3869, 3871, 3873, 3875, 3877, 3879, 3916, 3918, 3920, 3922, 3926, 3930, 3937, 3939, 3941, 3943, 3945, 3947, 3950, 3952, 3954, 3956, 3958, 3962, 3971, 3973, 3975, 3977, 3979, 3981, 3993, 3995, 3997, 3999, 4001, 4003, 4016, 4018, 4020, 4022, 4023, 4028, 4030, 4033, 4035, 4037, 4039, 4041, 4043, 4046, 4048, 4050, 4052, 4054, 4056, 4072, 4074, 4076, 4080, 4082, 4088, 4095, 4099, 4101, 4103, 4105, 4107, 4118, 4120, 4122, 4124, 4126, 4128, 4141, 4157, 4167, 4175, 4181, 4187, 4200, 4202, 4204, 4206, 4208, 4210, 4223, 4225, 4227, 4229, 4231, 4233, 4246, 4248, 4250, 4252, 4254, 4258, 4267, 4269, 4271, 4273, 4275, 4277, 4279, 4281, 4283, 4285, 4287, 4289, 4291, 4294, 4296, 4298, 4309, 4311, 4313, 4320, 4322, 4324, 4326, 4328, 4330, 4337, 4339, 4341, 4345, 4347, 4349, 4352, 4354, 4356, 4360, 4362, 4364, 4367, 4369, 4371, 4373, 4375, 4377, 4382, 4384, 4386, 4388, 4390, 4392, 4431, 4433, 4435, 4437, 4439, 4443, 4452, 4454, 4456, 4458, 4462, 4464, 4471, 4473, 4475, 4477, 4481, 4483, 4486, 4487, 4490, 4494, 4496, 4498, 4500, 4509, 4511, 4513, 4515, 4517, 4519, 4522, 4524, 4526, 4528, 4530, 4532, 4537, 4539, 4541, 4543, 4545, 4547, 4554, 4556, 4558, 4560, 4564, 4566, 4569, 4571, 4575, 4577, 4579, 4581, 4584, 4586, 4588, 4590, 4592, 4594, 4597, 4599, 4601, 4603, 4605, 4607, 4618, 4624, 4630, 4634, 4644, 4654, 4667, 4669, 4677, 4679, 4681, 4683, 4692, 4694, 4698, 4703, 4707, 4709, 4720, 4721, 4726, 4728, 4730, 4732, 4734, 4737, 4739, 4741, 4743, 4745, 4747]}",,OPCUA_READ_SCRAPING,True
1786331990000,1786331995000,OPCUA_READ_SCRAPING,OPCUA_READ_SCRAPING#c1,"[""OPCUA_READ_SCRAPING""]","{""OPCUA_READ_SCRAPING#c1"": [4756, 4758, 4760, 4762, 4764, 4766, 4773, 4775, 4777, 4779, 4781, 4783, 4787, 4790, 4792, 4794, 4796, 4798, 4807, 4809, 4811, 4813, 4815, 4817, 4820, 4822, 4824, 4826, 4828, 4830, 4835, 4837, 4839, 4841, 4843, 4845, 4849, 4851, 4853, 4855, 4859, 4863, 4906, 4912, 4916, 4918, 4920, 4928, 4935, 4937, 4939, 4941, 4943, 4945, 4947, 4951, 4953, 4955, 4957, 4959, 4963, 4969, 4971, 4973, 4975, 4977, 4979, 4982, 4984, 4986, 4988, 4990, 4992, 4999, 5001, 5003, 5005, 5007, 5009, 5015, 5017, 5020, 5022, 5024, 5026, 5031, 5033, 5035, 5037, 5039, 5041, 5044, 5046, 5048, 5050, 5052, 5054, 5057, 5059, 5065, 5067, 5069, 5071, 5082, 5084, 5090, 5092, 5094, 5096, 5117, 5123, 5129, 5135, 5139, 5143, 5164, 5167, 5184, 5188, 5190, 5193, 5197, 5205, 5207, 5209, 5211, 5213, 5215, 5220, 5222, 5224, 5226, 5228, 5230, 5237, 5239, 5241, 5243, 5245, 5247, 5263, 5265, 5267, 5269, 5271, 5273, 5282, 5284, 5286, 5288, 5290, 5292, 5297, 5299, 5301, 5303, 5305, 5307, 5313, 5315, 5317, 5319, 5321, 5323, 5330, 5332, 5334, 5336, 5338, 5340, 5353, 5355, 5357, 5359, 5363, 5365, 5377, 5381, 5383, 5385, 5387, 5389, 5408, 5411, 5420, 5426, 5433, 5437, 5439, 5448, 5450, 5452, 5454, 5456, 5458, 5463, 5465, 5467, 5469, 5471, 5473, 5480, 5482, 5484, 5486, 5488, 5492, 5522, 5524, 5526, 5528, 5530, 5532, 5537, 5539, 5541, 5543, 5545, 5547, 5550, 5552, 5558, 5560, 5562, 5564, 5569, 5571, 5573, 5575, 5577, 5579, 5584, 5586, 5588, 5590, 5592, 5594, 5615, 5617, 5621, 5623, 5625, 5627, 5630, 5632, 5634, 5636, 5638, 5640, 5642, 5646, 5648, 5650, 5652, 5656, 5662, 5695, 5697, 5699, 5701, 5703, 5705, 5710, 5712, 5714, 5716, 5718, 5720, 5729, 5731, 5733, 5735, 5737, 5739, 5745, 5749, 5751, 5754, 5757, 5760, 5767, 5769, 5774, 5776, 5778, 5780, 5785, 5787, 5789, 5793, 5795, 5797, 5800, 5802, 5804, 5806, 5808, 5810, 5813, 5815, 5817, 5819, 5825, 5833, 5838, 5840, 5842, 5844, 5846, 5848, 5851, 5852, 5855, 5859, 5861, 5863, 5867, 5871, 5873, 5875, 5877, 5879, 5881]}",,OPCUA_READ_SCRAPING,True
1786331995000,1786332000000,OPCUA_READ_SCRAPING,OPCUA_READ_SCRAPING#c1,"[""OPCUA_READ_SCRAPING""]","{""OPCUA_READ_SCRAPING#c1"": [5902, 5904, 5908, 5914, 5920, 5926, 5948, 5956, 5958, 5961, 5965, 5967, 5976, 5978, 5980, 5982, 5984, 5987, 6004, 6006]}",,OPCUA_READ_SCRAPING,True
1786332000000,1786332005000,benign,benign#chunk0,[],{},,,False
1786332005000,1786332010000,benign,benign#chunk0,[],{},,,False
1786332010000,1786332015000,benign,benign#chunk0,[],{},,,False
1786332015000,1786332020000,benign,benign#chunk0,[],{},,,False
1786332020000,1786332025000,benign,benign#chunk1,[],{},,,False
1786332025000,1786332030000,benign,benign#chunk1,[],{},,,False
1786332030000,1786332035000,benign,benign#chunk1,[],{},,,False
1786332035000,1786332040000,benign,benign#chunk1,[],{},,,False
1786332040000,1786332045000,benign,benign#chunk1,[],{},,,False
1786332045000,1786332050000,benign,benign#chunk1,[],{},,,False
1786332050000,1786332055000,benign,benign#chunk1,[],{},,,False
1786332055000,1786332060000,OPCUA_SUBSCRIPTION_FLOOD,OPCUA_SUBSCRIPTION_FLOOD#c2,"[""OPCUA_SUBSCRIPTION_FLOOD""]","{""OPCUA_SUBSCRIPTION_FLOOD#c2"": [11927, 11929, 11933, 11937, 11941, 11955, 11956, 11977, 12068, 12075, 12166]}",,OPCUA_SUBSCRIPTION_FLOOD,True
1786332060000,1786332065000,OPCUA_SUBSCRIPTION_FLOOD,OPCUA_SUBSCRIPTION_FLOOD#c2,"[""OPCUA_SUBSCRIPTION_FLOOD""]","{""OPCUA_SUBSCRIPTION_FLOOD#c2"": [12299, 12300, 12417, 12418, 12531, 12624, 12742]}",,OPCUA_SUBSCRIPTION_FLOOD,True
1786332065000,1786332070000,OPCUA_SUBSCRIPTION_FLOOD,OPCUA_SUBSCRIPTION_FLOOD#c2,"[""OPCUA_SUBSCRIPTION_FLOOD""]","{""OPCUA_SUBSCRIPTION_FLOOD#c2"": [12850, 12937, 13040, 13041, 13046, 13048]}",,OPCUA_SUBSCRIPTION_FLOOD,True
1786332070000,1786332075000,benign,benign#chunk1,[],{},,,False
1786332075000,1786332080000,benign,benign#chunk1,[],{},,,False
1786332080000,1786332085000,benign,benign#chunk1,[],{},,,False
1786332085000,1786332090000,benign,benign#chunk1,[],{},,,False
1786332090000,1786332095000,benign,benign#chunk1,[],{},,,False
1786332095000,1786332100000,benign,benign#chunk2,[],{},,,False
1786332100000,1786332105000,benign,benign#chunk2,[],{},,,False
1786332105000,1786332110000,benign,benign#chunk2,[],{},,,False
1786332110000,1786332115000,benign,benign#chunk2,[],{},,,False
1786332115000,1786332120000,benign,benign#chunk2,[],{},,,False
1786332120000,1786332125000,benign,benign#chunk2,[],{},,,False
1786332125000,1786332130000,OPCUA_BEHAVIORAL_PROFILING,OPCUA_BEHAVIORAL_PROFILING#c3,"[""OPCUA_BEHAVIORAL_PROFILING""]","{""OPCUA_BEHAVIORAL_PROFILING#c3"": [19713, 19715, 19718, 19720, 19734, 19735, 19752, 19754, 19759, 19761, 19767, 19769]}",,OPCUA_BEHAVIORAL_PROFILING,True
1786332130000,1786332135000,OPCUA_BEHAVIORAL_PROFILING,OPCUA_BEHAVIORAL_PROFILING#c3,"[""OPCUA_BEHAVIORAL_PROFILING""]","{""OPCUA_BEHAVIORAL_PROFILING#c3"": [19856, 19864, 20012, 20020, 20075, 20167, 20273, 20282]}",,OPCUA_BEHAVIORAL_PROFILING,True
1786332135000,1786332140000,OPCUA_BEHAVIORAL_PROFILING,OPCUA_BEHAVIORAL_PROFILING#c3,"[""OPCUA_BEHAVIORAL_PROFILING""]","{""OPCUA_BEHAVIORAL_PROFILING#c3"": [20398, 20490, 20593, 20603, 20828, 20951]}",,OPCUA_BEHAVIORAL_PROFILING,True
1786332140000,1786332145000,OPCUA_BEHAVIORAL_PROFILING,OPCUA_BEHAVIORAL_PROFILING#c3,"[""OPCUA_BEHAVIORAL_PROFILING""]","{""OPCUA_BEHAVIORAL_PROFILING#c3"": [21048, 21057, 21178, 21292, 21394, 21469]}",,OPCUA_BEHAVIORAL_PROFILING,True
1786332145000,1786332150000,OPCUA_BEHAVIORAL_PROFILING,OPCUA_BEHAVIORAL_PROFILING#c3,"[""OPCUA_BEHAVIORAL_PROFILING""]","{""OPCUA_BEHAVIORAL_PROFILING#c3"": [21552, 21643, 21749, 21876, 21881, 21972]}",,OPCUA_BEHAVIORAL_PROFILING,True
1786332150000,1786332155000,OPCUA_BEHAVIORAL_PROFILING,OPCUA_BEHAVIORAL_PROFILING#c3,"[""OPCUA_BEHAVIORAL_PROFILING""]","{""OPCUA_BEHAVIORAL_PROFILING#c3"": [22065, 22158, 22159, 22275, 22378, 22462, 22474]}",,OPCUA_BEHAVIORAL_PROFILING,True
1786332155000,1786332160000,OPCUA_BEHAVIORAL_PROFILING,OPCUA_BEHAVIORAL_PROFILING#c3,"[""OPCUA_BEHAVIORAL_PROFILING""]","{""OPCUA_BEHAVIORAL_PROFILING#c3"": [22579, 22649, 22731, 22734, 22829, 22951]}",,OPCUA_BEHAVIORAL_PROFILING,True
1786332160000,1786332165000,OPCUA_BEHAVIORAL_PROFILING,OPCUA_BEHAVIORAL_PROFILING#c3,"[""OPCUA_BEHAVIORAL_PROFILING""]","{""OPCUA_BEHAVIORAL_PROFILING#c3"": [23059, 23161, 23251, 23353, 23497]}",,OPCUA_BEHAVIORAL_PROFILING,True
1786332165000,1786332170000,OPCUA_BEHAVIORAL_PROFILING,OPCUA_BEHAVIORAL_PROFILING#c3,"[""OPCUA_BEHAVIORAL_PROFILING""]","{""OPCUA_BEHAVIORAL_PROFILING#c3"": [23595, 23602, 23684, 23778, 23782, 23784]}",,OPCUA_BEHAVIORAL_PROFILING,True
1786332170000,1786332175000,benign,benign#chunk2,[],{},,,False
1786332175000,1786332180000,benign,benign#chunk2,[],{},,,False
1786332180000,1786332185000,benign,benign#chunk2,[],{},,,False
1786332185000,1786332190000,benign,benign#chunk2,[],{},,,False
1786332190000,1786332195000,benign,benign#chunk2,[],{},,,False
1786332195000,1786332200000,benign,benign#chunk2,[],{},,,False
1786332200000,1786332205000,benign,benign#chunk3,[],{},,,False
1786332205000,1786332210000,benign,benign#chunk3,[],{},,,False
1786332210000,1786332215000,benign,benign#chunk3,[],{},,,False
1786332215000,1786332220000,benign,benign#chunk3,[],{},,,False
1786332220000,1786332225000,benign,benign#chunk3,[],{},,,False
1786332225000,1786332230000,OPCUA_SUBSCRIPTION_FLOOD,OPCUA_SUBSCRIPTION_FLOOD#c4,"[""OPCUA_SUBSCRIPTION_FLOOD""]","{""OPCUA_SUBSCRIPTION_FLOOD#c4"": [30177, 30179, 30182, 30187, 30193, 30201, 30202, 30218]}",,OPCUA_SUBSCRIPTION_FLOOD,True
1786332230000,1786332235000,OPCUA_SUBSCRIPTION_FLOOD,OPCUA_SUBSCRIPTION_FLOOD#c4,"[""OPCUA_SUBSCRIPTION_FLOOD""]","{""OPCUA_SUBSCRIPTION_FLOOD#c4"": [30298, 30302, 30403, 30539, 30689, 30690, 30797]}",,OPCUA_SUBSCRIPTION_FLOOD,True
1786332235000,1786332240000,OPCUA_SUBSCRIPTION_FLOOD,OPCUA_SUBSCRIPTION_FLOOD#c4,"[""OPCUA_SUBSCRIPTION_FLOOD""]","{""OPCUA_SUBSCRIPTION_FLOOD#c4"": [30910, 31020, 31117, 31203, 31348, 31349, 31354, 31356]}",,OPCUA_SUBSCRIPTION_FLOOD,True
1786332240000,1786332245000,OPCUA_SUBSCRIPTION_FLOOD,OPCUA_SUBSCRIPTION_FLOOD#c4,[],{},attack_without_in_interval_event_evidence,OPCUA_SUBSCRIPTION_FLOOD,True
1786332245000,1786332250000,benign,benign#chunk3,[],{},,,False
1786332250000,1786332255000,benign,benign#chunk3,[],{},,,False
1786332255000,1786332260000,benign,benign#chunk3,[],{},,,False
1786332260000,1786332265000,benign,benign#chunk3,[],{},,,False
1786332265000,1786332270000,benign,benign#chunk3,[],{},,,False
1786332270000,1786332275000,benign,benign#chunk3,[],{},,,False
1786332275000,1786332280000,benign,benign#chunk3,[],{},,,False
1786332280000,1786332285000,benign,benign#chunk4,[],{},,,False
1786332285000,1786332290000,benign,benign#chunk4,[],{},,,False
1786332290000,1786332295000,benign,benign#chunk4,[],{},,,False
1786332295000,1786332300000,benign,benign#chunk4,[],{},,,False
1786332300000,1786332305000,OPCUA_PROTOCOL_FUZZ,OPCUA_PROTOCOL_FUZZ#c5,"[""OPCUA_PROTOCOL_FUZZ""]","{""OPCUA_PROTOCOL_FUZZ#c5"": [37867, 38110]}",,OPCUA_PROTOCOL_FUZZ,True
1786332305000,1786332310000,OPCUA_PROTOCOL_FUZZ,OPCUA_PROTOCOL_FUZZ#c5,"[""OPCUA_PROTOCOL_FUZZ""]","{""OPCUA_PROTOCOL_FUZZ#c5"": [38179, 38221]}",,OPCUA_PROTOCOL_FUZZ,True
1786332310000,1786332315000,benign,benign#chunk4,[],{},,,False
1786332315000,1786332320000,benign,benign#chunk4,[],{},,,False
1786332320000,1786332325000,benign,benign#chunk4,[],{},,,False
1786332325000,1786332330000,benign,benign#chunk4,[],{},,,False
1786332330000,1786332335000,benign,benign#chunk4,[],{},,,False
1786332335000,1786332340000,benign,benign#chunk4,[],{},,,False
1786332340000,1786332345000,benign,benign#chunk4,[],{},,,False
1786332345000,1786332350000,benign,benign#chunk4,[],{},,,False
1786332350000,1786332355000,benign,benign#chunk5,[],{},,,False
1786332355000,1786332360000,benign,benign#chunk5,[],{},,,False
1786332360000,1786332365000,benign,benign#chunk5,[],{},,,False
1786332365000,1786332370000,OPCUA_READ_SCRAPING,OPCUA_READ_SCRAPING#c6,"[""OPCUA_READ_SCRAPING""]","{""OPCUA_READ_SCRAPING#c6"": [44574, 44576, 44579, 44581, 44595, 44609, 44611, 44613, 44615, 44618, 44620, 44622, 44624, 44626, 44628, 44630, 44632, 44634, 44646, 44648, 44650, 44656, 44658, 44660, 44662, 44664, 44666, 44685, 44691, 44697, 44703, 44713, 44719, 44743, 44745, 44747, 44749, 44751, 44753, 44761, 44763, 44765, 44767, 44769, 44771, 44780, 44782, 44784, 44786, 44788, 44790, 44795, 44797, 44799, 44801, 44803, 44807, 44815, 44817, 44819, 44822, 44824, 44828, 44831, 44833, 44835, 44837, 44839, 44841, 44846, 44848, 44850, 44852, 44854, 44856, 44858, 44861, 44863, 44865, 44867, 44869, 44871, 44874, 44876, 44878, 44880, 44885, 44887, 44890, 44892, 44894, 44896, 44906, 44912, 44919, 44921, 44923, 44925, 44927, 44929, 44935, 44937, 44939, 44941, 44943, 44945, 44974, 44980, 44987, 44992, 44998, 45002, 45015, 45017, 45019, 45023, 45025, 45027, 45032, 45037, 45039, 45041, 45043, 45045, 45048, 45050, 45052, 45054, 45056, 45058, 45066, 45068, 45070, 45072, 45074, 45076, 45079, 45081, 45084, 45086, 45088, 45090, 45096, 45098, 45100, 45102, 45103, 45106, 45110, 45115, 45117, 45127, 45137, 45143, 45145, 45147, 45149, 45151, 45153, 45155, 45157, 45170, 45172, 45174, 45176, 45178, 45184, 45191, 45193, 45195, 45197, 45199, 45201, 45204, 45206, 45208, 45210, 45212, 45218, 45225, 45227, 45229, 45231, 45233, 45235, 45264, 45266, 45268, 45270, 45272, 45276, 45293, 45295, 45297, 45299, 45301, 45303, 45308, 45310, 45312, 45314, 45316, 45320, 45323, 45327, 45338, 45340, 45342, 45344, 45349, 45351, 45353, 45355, 45357, 45359, 45362, 45364, 45366, 45368, 45370, 45372, 45374, 45376, 45378, 45380, 45382, 45384, 45386, 45391, 45393, 45395, 45397, 45399, 45401, 45408, 45410, 45412, 45418, 45420, 45422, 45429, 45431, 45433, 45435, 45437, 45439, 45444, 45446, 45448, 45450, 45452, 45454, 45461, 45463, 45465, 45467, 45472, 45475, 45480]}",,OPCUA_READ_SCRAPING,True
1786332370000,1786332375000,OPCUA_READ_SCRAPING,OPCUA_READ_SCRAPING#c6,"[""OPCUA_READ_SCRAPING""]","{""OPCUA_READ_SCRAPING#c6"": [45482, 45484, 45486, 45488, 45490, 45493, 45495, 45497, 45499, 45515, 45521, 45542, 45544, 45546, 45548, 45550, 45552, 45557, 45559, 45561, 45563, 45565, 45567, 45574, 45576, 45578, 45580, 45582, 45584, 45587, 45589, 45591, 45593, 45594, 45597, 45601, 45610, 45612, 45615, 45617, 45619, 45621, 45626, 45628, 45630, 45632, 45634, 45636, 45645, 45647, 45653, 45655, 45657, 45659, 45664, 45666, 45668, 45670, 45672, 45674, 45676, 45678, 45682, 45684, 45686, 45688, 45695, 45697, 45699, 45701, 45703, 45705, 45710, 45712, 45714, 45716, 45718, 45720, 45723, 45725, 45727, 45729, 45731, 45733, 45768, 45772, 45774, 45776, 45778, 45780, 45798, 45800, 45802, 45804, 45806, 45808, 45811, 45813, 45815, 45817, 45819, 45821, 45828, 45829, 45832, 45836, 45838, 45840, 45842, 45845, 45847, 45849, 45851, 45853, 45855, 45860, 45862, 45864, 45866, 45868, 45870, 45892, 45898, 45900, 45902, 45904, 45906, 45909, 45911, 45913, 45915, 45917, 45919, 45928, 45930, 45932, 45934, 45936, 45941, 45949, 45951, 45955, 45957, 45959, 45961, 45964, 45966, 45972, 45974, 45976, 45978, 45981, 45983, 45985, 45987, 45989, 45991, 45994, 45998, 46004, 46008, 46010, 46014, 46047, 46053, 46057, 46059, 46061, 46063, 46079, 46083, 46085, 46087, 46088, 46093, 46095, 46100, 46102, 46104, 46106, 46108, 46110, 46113, 46115, 46117, 46119, 46121, 46123, 46130, 46132, 46134, 46136, 46138, 46144, 46151, 46153, 46155, 46157, 46159, 46161, 46164, 46166, 46168, 46170, 46174, 46176, 46183, 46188, 46190, 46198, 46200, 46202, 46213, 46215, 46223, 46225, 46227, 46229, 46232, 46234, 46236, 46238, 46240, 46242, 46249, 46252, 46254, 46256, 46258, 46264, 46268, 46270, 46272, 46274, 46276, 46278, 46283, 46285, 46287, 46289, 46291, 46293, 46332, 46333, 46338, 46340, 46342, 46344, 46347, 46360, 46362, 46364, 46366, 46368, 46370, 46373, 46375, 46377, 46379, 46381, 46383, 46392, 46396, 46398, 46400, 46402, 46404, 46411, 46413, 46415, 46417, 46419, 46421, 46426, 46428, 46430, 46432, 46434, 46436, 46443, 46445, 46447, 46449, 46451, 46453, 46458, 46460, 46462, 46464, 46466, 46468, 46475, 46479, 46481, 46483, 46485, 46488, 46492, 46494, 46496, 46498, 46500, 46502, 46509, 46511, 46513, 46515, 46517, 46519, 46522, 46524, 46529, 46531, 46533, 46535, 46540, 46543, 46545, 46547, 46549, 46551, 46556, 46562, 46564, 46566, 46568, 46570, 46572, 46585, 46591, 46597, 46603, 46607, 46609, 46628, 46630, 46632, 46634, 46638, 46642, 46647, 46649, 46651, 46653, 46655, 46657, 46660, 46662, 46664, 46666, 46670, 46672, 46677, 46679]}",,OPCUA_READ_SCRAPING,True
1786332375000,1786332380000,benign,benign#chunk5,[],{},,,False
1786332380000,1786332385000,benign,benign#chunk5,[],{},,,False
1786332385000,1786332390000,benign,benign#chunk5,[],{},,,False
1786332390000,1786332395000,benign,benign#chunk5,[],{},,,False
1786332395000,1786332400000,benign,benign#chunk5,[],{},,,False
1786332400000,1786332405000,benign,benign#chunk5,[],{},,,False
1786332405000,1786332410000,benign,benign#chunk5,[],{},,,False
1786332410000,1786332415000,benign,benign#chunk5,[],{},,,False
1786332415000,1786332420000,benign,benign#chunk5,[],{},,,False
1786332420000,1786332425000,benign,benign#chunk6,[],{},,,False
1786332425000,1786332430000,benign,benign#chunk6,[],{},,,False
1786332430000,1786332435000,benign,benign#chunk6,[],{},,OPCUA_SESSION_BURST,False
1786332435000,1786332440000,OPCUA_SESSION_BURST,OPCUA_SESSION_BURST#c7,"[""OPCUA_SESSION_BURST""]","{""OPCUA_SESSION_BURST#c7"": [52949, 52955, 52957, 52959, 52962, 52964, 52979, 52996, 53049, 53052, 53054, 53056, 53078, 53082, 53096, 53098, 53199, 53202, 53204, 53206, 53209, 53211, 53225, 53239, 53360, 53363, 53373, 53379, 53387, 53391, 53414, 53428, 53529, 53532, 53534, 53537, 53540, 53542, 53557, 53571]}",,OPCUA_SESSION_BURST,True
1786332440000,1786332445000,benign,benign#chunk6,[],{},,OPCUA_SESSION_BURST,False
1786332445000,1786332450000,benign,benign#chunk6,[],{},,,False
1786332450000,1786332455000,benign,benign#chunk6,[],{},,,False
1786332455000,1786332460000,benign,benign#chunk6,[],{},,,False
1786332460000,1786332465000,benign,benign#chunk6,[],{},,,False
1786332465000,1786332470000,benign,benign#chunk6,[],{},,,False
1786332470000,1786332475000,benign,benign#chunk6,[],{},,,False
1786332475000,1786332480000,benign,benign#chunk6,[],{},,,False
1786332480000,1786332485000,benign,benign#chunk6,[],{},,,False
1786332485000,1786332490000,benign,benign#chunk7,[],{},,,False
1786332490000,1786332495000,benign,benign#chunk7,[],{},,,False
1786332495000,1786332500000,benign,benign#chunk7,[],{},,,False
1786332500000,1786332505000,OPCUA_INVALID_WRITE,OPCUA_INVALID_WRITE#c8,"[""OPCUA_INVALID_WRITE""]","{""OPCUA_INVALID_WRITE#c8"": [60171, 60173, 60176, 60178, 60192, 60206]}",,OPCUA_INVALID_WRITE,True
1786332505000,1786332510000,benign,benign#chunk7,[],{},,,False
1786332510000,1786332515000,benign,benign#chunk7,[],{},,,False
1786332515000,1786332520000,benign,benign#chunk7,[],{},,,False
1786332520000,1786332525000,benign,benign#chunk7,[],{},,,False
1786332525000,1786332530000,benign,benign#chunk7,[],{},,,False
1786332530000,1786332535000,benign,benign#chunk7,[],{},,,False
1786332535000,1786332540000,benign,benign#chunk7,[],{},,,False
1786332540000,1786332545000,benign,benign#chunk7,[],{},,,False
1786332545000,1786332550000,benign,benign#chunk7,[],{},,,False
1786332550000,1786332555000,benign,benign#chunk8,[],{},,,False
1786332555000,1786332560000,benign,benign#chunk8,[],{},,,False
1786332560000,1786332565000,OPCUA_BEHAVIORAL_PROFILING,OPCUA_BEHAVIORAL_PROFILING#c9,"[""OPCUA_BEHAVIORAL_PROFILING""]","{""OPCUA_BEHAVIORAL_PROFILING#c9"": [66372, 66374, 66377, 66379, 66391, 66392, 66401, 66415, 66417, 66419, 66421, 66423]}",,OPCUA_BEHAVIORAL_PROFILING,True
1786332565000,1786332570000,OPCUA_BEHAVIORAL_PROFILING,OPCUA_BEHAVIORAL_PROFILING#c9,"[""OPCUA_BEHAVIORAL_PROFILING""]","{""OPCUA_BEHAVIORAL_PROFILING#c9"": [66528, 66532, 66638, 66740, 66742, 66847, 66986]}",,OPCUA_BEHAVIORAL_PROFILING,True
1786332570000,1786332575000,OPCUA_BEHAVIORAL_PROFILING,OPCUA_BEHAVIORAL_PROFILING#c9,"[""OPCUA_BEHAVIORAL_PROFILING""]","{""OPCUA_BEHAVIORAL_PROFILING#c9"": [67094, 67179, 67292, 67369]}",,OPCUA_BEHAVIORAL_PROFILING,True
1786332575000,1786332580000,OPCUA_BEHAVIORAL_PROFILING,OPCUA_BEHAVIORAL_PROFILING#c9,"[""OPCUA_BEHAVIORAL_PROFILING""]","{""OPCUA_BEHAVIORAL_PROFILING#c9"": [67441, 67550, 67551, 67674, 67788, 67878, 67879]}",,OPCUA_BEHAVIORAL_PROFILING,True
1786332580000,1786332585000,OPCUA_BEHAVIORAL_PROFILING,OPCUA_BEHAVIORAL_PROFILING#c9,"[""OPCUA_BEHAVIORAL_PROFILING""]","{""OPCUA_BEHAVIORAL_PROFILING#c9"": [67980, 68089, 68203, 68214, 68310, 68408, 68463]}",,OPCUA_BEHAVIORAL_PROFILING,True
1786332585000,1786332590000,OPCUA_BEHAVIORAL_PROFILING,OPCUA_BEHAVIORAL_PROFILING#c9,"[""OPCUA_BEHAVIORAL_PROFILING""]","{""OPCUA_BEHAVIORAL_PROFILING#c9"": [68498, 68577, 68652, 68753, 68837]}",,OPCUA_BEHAVIORAL_PROFILING,True
1786332590000,1786332595000,OPCUA_BEHAVIORAL_PROFILING,OPCUA_BEHAVIORAL_PROFILING#c9,"[""OPCUA_BEHAVIORAL_PROFILING""]","{""OPCUA_BEHAVIORAL_PROFILING#c9"": [68936, 69031, 69133, 69273, 69286, 69404]}",,OPCUA_BEHAVIORAL_PROFILING,True
1786332595000,1786332600000,OPCUA_BEHAVIORAL_PROFILING,OPCUA_BEHAVIORAL_PROFILING#c9,"[""OPCUA_BEHAVIORAL_PROFILING""]","{""OPCUA_BEHAVIORAL_PROFILING#c9"": [69531, 69653, 69665, 69766, 69869, 69922, 69969]}",,OPCUA_BEHAVIORAL_PROFILING,True
1786332600000,1786332605000,OPCUA_BEHAVIORAL_PROFILING,OPCUA_BEHAVIORAL_PROFILING#c9,"[""OPCUA_BEHAVIORAL_PROFILING""]","{""OPCUA_BEHAVIORAL_PROFILING#c9"": [70070, 70186, 70264, 70281, 70380, 70384, 70394]}",,OPCUA_BEHAVIORAL_PROFILING,True
1786332605000,1786332610000,benign,benign#chunk8,[],{},,,False
1786332610000,1786332615000,benign,benign#chunk8,[],{},,,False
1786332615000,1786332620000,benign,benign#chunk8,[],{},,,False
1786332620000,1786332625000,benign,benign#chunk8,[],{},,,False
1786332625000,1786332630000,benign,benign#chunk8,[],{},,,False
1786332630000,1786332635000,benign,benign#chunk8,[],{},,,False
1786332635000,1786332640000,benign,benign#chunk8,[],{},,,False
1786332640000,1786332645000,benign,benign#chunk8,[],{},,,False
1786332645000,1786332650000,benign,benign#chunk8,[],{},,,False
1786332650000,1786332655000,benign,benign#chunk8,[],{},,,False
1786332655000,1786332660000,benign,benign#chunk9,[],{},,,False
1786332660000,1786332665000,benign,benign#chunk9,[],{},,OPCUA_SUBSCRIPTION_FLOOD,False
1786332665000,1786332670000,OPCUA_SUBSCRIPTION_FLOOD,OPCUA_SUBSCRIPTION_FLOOD#c10,"[""OPCUA_SUBSCRIPTION_FLOOD""]","{""OPCUA_SUBSCRIPTION_FLOOD#c10"": [76958, 76960, 76962, 76965, 76967, 76977, 76978, 76987, 77110, 77116, 77257, 77359, 77465]}",,OPCUA_SUBSCRIPTION_FLOOD,True
1786332670000,1786332675000,OPCUA_SUBSCRIPTION_FLOOD,OPCUA_SUBSCRIPTION_FLOOD#c10,"[""OPCUA_SUBSCRIPTION_FLOOD""]","{""OPCUA_SUBSCRIPTION_FLOOD#c10"": [77557, 77622, 77717, 77824, 77954]}",,OPCUA_SUBSCRIPTION_FLOOD,True
1786332675000,1786332680000,OPCUA_SUBSCRIPTION_FLOOD,OPCUA_SUBSCRIPTION_FLOOD#c10,"[""OPCUA_SUBSCRIPTION_FLOOD""]","{""OPCUA_SUBSCRIPTION_FLOOD#c10"": [78049, 78065, 78069, 78071]}",,OPCUA_SUBSCRIPTION_FLOOD,True
1786332680000,1786332685000,benign,benign#chunk9,[],{},,,False
1786332685000,1786332690000,benign,benign#chunk9,[],{},,,False
1786332690000,1786332695000,benign,benign#chunk9,[],{},,,False
1786332695000,1786332700000,benign,benign#chunk9,[],{},,,False
1786332700000,1786332705000,benign,benign#chunk9,[],{},,,False
1786332705000,1786332710000,benign,benign#chunk9,[],{},,,False
1786332710000,1786332715000,benign,benign#chunk9,[],{},,,False
1786332715000,1786332720000,benign,benign#chunk9,[],{},,,False
1786332720000,1786332725000,benign,benign#chunk9,[],{},,,False
1786332725000,1786332730000,benign,benign#chunk9,[],{},,,False
1786332730000,1786332735000,benign,benign#chunk10,[],{},,,False
1786332735000,1786332740000,OPCUA_ENDPOINT_DISCOVERY,OPCUA_ENDPOINT_DISCOVERY#c11,"[""OPCUA_ENDPOINT_DISCOVERY""]","{""OPCUA_ENDPOINT_DISCOVERY#c11"": [84724, 84726, 84729, 84734, 84751, 84765, 84769]}",,OPCUA_ENDPOINT_DISCOVERY,True
1786332740000,1786332745000,benign,benign#chunk10,[],{},,,False
1786332745000,1786332750000,benign,benign#chunk10,[],{},,,False
1786332750000,1786332755000,benign,benign#chunk10,[],{},,,False
1786332755000,1786332760000,benign,benign#chunk10,[],{},,,False
1786332760000,1786332765000,benign,benign#chunk10,[],{},,,False
1786332765000,1786332770000,benign,benign#chunk10,[],{},,,True
1786332770000,1786332775000,benign,benign#chunk10,[],{},,,False
1786332775000,1786332780000,benign,benign#chunk10,[],{},,,False
1786332780000,1786332785000,benign,benign#chunk10,[],{},,,False
1786332785000,1786332790000,benign,benign#chunk10,[],{},,,False
1786332790000,1786332795000,benign,benign#chunk10,[],{},,,False
1786332795000,1786332800000,OPCUA_WRITE_DENIED,OPCUA_WRITE_DENIED#c12,"[""OPCUA_WRITE_DENIED""]","{""OPCUA_WRITE_DENIED#c12"": [90953, 90955, 90963, 90965, 90984, 91003]}",,OPCUA_WRITE_DENIED,True
1786332800000,1786332805000,benign,benign#chunk11,[],{},,,False
1786332805000,1786332810000,benign,benign#chunk11,[],{},,,False
1786332810000,1786332815000,benign,benign#chunk11,[],{},,,False
1786332815000,1786332820000,benign,benign#chunk11,[],{},,,False
1786332820000,1786332825000,benign,benign#chunk11,[],{},,,False
1786332825000,1786332830000,benign,benign#chunk11,[],{},,,True
1786332830000,1786332835000,benign,benign#chunk11,[],{},,,False
1786332835000,1786332840000,benign,benign#chunk11,[],{},,,False
1786332840000,1786332845000,benign,benign#chunk11,[],{},,,False
1786332845000,1786332850000,benign,benign#chunk11,[],{},,,False
1786332850000,1786332855000,benign,benign#chunk11,[],{},,,False
1786332855000,1786332860000,OPCUA_NODE_BROWSE,OPCUA_NODE_BROWSE#c13,"[""OPCUA_NODE_BROWSE""]","{""OPCUA_NODE_BROWSE#c13"": [97420, 97422, 97425, 97427, 97445, 97459, 97461, 97463, 97465, 97469, 97473, 97481, 97483, 97485, 97487, 97489, 97491, 97493, 97495, 97497, 97499]}",,OPCUA_NODE_BROWSE,True
1786332860000,1786332865000,benign,benign#chunk11,[],{},,,False
1786332865000,1786332870000,benign,benign#chunk12,[],{},,,False
1786332870000,1786332875000,benign,benign#chunk12,[],{},,,False
1786332875000,1786332880000,benign,benign#chunk12,[],{},,,False
1786332880000,1786332885000,benign,benign#chunk12,[],{},,,False
1786332885000,1786332890000,benign,benign#chunk12,[],{},,,True
1786332890000,1786332895000,benign,benign#chunk12,[],{},,,False
1786332895000,1786332900000,benign,benign#chunk12,[],{},,,False
1786332900000,1786332905000,benign,benign#chunk12,[],{},,,False
1786332905000,1786332910000,benign,benign#chunk12,[],{},,,False
1786332910000,1786332915000,benign,benign#chunk12,[],{},,,False
1786332915000,1786332920000,OPCUA_ENDPOINT_DISCOVERY,OPCUA_ENDPOINT_DISCOVERY#c14,"[""OPCUA_ENDPOINT_DISCOVERY""]","{""OPCUA_ENDPOINT_DISCOVERY#c14"": [103746, 103748, 103751, 103760, 103778, 103796]}",,OPCUA_ENDPOINT_DISCOVERY,True
1786332920000,1786332925000,benign,benign#chunk12,[],{},,,False
1786332925000,1786332930000,benign,benign#chunk12,[],{},,,False
1786332930000,1786332935000,benign,benign#chunk13,[],{},,,False
1786332935000,1786332940000,benign,benign#chunk13,[],{},,,False
1786332940000,1786332945000,benign,benign#chunk13,[],{},,,False
1786332945000,1786332950000,benign,benign#chunk13,[],{},,,True
1786332950000,1786332955000,benign,benign#chunk13,[],{},,,False
1786332955000,1786332960000,benign,benign#chunk13,[],{},,,False
1786332960000,1786332965000,benign,benign#chunk13,[],{},,,False
1786332965000,1786332970000,benign,benign#chunk13,[],{},,,False
1786332970000,1786332975000,benign,benign#chunk13,[],{},,,False
1786332975000,1786332980000,OPCUA_BEHAVIORAL_PROFILING,OPCUA_BEHAVIORAL_PROFILING#c15,"[""OPCUA_BEHAVIORAL_PROFILING""]","{""OPCUA_BEHAVIORAL_PROFILING#c15"": [109978, 109980, 109983, 109985, 109988, 109991, 110004, 110018, 110020, 110022, 110032, 110035, 110125, 110127, 110347, 110348]}",,OPCUA_BEHAVIORAL_PROFILING,True
1786332980000,1786332985000,OPCUA_BEHAVIORAL_PROFILING,OPCUA_BEHAVIORAL_PROFILING#c15,"[""OPCUA_BEHAVIORAL_PROFILING""]","{""OPCUA_BEHAVIORAL_PROFILING#c15"": [110465, 110575, 110687, 110773, 110879]}",,OPCUA_BEHAVIORAL_PROFILING,True
1786332985000,1786332990000,OPCUA_BEHAVIORAL_PROFILING,OPCUA_BEHAVIORAL_PROFILING#c15,"[""OPCUA_BEHAVIORAL_PROFILING""]","{""OPCUA_BEHAVIORAL_PROFILING#c15"": [110977, 111056, 111168, 111177, 111273, 111381]}",,OPCUA_BEHAVIORAL_PROFILING,True
1786332990000,1786332995000,OPCUA_BEHAVIORAL_PROFILING,OPCUA_BEHAVIORAL_PROFILING#c15,"[""OPCUA_BEHAVIORAL_PROFILING""]","{""OPCUA_BEHAVIORAL_PROFILING#c15"": [111508, 111520, 111624, 111719, 111802, 111829, 111923]}",,OPCUA_BEHAVIORAL_PROFILING,True
1786332995000,1786333000000,OPCUA_BEHAVIORAL_PROFILING,OPCUA_BEHAVIORAL_PROFILING#c15,"[""OPCUA_BEHAVIORAL_PROFILING""]","{""OPCUA_BEHAVIORAL_PROFILING#c15"": [112027, 112133, 112146, 112243, 112323, 112380]}",,OPCUA_BEHAVIORAL_PROFILING,True
1786333000000,1786333005000,OPCUA_BEHAVIORAL_PROFILING,OPCUA_BEHAVIORAL_PROFILING#c15,"[""OPCUA_BEHAVIORAL_PROFILING""]","{""OPCUA_BEHAVIORAL_PROFILING#c15"": [112494, 112598, 112705, 113001, 113137, 113155]}",,OPCUA_BEHAVIORAL_PROFILING,True
1786333005000,1786333010000,OPCUA_BEHAVIORAL_PROFILING,OPCUA_BEHAVIORAL_PROFILING#c15,"[""OPCUA_BEHAVIORAL_PROFILING""]","{""OPCUA_BEHAVIORAL_PROFILING#c15"": [113248, 113362, 113477, 113494, 113579, 113690]}",,OPCUA_BEHAVIORAL_PROFILING,True
1786333010000,1786333015000,OPCUA_BEHAVIORAL_PROFILING,OPCUA_BEHAVIORAL_PROFILING#c15,"[""OPCUA_BEHAVIORAL_PROFILING""]","{""OPCUA_BEHAVIORAL_PROFILING#c15"": [113745, 113801, 113886, 113947, 114028, 114038, 114131]}",,OPCUA_BEHAVIORAL_PROFILING,True
1786333015000,1786333020000,OPCUA_BEHAVIORAL_PROFILING,OPCUA_BEHAVIORAL_PROFILING#c15,"[""OPCUA_BEHAVIORAL_PROFILING""]","{""OPCUA_BEHAVIORAL_PROFILING#c15"": [114257, 114261, 114263]}",,OPCUA_BEHAVIORAL_PROFILING,True
1786333020000,1786333025000,benign,benign#chunk13,[],{},,,False
1786333025000,1786333030000,benign,benign#chunk13,[],{},,,False
1786333030000,1786333035000,benign,benign#chunk13,[],{},,,False
1786333035000,1786333040000,benign,benign#chunk14,[],{},,,True
1786333040000,1786333045000,benign,benign#chunk14,[],{},,,False
1786333045000,1786333050000,benign,benign#chunk14,[],{},,,False
1786333050000,1786333055000,benign,benign#chunk14,[],{},,,False
1786333055000,1786333060000,benign,benign#chunk14,[],{},,,False
1786333060000,1786333065000,benign,benign#chunk14,[],{},,,False
1786333065000,1786333070000,benign,benign#chunk14,[],{},,,True
1786333070000,1786333075000,benign,benign#chunk14,[],{},,,False
1786333075000,1786333080000,OPCUA_RECURSIVE_BROWSE,OPCUA_RECURSIVE_BROWSE#c16,"[""OPCUA_RECURSIVE_BROWSE""]","{""OPCUA_RECURSIVE_BROWSE#c16"": [120850, 120852, 120858, 120860, 120884, 120898, 120904, 120910, 120912, 120914, 120916, 120918, 120920, 120922, 120927, 120929, 120933, 120937, 120939, 120941, 120948, 120954, 120956, 120958, 120960, 120962, 120974, 120976, 120978, 120980, 120982, 120984, 120986, 120988, 120990, 120992, 120994, 120996, 120998, 121000, 121002, 121004, 121006, 121008, 121010, 121012, 121016, 121018, 121020, 121022, 121024, 121026, 121036, 121046, 121052, 121064, 121067, 121069, 121071, 121073, 121075, 121128, 121130, 121132, 121134, 121136, 121138, 121140, 121142, 121146, 121152, 121158, 121164, 121170, 121176, 121182, 121188, 121194, 121202, 121208, 121209, 121214, 121218, 121220, 121222, 121224, 121228, 121232, 121234, 121236, 121238, 121240, 121245, 121249, 121251, 121254, 121256, 121258, 121260, 121262, 121265, 121267, 121269, 121271, 121277, 121279, 121281, 121283, 121285, 121287, 121292, 121294, 121296, 121298, 121306, 121315, 121320, 121322, 121324, 121326, 121386, 121388, 121390, 121394, 121396, 121398, 121400, 121402, 121404, 121406, 121408, 121412, 121416, 121418, 121420, 121422, 121424, 121426, 121428, 121430, 121432, 121434, 121436, 121440, 121444, 121446, 121448, 121450, 121452, 121454, 121456, 121458, 121460, 121462, 121466, 121468, 121470, 121472, 121474, 121476, 121478, 121480, 121482, 121484, 121486, 121488, 121490, 121492, 121494, 121496, 121498, 121500, 121506, 121509, 121511, 121513, 121515, 121516, 121519, 121617, 121619, 121621, 121623, 121625, 121627, 121629, 121631, 121633, 121635, 121637, 121639, 121641, 121643, 121645, 121647, 121649, 121651, 121653, 121655, 121657, 121662, 121664, 121666, 121668, 121670, 121672, 121674, 121676, 121678, 121680, 121682, 121684, 121686, 121688, 121690, 121692, 121694, 121696, 121698, 121700, 121702, 121704, 121706, 121708, 121710, 121714, 121716, 121718, 121720, 121722, 121724, 121726, 121729, 121731, 121733, 121735, 121737, 121750, 121817, 121821, 121823, 121825, 121827, 121829, 121831, 121833, 121835, 121839, 121841, 121843, 121845, 121847, 121849, 121854, 121865, 121867, 121869, 121871, 121873, 121875, 121877, 121879, 121881, 121883, 121885, 121887, 121889, 121891, 121893, 121895, 121897, 121899, 121901, 121903, 121905, 121909, 121911, 121913, 121915, 121917, 121919, 121923, 121925, 121927, 121929, 121931, 121935, 121937, 121939, 121941, 121943, 121946, 121948, 121950, 121952, 121954, 122003, 122006, 122008, 122010, 122012, 122014, 122018, 122022, 122024, 122028, 122030, 122032, 122034, 122036, 122038, 122040, 122042, 122055, 122057, 122059, 122061, 122063, 122065, 122067, 122069, 122071, 122073, 122079, 122085, 122091, 122099, 122105, 122111, 122117, 122121, 122123]}",,OPCUA_RECURSIVE_BROWSE,True
1786333080000,1786333085000,OPCUA_RECURSIVE_BROWSE,OPCUA_RECURSIVE_BROWSE#c16,"[""OPCUA_RECURSIVE_BROWSE""]","{""OPCUA_RECURSIVE_BROWSE#c16"": [122125, 122127, 122129, 122133, 122139, 122143, 122145, 122147, 122149, 122151, 122155, 122157, 122160, 122162, 122168, 122170, 122172, 122174, 122177, 122181, 122184, 122186, 122188, 122231, 122233, 122235, 122237, 122239, 122241, 122243, 122245, 122247, 122250, 122252, 122254, 122260, 122262, 122265, 122267, 122269, 122271, 122273, 122275, 122277, 122279, 122281, 122283, 122284, 122298, 122300, 122302, 122304, 122306, 122308, 122310, 122318, 122320, 122322, 122324, 122326, 122331, 122333, 122335, 122339, 122343, 122345, 122347, 122349, 122351, 122353, 122355, 122357, 122359, 122363, 122365, 122367, 122369, 122372, 122374, 122376, 122378, 122380, 122467, 122469, 122471, 122473, 122475, 122477, 122479, 122481, 122483, 122485, 122487, 122489, 122491, 122493, 122495, 122497, 122499, 122504, 122508, 122510, 122512, 122514, 122516, 122518, 122520, 122522, 122525, 122527, 122529, 122531, 122533, 122535, 122539, 122543, 122545, 122547, 122549, 122551, 122553, 122555, 122557, 122559, 122563, 122565, 122567, 122569, 122571, 122573, 122575, 122577, 122585, 122587, 122589, 122592, 122594, 122596, 122598, 122600, 122604, 122667, 122669, 122671, 122676, 122680, 122682, 122684, 122686, 122690, 122692, 122696, 122698, 122700, 122704, 122711, 122713, 122715, 122717, 122719, 122721, 122724, 122726, 122728, 122731, 122740, 122742, 122746, 122748, 122750, 122752, 122754, 122756, 122758, 122760, 122762, 122764, 122767, 122769, 122776, 122780, 122782, 122784, 122786, 122788, 122793, 122795, 122797, 122799, 122801, 122803, 122805, 122807, 122809, 122812, 122814, 122816, 122818, 122820, 122843, 122852, 122854, 122858, 122860, 122862, 122864, 122866, 122868, 122870, 122872, 122874, 122878, 122880, 122882, 122884, 122886, 122888, 122890, 122892, 122894, 122896, 122898, 122900, 122902, 122904, 122908, 122910, 122912, 122914, 122916, 122918, 122920, 122924, 122926, 122929, 122931, 122933, 122935, 122937, 122940, 122942, 122944, 122946, 122948, 122952, 122958, 122964, 122970, 122976, 122982, 122988, 122996, 123003, 123010, 123012, 123015, 123017, 123021, 123052, 123059, 123061, 123063, 123066, 123068, 123070, 123072, 123074, 123078, 123080, 123082, 123084, 123086, 123088, 123090, 123092, 123094, 123096, 123098, 123100, 123102, 123104, 123106, 123108, 123110, 123112, 123114, 123118, 123120, 123122, 123124, 123126, 123128, 123130, 123132, 123134, 123136, 123138, 123140, 123142, 123144, 123146, 123148, 123150, 123152, 123154, 123156, 123158, 123160, 123162, 123164, 123166, 123168, 123171, 123173, 123175, 123177, 123179, 123259, 123261, 123263, 123267, 123269, 123275, 123277, 123279, 123281, 123283, 123285, 123287, 123289, 123291, 123293, 123295, 123297, 123299, 123301, 123303, 123305, 123307, 123308, 123313, 123315, 123317, 123319, 123321, 123323, 123325, 123327, 123329, 123331, 123333, 123335, 123337, 123343, 123345, 123347, 123349, 123351, 123353, 123355, 123359, 123361, 123363, 123365, 123367, 123372, 123374, 123376, 123378, 123380, 123382, 123385, 123387, 123389, 123391, 123393]}",,OPCUA_RECURSIVE_BROWSE,True
1786333085000,1786333090000,OPCUA_RECURSIVE_BROWSE,OPCUA_RECURSIVE_BROWSE#c16,"[""OPCUA_RECURSIVE_BROWSE""]","{""OPCUA_RECURSIVE_BROWSE#c16"": [123451, 123453, 123457, 123459, 123461, 123465, 123469, 123473, 123475, 123477, 123481, 123483, 123485, 123487, 123489, 123491, 123493, 123496, 123500, 123502, 123504, 123506, 123509, 123511, 123513, 123515, 123517, 123519, 123521, 123523, 123528, 123530, 123532, 123534, 123540, 123542, 123544, 123546, 123548, 123550, 123555, 123557, 123559, 123571, 123573, 123575, 123577, 123579, 123581, 123583, 123585, 123587, 123589, 123592, 123594, 123596, 123598, 123599, 123604, 123623, 123625, 123627, 123629, 123631, 123633, 123635, 123637, 123639, 123641, 123643, 123648, 123650, 123652, 123654, 123656, 123658, 123662, 123664, 123666, 123668, 123670, 123672, 123674, 123676, 123678, 123680, 123682, 123684, 123686, 123688, 123690, 123692, 123694, 123696, 123698, 123700, 123702, 123704, 123706, 123708, 123710, 123712, 123714, 123716, 123718, 123720, 123722, 123724, 123728, 123734, 123740, 123746, 123753, 123759, 123765, 123773, 123775, 123826, 123867, 123873, 123875, 123877, 123879, 123881, 123889, 123891, 123894, 123896, 123901, 123903, 123905, 123907, 123909, 123911, 123913, 123915, 123917, 123919, 123921, 123925, 123927, 123929, 123931, 123933, 123935, 123937, 123939, 123941, 123944, 123946, 123948, 123950, 123952, 123955, 123957, 123959, 123961, 123965, 123967, 123969, 123971, 123973, 123975, 123981, 123984, 123986, 123995, 123998, 124000, 124002, 124004, 124007, 124009, 124011, 124016, 124018, 124088, 124104, 124106, 124108, 124110, 124112, 124114, 124116, 124118, 124120, 124122, 124124, 124126, 124128, 124130, 124132, 124134, 124136, 124140, 124142, 124148, 124150, 124152, 124156, 124158, 124160, 124162, 124164, 124166, 124168, 124170, 124172, 124174, 124176, 124178, 124180, 124182, 124184, 124186, 124188, 124192, 124194, 124196, 124198, 124200, 124202, 124207, 124209, 124211, 124213, 124215, 124217, 124219, 124221, 124224, 124226, 124228, 124230, 124232, 124243, 124252, 124254, 124256, 124266, 124274, 124280, 124286, 124296, 124302, 124306, 124308, 124309, 124314, 124316, 124318, 124320, 124326, 124335, 124337, 124341, 124347, 124349, 124351, 124353, 124358, 124363, 124365, 124368, 124370, 124372, 124374, 124378, 124381, 124383, 124385, 124387, 124389, 124392, 124397, 124399, 124402, 124405, 124407, 124409, 124411, 124413, 124415, 124421, 124423, 124426, 124430, 124432, 124435, 124438, 124440, 124442, 124444, 124446, 124487, 124489, 124491, 124493, 124495, 124497, 124499, 124503, 124505, 124507, 124509, 124511, 124513, 124515, 124517, 124519, 124521, 124523, 124525, 124527, 124533, 124535, 124537, 124539, 124541, 124543, 124545, 124547, 124549, 124551, 124553, 124555, 124561, 124563, 124565, 124567, 124569, 124573, 124577, 124579, 124581, 124583, 124585, 124588, 124590, 124592, 124595, 124598, 124602, 124604, 124610, 124613, 124615, 124617, 124620, 124622, 124624, 124626, 124630]}",,OPCUA_RECURSIVE_BROWSE,True
1786333090000,1786333095000,OPCUA_RECURSIVE_BROWSE,OPCUA_RECURSIVE_BROWSE#c16,"[""OPCUA_RECURSIVE_BROWSE""]","{""OPCUA_RECURSIVE_BROWSE#c16"": [124694, 124696, 124698, 124700, 124702, 124704, 124706, 124708, 124710, 124712, 124714, 124716, 124718, 124720, 124722, 124724, 124726, 124728, 124730, 124732, 124734, 124736, 124738, 124740, 124742, 124744, 124746, 124748, 124752, 124754, 124756, 124758, 124760, 124762, 124764, 124766, 124770, 124774, 124776, 124778, 124782, 124784, 124786, 124788, 124790, 124792, 124796, 124798, 124800, 124803, 124806, 124808, 124810, 124813, 124815, 124817, 124819, 124821, 124834, 124897, 124899, 124901, 124903, 124908, 124910, 124912, 124914, 124918, 124920, 124922, 124924, 124926, 124929, 124931, 124933, 124935, 124937, 124940, 124942, 124944, 124946, 124948, 124950, 124952, 124954, 124956, 124958, 124960, 124962, 124964, 124966, 124968, 124970, 124972, 124974, 124976, 124978, 124980, 124982, 124984, 124986, 124988, 124990, 124992, 124994, 124996, 124998, 125000, 125002, 125007, 125009, 125011, 125016, 125020, 125022, 125024, 125026, 125045, 125055, 125057]}",,OPCUA_RECURSIVE_BROWSE,True
1786333095000,1786333100000,benign,benign#chunk14,[],{},,,False
1786333100000,1786333105000,benign,benign#chunk14,[],{},,,False
1786333105000,1786333110000,benign,benign#chunk14,[],{},,,False
1786333110000,1786333115000,benign,benign#chunk14,[],{},,,False
1786333115000,1786333120000,benign,benign#chunk15,[],{},,,False
1786333120000,1786333125000,benign,benign#chunk15,[],{},,,False
1786333125000,1786333130000,benign,benign#chunk15,[],{},,,False
1786333130000,1786333135000,benign,benign#chunk15,[],{},,,False
1786333135000,1786333140000,benign,benign#chunk15,[],{},,,False
1786333140000,1786333145000,benign,benign#chunk15,[],{},,,False
1786333145000,1786333150000,benign,benign#chunk15,[],{},,,False
1786333150000,1786333155000,OPCUA_INVALID_WRITE,OPCUA_INVALID_WRITE#c17,"[""OPCUA_INVALID_WRITE""]","{""OPCUA_INVALID_WRITE#c17"": [131092, 131096, 131098, 131100, 131120, 131134]}",,OPCUA_INVALID_WRITE,True
1786333155000,1786333160000,benign,benign#chunk15,[],{},,,False
1786333160000,1786333165000,benign,benign#chunk15,[],{},,,False
1786333165000,1786333170000,benign,benign#chunk15,[],{},,,False
1786333170000,1786333175000,benign,benign#chunk15,[],{},,,False
1786333175000,1786333180000,benign,benign#chunk15,[],{},,,False
1786333180000,1786333185000,benign,benign#chunk16,[],{},,,False
1786333185000,1786333190000,benign,benign#chunk16,[],{},,,False
1786333190000,1786333195000,benign,benign#chunk16,[],{},,,False
1786333195000,1786333200000,benign,benign#chunk16,[],{},,,False
1786333200000,1786333205000,benign,benign#chunk16,[],{},,,False
1786333205000,1786333210000,benign,benign#chunk16,[],{},,,False
1786333210000,1786333215000,OPCUA_ENDPOINT_DISCOVERY,OPCUA_ENDPOINT_DISCOVERY#c18,"[""OPCUA_ENDPOINT_DISCOVERY""]","{""OPCUA_ENDPOINT_DISCOVERY#c18"": [137457, 137459, 137465, 137468, 137473, 137498, 137512, 137516]}",,OPCUA_ENDPOINT_DISCOVERY,True
1786333215000,1786333220000,benign,benign#chunk16,[],{},,,False
1786333220000,1786333225000,benign,benign#chunk16,[],{},,,False
1786333225000,1786333230000,benign,benign#chunk16,[],{},,,False
1786333230000,1786333235000,benign,benign#chunk16,[],{},,,False
1786333235000,1786333240000,benign,benign#chunk16,[],{},,,False
1786333240000,1786333245000,benign,benign#chunk16,[],{},,,True
1786333245000,1786333250000,benign,benign#chunk17,[],{},,,False
1786333250000,1786333255000,benign,benign#chunk17,[],{},,,False
1786333255000,1786333260000,benign,benign#chunk17,[],{},,,False
1786333260000,1786333265000,benign,benign#chunk17,[],{},,,False
1786333265000,1786333270000,benign,benign#chunk17,[],{},,,False
1786333270000,1786333275000,OPCUA_WRITE_DENIED,OPCUA_WRITE_DENIED#c19,"[""OPCUA_WRITE_DENIED""]","{""OPCUA_WRITE_DENIED#c19"": [143664, 143666, 143669, 143671, 143685, 143699, 143701]}",,OPCUA_WRITE_DENIED,True
1786333275000,1786333280000,benign,benign#chunk17,[],{},,,False
1786333280000,1786333285000,benign,benign#chunk17,[],{},,,False
1786333285000,1786333290000,benign,benign#chunk17,[],{},,,False
1786333290000,1786333295000,benign,benign#chunk17,[],{},,,False
1786333295000,1786333300000,benign,benign#chunk17,[],{},,,False
1786333300000,1786333305000,benign,benign#chunk17,[],{},,,True
1786333305000,1786333310000,benign,benign#chunk17,[],{},,,False
1786333310000,1786333315000,benign,benign#chunk18,[],{},,,False
1786333315000,1786333320000,benign,benign#chunk18,[],{},,,False
1786333320000,1786333325000,benign,benign#chunk18,[],{},,,False
1786333325000,1786333330000,benign,benign#chunk18,[],{},,,False
1786333330000,1786333335000,OPCUA_BEHAVIORAL_PROFILING,OPCUA_BEHAVIORAL_PROFILING#c20,"[""OPCUA_BEHAVIORAL_PROFILING""]","{""OPCUA_BEHAVIORAL_PROFILING#c20"": [149913, 149915, 149918, 149920, 149934, 149935, 149938, 149952, 149954, 149956, 149958, 149960, 150095, 150099, 150195]}",,OPCUA_BEHAVIORAL_PROFILING,True
1786333335000,1786333340000,OPCUA_BEHAVIORAL_PROFILING,OPCUA_BEHAVIORAL_PROFILING#c20,"[""OPCUA_BEHAVIORAL_PROFILING""]","{""OPCUA_BEHAVIORAL_PROFILING#c20"": [150278, 150336, 150339, 150451, 150559, 150753, 150754]}",,OPCUA_BEHAVIORAL_PROFILING,True
1786333340000,1786333345000,OPCUA_BEHAVIORAL_PROFILING,OPCUA_BEHAVIORAL_PROFILING#c20,"[""OPCUA_BEHAVIORAL_PROFILING""]","{""OPCUA_BEHAVIORAL_PROFILING#c20"": [150861, 150960, 151052, 151153, 151261]}",,OPCUA_BEHAVIORAL_PROFILING,True
1786333345000,1786333350000,OPCUA_BEHAVIORAL_PROFILING,OPCUA_BEHAVIORAL_PROFILING#c20,"[""OPCUA_BEHAVIORAL_PROFILING""]","{""OPCUA_BEHAVIORAL_PROFILING#c20"": [151350, 151452, 151552, 151561, 151711, 151830]}",,OPCUA_BEHAVIORAL_PROFILING,True
1786333350000,1786333355000,OPCUA_BEHAVIORAL_PROFILING,OPCUA_BEHAVIORAL_PROFILING#c20,"[""OPCUA_BEHAVIORAL_PROFILING""]","{""OPCUA_BEHAVIORAL_PROFILING#c20"": [151886, 151919, 152011, 152156, 152278, 152286, 152378]}",,OPCUA_BEHAVIORAL_PROFILING,True
1786333355000,1786333360000,OPCUA_BEHAVIORAL_PROFILING,OPCUA_BEHAVIORAL_PROFILING#c20,"[""OPCUA_BEHAVIORAL_PROFILING""]","{""OPCUA_BEHAVIORAL_PROFILING#c20"": [152493, 152592, 152600, 152706, 152812, 152909]}",,OPCUA_BEHAVIORAL_PROFILING,True
1786333360000,1786333365000,OPCUA_BEHAVIORAL_PROFILING,OPCUA_BEHAVIORAL_PROFILING#c20,"[""OPCUA_BEHAVIORAL_PROFILING""]","{""OPCUA_BEHAVIORAL_PROFILING#c20"": [152994, 153080, 153191, 153270, 153389, 153400]}",,OPCUA_BEHAVIORAL_PROFILING,True
1786333365000,1786333370000,OPCUA_BEHAVIORAL_PROFILING,OPCUA_BEHAVIORAL_PROFILING#c20,"[""OPCUA_BEHAVIORAL_PROFILING""]","{""OPCUA_BEHAVIORAL_PROFILING#c20"": [153744, 153832, 153920, 153936, 154046, 154152]}",,OPCUA_BEHAVIORAL_PROFILING,True
1786333370000,1786333375000,OPCUA_BEHAVIORAL_PROFILING,OPCUA_BEHAVIORAL_PROFILING#c20,"[""OPCUA_BEHAVIORAL_PROFILING""]","{""OPCUA_BEHAVIORAL_PROFILING#c20"": [154236, 154240, 154242]}",,OPCUA_BEHAVIORAL_PROFILING,True
1786333375000,1786333380000,benign,benign#chunk18,[],{},,,False
1786333380000,1786333385000,benign,benign#chunk18,[],{},,,False
1786333385000,1786333390000,benign,benign#chunk18,[],{},,,False
1786333390000,1786333395000,benign,benign#chunk18,[],{},,,True
1786333395000,1786333400000,benign,benign#chunk18,[],{},,,False
1786333400000,1786333405000,benign,benign#chunk18,[],{},,,False
1786333405000,1786333410000,benign,benign#chunk18,[],{},,,False
1786333410000,1786333415000,benign,benign#chunk18,[],{},,,False
1786333415000,1786333420000,benign,benign#chunk19,[],{},,,False
1786333420000,1786333425000,benign,benign#chunk19,[],{},,,True
1786333425000,1786333430000,benign,benign#chunk19,[],{},,,False
1786333430000,1786333435000,OPCUA_RECURSIVE_BROWSE,OPCUA_RECURSIVE_BROWSE#c21,"[""OPCUA_RECURSIVE_BROWSE""]","{""OPCUA_RECURSIVE_BROWSE#c21"": [159752, 159754, 159757, 159759, 159777, 159791, 159793, 159795, 159797, 159799, 159801, 159803, 159805, 159807, 159809, 159811, 159813, 159815, 159817, 159819, 159821, 159823, 159825, 159833, 159837, 159841, 159843, 159845, 159847, 159849, 159851, 159853, 159855, 159857, 159861, 159863, 159865, 159867, 159869, 159871, 159873, 159881, 159883, 159885, 159887, 159889, 159891, 159893, 159895, 159897, 159899, 159901, 159903, 159905, 159907, 159909, 159912, 159914, 159916, 159918, 159920, 159939, 159941, 159943, 159945, 159947, 159949, 159951, 159953, 159955, 159957, 159959, 159961, 159963, 159966, 159968, 159970, 159972, 159974, 159976, 159980, 159982, 159984, 159988, 159994, 160000, 160006, 160012, 160018, 160024, 160025, 160034, 160038, 160040, 160042, 160044, 160046, 160048, 160050, 160052, 160060, 160062, 160064, 160066, 160068, 160070, 160072, 160074, 160076, 160078, 160080, 160085, 160087, 160093, 160095, 160104, 160106, 160108, 160110, 160112, 160140, 160142, 160144, 160146, 160148, 160150, 160152, 160156, 160158, 160160, 160162, 160164, 160166, 160168, 160170, 160172, 160174, 160179, 160187, 160189, 160191, 160193, 160195, 160197, 160199, 160201, 160203, 160205, 160207, 160209, 160211, 160213, 160215, 160220, 160223, 160225, 160227, 160229, 160231, 160233, 160235, 160237, 160239, 160241, 160243, 160245, 160247, 160249, 160251, 160253, 160255, 160257, 160259, 160262, 160264, 160266, 160268, 160270, 160293, 160362, 160364, 160366, 160368, 160370, 160372, 160374, 160376, 160378, 160380, 160382, 160384, 160386, 160388, 160390, 160394, 160396, 160398, 160400, 160402, 160404, 160406, 160408, 160410, 160412, 160414, 160416, 160418, 160420, 160422, 160424, 160426, 160428, 160430, 160432, 160434, 160436, 160438, 160440, 160442, 160444, 160446, 160448, 160450, 160452, 160454, 160456, 160458, 160460, 160462, 160464, 160466, 160470, 160473, 160475, 160477, 160479, 160481, 160486, 160539, 160541, 160543, 160545, 160547, 160549, 160551, 160553, 160555, 160557, 160561, 160563, 160567, 160569, 160571, 160573, 160575, 160577, 160579, 160581, 160583, 160585, 160587, 160589, 160591, 160593, 160595, 160597, 160599, 160601, 160603, 160613, 160615, 160617, 160619, 160621, 160623, 160625, 160627, 160629, 160631, 160633, 160635, 160637, 160639, 160641, 160643, 160645, 160647, 160649, 160651, 160653, 160655, 160658, 160660, 160662, 160668, 160670, 160681, 160688, 160690, 160692, 160694, 160696, 160698, 160700, 160702, 160704, 160706, 160708, 160714, 160716, 160718, 160720, 160722, 160724, 160726, 160728, 160730, 160732, 160736, 160738, 160740, 160746, 160750, 160752, 160755, 160757, 160759, 160761, 160767, 160780, 160787, 160789, 160791, 160793, 160795, 160797, 160804, 160811, 160815, 160817, 160819, 160821, 160823, 160825, 160827, 160829, 160832, 160838, 160840, 160842, 160845, 160847, 160849, 160851, 160853]}",,OPCUA_RECURSIVE_BROWSE,True
1786333435000,1786333440000,OPCUA_RECURSIVE_BROWSE,OPCUA_RECURSIVE_BROWSE#c21,"[""OPCUA_RECURSIVE_BROWSE""]","{""OPCUA_RECURSIVE_BROWSE#c21"": [160910, 160912, 160914, 160916, 160920, 160922, 160924, 160926, 160928, 160930, 160933, 160935, 160939, 160941, 160943, 160945, 160947, 160953, 160955, 160957, 160959, 160961, 160963, 160965, 160967, 160969, 160971, 160972, 160977, 160981, 160985, 160987, 160989, 160991, 160993, 160995, 160997, 160999, 161001, 161003, 161005, 161007, 161009, 161011, 161013, 161015, 161017, 161019, 161021, 161023, 161025, 161027, 161033, 161035, 161038, 161040, 161042, 161044, 161046, 161107, 161109, 161111, 161113, 161115, 161117, 161119, 161121, 161123, 161125, 161127, 161129, 161131, 161133, 161135, 161137, 161139, 161141, 161143, 161145, 161147, 161149, 161151, 161153, 161155, 161157, 161159, 161161, 161163, 161165, 161167, 161169, 161171, 161173, 161175, 161177, 161183, 161185, 161189, 161191, 161193, 161195, 161197, 161199, 161201, 161203, 161205, 161209, 161211, 161213, 161215, 161217, 161219, 161224, 161228, 161230, 161232, 161234, 161239, 161264, 161266, 161268, 161270, 161272, 161274, 161276, 161278, 161280, 161282, 161284, 161288, 161294, 161300, 161306, 161312, 161318, 161324, 161332, 161338, 161340, 161342, 161344, 161346, 161348, 161350, 161352, 161354, 161356, 161358, 161362, 161364, 161366, 161368, 161370, 161372, 161374, 161376, 161378, 161380, 161382, 161384, 161386, 161388, 161390, 161392, 161394, 161398, 161402, 161404, 161406, 161408, 161410, 161413, 161415, 161417, 161419, 161421, 161438, 161458, 161460, 161462, 161464, 161466, 161468, 161471, 161481, 161483, 161485, 161487, 161489, 161491, 161493, 161495, 161497, 161499, 161501, 161503, 161505, 161507, 161509, 161511, 161513, 161523, 161529, 161531, 161533, 161535, 161537, 161539, 161541, 161543, 161545, 161547, 161549, 161551, 161553, 161555, 161557, 161559, 161561, 161563, 161565, 161567, 161569, 161571, 161573, 161575, 161577, 161579, 161581, 161583, 161586, 161588, 161590, 161592, 161594, 161643, 161644, 161649, 161651, 161653, 161655, 161657, 161659, 161663, 161665, 161667, 161669, 161671, 161673, 161675, 161677, 161679, 161683, 161687, 161689, 161691, 161693, 161695, 161697, 161699, 161701, 161703, 161705, 161707, 161709, 161711, 161713, 161715, 161717, 161719, 161721, 161723, 161725, 161727, 161729, 161731, 161737, 161741, 161743, 161745, 161747, 161749, 161751, 161753, 161755, 161757, 161759, 161763, 161765, 161768, 161770, 161772, 161774, 161776, 161791, 161793, 161795, 161797, 161801, 161807, 161813, 161819, 161827, 161833, 161839, 161843, 161845, 161847, 161851, 161853, 161855, 161861, 161867, 161869, 161871, 161873, 161875, 161877, 161879, 161881, 161883, 161885, 161889, 161891, 161893, 161895, 161897, 161899, 161901, 161903, 161905, 161907, 161909, 161910, 161913, 161917, 161919, 161921, 161923, 161925, 161927, 161929, 161931, 161933, 161935, 161939, 161941, 161943, 161948, 161952, 161954, 161956, 161958, 161989, 161991, 161993, 161995, 161997, 161999, 162001, 162003, 162005, 162007, 162009, 162011]}",,OPCUA_RECURSIVE_BROWSE,True
1786333440000,1786333445000,OPCUA_RECURSIVE_BROWSE,OPCUA_RECURSIVE_BROWSE#c21,"[""OPCUA_RECURSIVE_BROWSE""]","{""OPCUA_RECURSIVE_BROWSE#c21"": [162013, 162015, 162017, 162019, 162021, 162023, 162025, 162027, 162029, 162031, 162033, 162035, 162037, 162039, 162041, 162043, 162045, 162047, 162049, 162051, 162053, 162055, 162057, 162059, 162061, 162063, 162065, 162067, 162069, 162071, 162073, 162075, 162077, 162079, 162081, 162083, 162085, 162087, 162089, 162091, 162093, 162096, 162098, 162100, 162102, 162104, 162147, 162176, 162178, 162180, 162182, 162184, 162186, 162188, 162190, 162192, 162194, 162204, 162206, 162208, 162210, 162212, 162214, 162216, 162218, 162220, 162222, 162224, 162226, 162228, 162230, 162232, 162235, 162237, 162239, 162241, 162243, 162245, 162247, 162249, 162251, 162254, 162256, 162258, 162260, 162262, 162264, 162266, 162268, 162270, 162272, 162274, 162276, 162278, 162280, 162282, 162284, 162286, 162288, 162290, 162293, 162295, 162297, 162299, 162301, 162306, 162357, 162359, 162361, 162363, 162367, 162373, 162375, 162377, 162379, 162381, 162383, 162385, 162387, 162389, 162393, 162395, 162397, 162399, 162401, 162403, 162405, 162407, 162409, 162411, 162413, 162415, 162417, 162419, 162421, 162429, 162433, 162439, 162441, 162443, 162445, 162447, 162449, 162451, 162455, 162466, 162468, 162470, 162472, 162474, 162476, 162478, 162480, 162482, 162484, 162486, 162488, 162490, 162492, 162495, 162497, 162499, 162501, 162503, 162516, 162517, 162522, 162524, 162526, 162528, 162530, 162532, 162534, 162536, 162538, 162540, 162542, 162544, 162546, 162548, 162550, 162552, 162556, 162560, 162562, 162564, 162570, 162572, 162574, 162576, 162578, 162580, 162582, 162584, 162586, 162588, 162590, 162592, 162594, 162596, 162598, 162600, 162602, 162605, 162612, 162618, 162620, 162626, 162632, 162638, 162645, 162655, 162661, 162671, 162681, 162685, 162687, 162689, 162692, 162694, 162696, 162698, 162702, 162717, 162719, 162721, 162723, 162725, 162727, 162729, 162731, 162733, 162735, 162737, 162739, 162741, 162745, 162747, 162749, 162751, 162753, 162755, 162757, 162759, 162761, 162763, 162765, 162767, 162769, 162771, 162773, 162775, 162777, 162779, 162781, 162783, 162785, 162787, 162789, 162791, 162793, 162795, 162797, 162798, 162805, 162809, 162811, 162813, 162815, 162817, 162819, 162821, 162823, 162825, 162827, 162829, 162831, 162834, 162836, 162838, 162840, 162846, 162916, 162918, 162920, 162922, 162924, 162926, 162928, 162930, 162932, 162934, 162936, 162938, 162940, 162942, 162944, 162946, 162948, 162950, 162952, 162954, 162956, 162958, 162960, 162962, 162964, 162966, 162968, 162970, 162972, 162974, 162976, 162978, 162980, 162982, 162984, 162986, 162988, 162990, 162992, 162994, 162996, 162998, 163000, 163002, 163004, 163006, 163008, 163010, 163012, 163014, 163016, 163018, 163020, 163023, 163025, 163027, 163029, 163031, 163038, 163074, 163076, 163078, 163081, 163083, 163085, 163087, 163089, 163091, 163093, 163095, 163097, 163101, 163107, 163115, 163121, 163127, 163135, 163141, 163147, 163151, 163153, 163155, 163157, 163159, 163163, 163167, 163169, 163171, 163173, 163175, 163177, 163179, 163181, 163183, 163185, 163189, 163191, 163193, 163195, 163197, 163199, 163201, 163203, 163205, 163207, 163209, 163211, 163213, 163215, 163217, 163219, 163221, 163224, 163226, 163228, 163230, 163232]}",,OPCUA_RECURSIVE_BROWSE,True
1786333445000,1786333450000,OPCUA_RECURSIVE_BROWSE,OPCUA_RECURSIVE_BROWSE#c21,"[""OPCUA_RECURSIVE_BROWSE""]","{""OPCUA_RECURSIVE_BROWSE#c21"": [163258, 163267, 163269, 163271, 163273, 163275, 163277, 163279, 163281, 163283, 163285, 163287, 163289, 163291, 163293, 163295, 163297, 163299, 163301, 163304, 163308, 163310, 163312, 163314, 163316, 163320, 163324, 163326, 163328, 163330, 163332, 163334, 163336, 163338, 163340, 163344, 163346, 163348, 163350, 163352, 163354, 163360, 163366, 163368, 163370, 163372, 163374, 163376, 163378, 163380, 163382, 163384, 163386, 163388, 163391, 163393, 163395, 163397, 163399, 163448, 163450]}",,OPCUA_RECURSIVE_BROWSE,True
1786333450000,1786333455000,benign,benign#chunk19,[],{},,,False
1786333455000,1786333460000,benign,benign#chunk19,[],{},,,False
1786333460000,1786333465000,benign,benign#chunk19,[],{},,,False
1786333465000,1786333470000,benign,benign#chunk19,[],{},,,False
1786333470000,1786333475000,benign,benign#chunk19,[],{},,,False
1786333475000,1786333480000,benign,benign#chunk19,[],{},,,False
1786333480000,1786333485000,benign,benign#chunk19,[],{},,,False
1786333485000,1786333490000,benign,benign#chunk19,[],{},,,False
1786333490000,1786333495000,benign,benign#chunk19,[],{},,,False
1786333495000,1786333500000,benign,benign#chunk20,[],{},,,False
1786333500000,1786333505000,benign,benign#chunk20,[],{},,,False
1786333505000,1786333510000,OPCUA_BEHAVIORAL_PROFILING,OPCUA_BEHAVIORAL_PROFILING#c22,"[""OPCUA_BEHAVIORAL_PROFILING""]","{""OPCUA_BEHAVIORAL_PROFILING#c22"": [168322, 168324, 168327, 168329, 168341, 168342, 168349, 168367, 168373, 168375, 168377, 168379, 168477, 168481, 168577, 168646, 168656]}",,OPCUA_BEHAVIORAL_PROFILING,True
1786333510000,1786333515000,OPCUA_BEHAVIORAL_PROFILING,OPCUA_BEHAVIORAL_PROFILING#c22,"[""OPCUA_BEHAVIORAL_PROFILING""]","{""OPCUA_BEHAVIORAL_PROFILING#c22"": [168705, 168782, 168866, 168989, 169096]}",,OPCUA_BEHAVIORAL_PROFILING,True
1786333515000,1786333520000,OPCUA_BEHAVIORAL_PROFILING,OPCUA_BEHAVIORAL_PROFILING#c22,"[""OPCUA_BEHAVIORAL_PROFILING""]","{""OPCUA_BEHAVIORAL_PROFILING#c22"": [169221, 169312, 169400, 169401, 169491, 169662]}",,OPCUA_BEHAVIORAL_PROFILING,True
1786333520000,1786333525000,OPCUA_BEHAVIORAL_PROFILING,OPCUA_BEHAVIORAL_PROFILING#c22,"[""OPCUA_BEHAVIORAL_PROFILING""]","{""OPCUA_BEHAVIORAL_PROFILING#c22"": [169745, 169746, 169833, 169886, 169960, 169961, 170050]}",,OPCUA_BEHAVIORAL_PROFILING,True
1786333525000,1786333530000,OPCUA_BEHAVIORAL_PROFILING,OPCUA_BEHAVIORAL_PROFILING#c22,"[""OPCUA_BEHAVIORAL_PROFILING""]","{""OPCUA_BEHAVIORAL_PROFILING#c22"": [170140, 170226, 170227, 170310, 170381, 170461]}",,OPCUA_BEHAVIORAL_PROFILING,True
1786333530000,1786333535000,OPCUA_BEHAVIORAL_PROFILING,OPCUA_BEHAVIORAL_PROFILING#c22,"[""OPCUA_BEHAVIORAL_PROFILING""]","{""OPCUA_BEHAVIORAL_PROFILING#c22"": [170536, 170620, 170704, 170754, 170830, 170833]}",,OPCUA_BEHAVIORAL_PROFILING,True
1786333535000,1786333540000,OPCUA_BEHAVIORAL_PROFILING,OPCUA_BEHAVIORAL_PROFILING#c22,"[""OPCUA_BEHAVIORAL_PROFILING""]","{""OPCUA_BEHAVIORAL_PROFILING#c22"": [170919, 171007, 171091, 171094, 171166, 171253]}",,OPCUA_BEHAVIORAL_PROFILING,True
1786333540000,1786333545000,OPCUA_BEHAVIORAL_PROFILING,OPCUA_BEHAVIORAL_PROFILING#c22,"[""OPCUA_BEHAVIORAL_PROFILING""]","{""OPCUA_BEHAVIORAL_PROFILING#c22"": [171329, 171332, 171410, 171494, 171529, 171544, 171629, 171633, 171635]}",,OPCUA_BEHAVIORAL_PROFILING,True
1786333545000,1786333550000,benign,benign#chunk20,[],{},,,False
1786333550000,1786333555000,benign,benign#chunk20,[],{},,,False
1786333555000,1786333560000,benign,benign#chunk20,[],{},,,False
1786333560000,1786333565000,benign,benign#chunk20,[],{},,,False
1786333565000,1786333570000,benign,benign#chunk20,[],{},,,False
1786333570000,1786333575000,benign,benign#chunk20,[],{},,,False
1786333575000,1786333580000,benign,benign#chunk20,[],{},,,False
1786333580000,1786333585000,benign,benign#chunk20,[],{},,,False
1786333585000,1786333590000,benign,benign#chunk20,[],{},,,False
1786333590000,1786333595000,benign,benign#chunk20,[],{},,,False
1786333595000,1786333600000,benign,benign#chunk21,[],{},,,False
1786333600000,1786333605000,OPCUA_READ_SCRAPING,OPCUA_READ_SCRAPING#c23,"[""OPCUA_READ_SCRAPING""]","{""OPCUA_READ_SCRAPING#c23"": [176830, 176832, 176836, 176843, 176845, 176859, 176876, 176878, 176880, 176882, 176893, 176895, 176897, 176899, 176903, 176907, 176940, 176943, 176945, 176947, 176949, 176953, 176968, 176970, 176972, 176974, 176976, 176978, 176985, 176987, 176989, 176991, 176993, 176995, 177001, 177003, 177005, 177007, 177009, 177011]}",,OPCUA_READ_SCRAPING,True
1786333605000,1786333610000,OPCUA_READ_SCRAPING,OPCUA_READ_SCRAPING#c23,"[""OPCUA_READ_SCRAPING""]","{""OPCUA_READ_SCRAPING#c23"": [177024, 177031, 177033, 177035, 177037, 177039, 177043, 177053, 177055, 177057, 177059, 177061, 177067, 177069, 177072, 177075, 177079, 177081, 177084, 177086, 177088, 177090, 177092, 177094, 177109, 177111, 177113, 177117, 177121, 177123, 177126, 177127, 177132, 177134, 177136, 177138, 177140, 177145, 177147, 177149, 177151, 177153, 177155, 177159, 177161, 177163, 177165, 177167, 177171, 177182, 177184, 177186, 177188, 177190, 177192, 177237, 177239, 177241, 177243, 177245, 177249, 177252, 177254, 177256, 177258, 177260, 177262, 177269, 177271, 177273, 177275, 177277, 177279, 177284, 177286, 177288, 177290, 177294, 177306, 177317, 177319, 177321, 177323, 177325, 177327, 177336, 177338, 177340, 177342, 177344, 177346, 177350, 177352, 177354, 177356, 177360, 177362, 177364, 177367, 177369, 177371, 177373, 177376, 177378, 177381, 177383, 177385, 177387, 177389, 177391, 177394, 177396, 177398, 177400, 177402, 177408, 177415, 177417, 177419, 177421, 177423, 177425, 177432, 177438, 177444, 177450, 177454, 177462, 177483, 177487, 177489, 177491, 177493, 177495, 177503, 177505, 177507, 177509, 177511, 177513, 177519, 177521, 177527, 177529, 177531, 177533, 177540, 177542, 177544, 177546, 177550, 177552, 177557, 177559, 177565, 177567, 177569, 177571, 177574, 177576, 177578, 177580, 177582, 177584, 177587, 177588, 177593, 177595, 177597, 177599, 177601, 177606, 177608, 177610, 177612, 177614, 177616, 177624, 177626, 177628, 177630, 177632, 177634, 177645, 177647, 177649, 177651, 177653, 177655, 177660, 177662, 177664, 177666, 177668, 177670, 177675, 177677, 177681, 177685, 177687, 177689, 177720, 177726, 177730, 177736, 177738, 177740, 177753, 177755, 177757, 177759, 177761, 177763, 177768, 177770, 177772, 177774, 177776, 177778, 177781, 177783, 177785, 177787, 177789, 177791, 177794, 177796, 177798, 177800, 177802, 177804, 177807, 177808, 177813, 177815, 177817, 177825, 177830, 177833, 177835, 177837, 177839, 177841, 177843, 177850, 177852, 177854, 177856, 177858, 177860, 177873, 177875, 177877, 177879, 177881, 177883, 177890, 177892, 177894, 177896, 177898, 177900, 177905, 177909, 177913, 177915, 177917, 177919, 177928, 177939, 177941, 177943, 177945, 177947, 177971, 177977, 177981, 177987, 177991, 177993, 178006, 178008, 178010, 178012, 178014, 178018, 178021, 178023, 178025, 178027, 178029, 178031, 178034, 178036, 178038, 178040, 178042, 178044, 178047, 178048, 178051, 178055, 178057, 178059, 178061, 178064, 178066, 178068, 178070, 178072, 178074, 178081, 178083, 178085, 178087, 178089, 178091, 178098, 178100, 178102, 178104, 178106, 178108, 178117, 178119, 178121, 178123, 178125, 178127, 178132, 178134, 178136, 178138, 178140, 178142]}",,OPCUA_READ_SCRAPING,True
1786333610000,1786333615000,OPCUA_READ_SCRAPING,OPCUA_READ_SCRAPING#c23,"[""OPCUA_READ_SCRAPING""]","{""OPCUA_READ_SCRAPING#c23"": [178147, 178149, 178155, 178157, 178159, 178161, 178168, 178170, 178172, 178174, 178176, 178178, 178187, 178193, 178199, 178205, 178211, 178217, 178234, 178236, 178238, 178240, 178242, 178246, 178249, 178251, 178253, 178255, 178257, 178259, 178273, 178274, 178279, 178281, 178283, 178285, 178287, 178290, 178292, 178294, 178296, 178298, 178300, 178307, 178309, 178319, 178321, 178323, 178325, 178332, 178334, 178336, 178340, 178342, 178344, 178347, 178349, 178351, 178353, 178357, 178359, 178362, 178364, 178366, 178368, 178370, 178372, 178379, 178383, 178385, 178387, 178389, 178391, 178396, 178398, 178400, 178402, 178406, 178408, 178413, 178415, 178417, 178419, 178421, 178423, 178430, 178434, 178438, 178440, 178442, 178444, 178467, 178469, 178471, 178475, 178479, 178481, 178487, 178489, 178491, 178497, 178506, 178508, 178510, 178513, 178515, 178517, 178519, 178521, 178525, 178540, 178542, 178544, 178546, 178548, 178550, 178557, 178559, 178561, 178563, 178565, 178567, 178572, 178574, 178576, 178578, 178580, 178582, 178585, 178587, 178589, 178591, 178593, 178595, 178598, 178600, 178606, 178608, 178610, 178612, 178621, 178623, 178625, 178627, 178629, 178631, 178636, 178638, 178640, 178642, 178644, 178646, 178651, 178653, 178655, 178657, 178659, 178661, 178664, 178666, 178668, 178670, 178672, 178674, 178679, 178680, 178685, 178687, 178691, 178697, 178703, 178732, 178734, 178738, 178742, 178744, 178746, 178764, 178766, 178768, 178776, 178778, 178781, 178784, 178786, 178788, 178790, 178792, 178796, 178800, 178802, 178804, 178806, 178808, 178810, 178816, 178818, 178820, 178822, 178824, 178826, 178829, 178831, 178833, 178835, 178837, 178839, 178848, 178850, 178852, 178854, 178856, 178858, 178863, 178865, 178867, 178869, 178871, 178873, 178878, 178880, 178882, 178884, 178886, 178888, 178891, 178893, 178899, 178901, 178903, 178905, 178907, 178909, 178911, 178913, 178915, 178917, 178919, 178924]}",,OPCUA_READ_SCRAPING,True
1786333615000,1786333620000,benign,benign#chunk21,[],{},,,False
1786333620000,1786333625000,benign,benign#chunk21,[],{},,,False
1786333625000,1786333630000,benign,benign#chunk21,[],{},,,False
1786333630000,1786333635000,benign,benign#chunk21,[],{},,,False
1786333635000,1786333640000,benign,benign#chunk21,[],{},,,False
1786333640000,1786333645000,benign,benign#chunk21,[],{},,,False
1786333645000,1786333650000,benign,benign#chunk21,[],{},,,False
1786333650000,1786333655000,benign,benign#chunk21,[],{},,,False
1786333655000,1786333660000,benign,benign#chunk21,[],{},,,False
1786333660000,1786333665000,benign,benign#chunk21,[],{},,,False
1786333665000,1786333670000,benign,benign#chunk21,[],{},,,False
1786333670000,1786333675000,OPCUA_BEHAVIORAL_PROFILING,OPCUA_BEHAVIORAL_PROFILING#c24,"[""OPCUA_BEHAVIORAL_PROFILING""]","{""OPCUA_BEHAVIORAL_PROFILING#c24"": [183846, 183848, 183851, 183853, 183871, 183872, 183879, 183894, 183896, 183898, 183900, 183911, 184023, 184045]}",,OPCUA_BEHAVIORAL_PROFILING,True
1786333675000,1786333680000,OPCUA_BEHAVIORAL_PROFILING,OPCUA_BEHAVIORAL_PROFILING#c24,"[""OPCUA_BEHAVIORAL_PROFILING""]","{""OPCUA_BEHAVIORAL_PROFILING#c24"": [184186, 184269, 184273, 184402, 184512, 184617, 184618]}",,OPCUA_BEHAVIORAL_PROFILING,True
1786333680000,1786333685000,OPCUA_BEHAVIORAL_PROFILING,OPCUA_BEHAVIORAL_PROFILING#c24,"[""OPCUA_BEHAVIORAL_PROFILING""]","{""OPCUA_BEHAVIORAL_PROFILING#c24"": [184702, 184789, 184883, 184958, 185045]}",,OPCUA_BEHAVIORAL_PROFILING,True
1786333685000,1786333690000,OPCUA_BEHAVIORAL_PROFILING,OPCUA_BEHAVIORAL_PROFILING#c24,"[""OPCUA_BEHAVIORAL_PROFILING""]","{""OPCUA_BEHAVIORAL_PROFILING#c24"": [185116, 185168, 185249, 185254, 185326, 185410]}",,OPCUA_BEHAVIORAL_PROFILING,True
1786333690000,1786333695000,OPCUA_BEHAVIORAL_PROFILING,OPCUA_BEHAVIORAL_PROFILING#c24,"[""OPCUA_BEHAVIORAL_PROFILING""]","{""OPCUA_BEHAVIORAL_PROFILING#c24"": [185482, 185490, 185575, 185681, 185754, 185772, 185856]}",,OPCUA_BEHAVIORAL_PROFILING,True
1786333695000,1786333700000,OPCUA_BEHAVIORAL_PROFILING,OPCUA_BEHAVIORAL_PROFILING#c24,"[""OPCUA_BEHAVIORAL_PROFILING""]","{""OPCUA_BEHAVIORAL_PROFILING#c24"": [185909, 185963, 185974, 186064, 186144, 186313]}",,OPCUA_BEHAVIORAL_PROFILING,True
1786333700000,1786333705000,OPCUA_BEHAVIORAL_PROFILING,OPCUA_BEHAVIORAL_PROFILING#c24,"[""OPCUA_BEHAVIORAL_PROFILING""]","{""OPCUA_BEHAVIORAL_PROFILING#c24"": [186399, 186470, 186548, 186639, 186738, 186745]}",,OPCUA_BEHAVIORAL_PROFILING,True
1786333705000,1786333710000,OPCUA_BEHAVIORAL_PROFILING,OPCUA_BEHAVIORAL_PROFILING#c24,"[""OPCUA_BEHAVIORAL_PROFILING""]","{""OPCUA_BEHAVIORAL_PROFILING#c24"": [186821, 186855, 186860, 186951, 187027, 187096, 187110]}",,OPCUA_BEHAVIORAL_PROFILING,True
1786333710000,1786333715000,OPCUA_BEHAVIORAL_PROFILING,OPCUA_BEHAVIORAL_PROFILING#c24,"[""OPCUA_BEHAVIORAL_PROFILING""]","{""OPCUA_BEHAVIORAL_PROFILING#c24"": [187181, 187193, 187263, 187267, 187269]}",,OPCUA_BEHAVIORAL_PROFILING,True
1786333715000,1786333720000,benign,benign#chunk22,[],{},,,False
1786333720000,1786333725000,benign,benign#chunk22,[],{},,,False
1786333725000,1786333730000,benign,benign#chunk22,[],{},,,False
1786333730000,1786333735000,benign,benign#chunk22,[],{},,,False
1786333735000,1786333740000,benign,benign#chunk22,[],{},,,False
1786333740000,1786333745000,benign,benign#chunk22,[],{},,,False
1786333745000,1786333750000,benign,benign#chunk22,[],{},,,False
1786333750000,1786333755000,benign,benign#chunk22,[],{},,,False
1786333755000,1786333760000,benign,benign#chunk22,[],{},,,False
1786333760000,1786333765000,benign,benign#chunk22,[],{},,,False
1786333765000,1786333770000,benign,benign#chunk22,[],{},,,False
1786333770000,1786333775000,OPCUA_INVALID_WRITE,OPCUA_INVALID_WRITE#c25,"[""OPCUA_INVALID_WRITE""]","{""OPCUA_INVALID_WRITE#c25"": [192389, 192391, 192393, 192396, 192398, 192412, 192426]}",,OPCUA_INVALID_WRITE,True
1786333775000,1786333780000,benign,benign#chunk22,[],{},,,False
1786333780000,1786333785000,benign,benign#chunk23,[],{},,,False
1786333785000,1786333790000,benign,benign#chunk23,[],{},,,False
1786333790000,1786333795000,benign,benign#chunk23,[],{},,,False
1786333795000,1786333800000,benign,benign#chunk23,[],{},,,False
1786333800000,1786333805000,benign,benign#chunk23,[],{},,,False
1786333805000,1786333810000,benign,benign#chunk23,[],{},,,False
1786333810000,1786333815000,benign,benign#chunk23,[],{},,,False
1786333815000,1786333820000,benign,benign#chunk23,[],{},,,False
1786333820000,1786333825000,benign,benign#chunk23,[],{},,,False
1786333825000,1786333830000,benign,benign#chunk23,[],{},,,False
1786333830000,1786333835000,OPCUA_READ_SCRAPING,OPCUA_READ_SCRAPING#c26,"[""OPCUA_READ_SCRAPING""]","{""OPCUA_READ_SCRAPING#c26"": [197343, 197345, 197348, 197358, 197372, 197378, 197380, 197382, 197384, 197388, 197390, 197392, 197395, 197397, 197399, 197414, 197420, 197422, 197424, 197426, 197428, 197437, 197439, 197441, 197447, 197449, 197452, 197456, 197458, 197469, 197475, 197477, 197481, 197490, 197492, 197496, 197500, 197502, 197504, 197523, 197529, 197535, 197539, 197541, 197543, 197554, 197556, 197558, 197560, 197564, 197566, 197569, 197571, 197573, 197575, 197577, 197579, 197600, 197602, 197605, 197607, 197609, 197611, 197614, 197616, 197618, 197620, 197622, 197624, 197626, 197627, 197632, 197634, 197636, 197638, 197640, 197644, 197646, 197648, 197650, 197652, 197654, 197665, 197671, 197673, 197675, 197677, 197687, 197693, 197695, 197697, 197699, 197701, 197703, 197710, 197712, 197714, 197716, 197720, 197724, 197729, 197731, 197733, 197735, 197737, 197739, 197742, 197744, 197746, 197748, 197750, 197752, 197775, 197777, 197779, 197781, 197783, 197785, 197819, 197822, 197824, 197828, 197830, 197832, 197847, 197849, 197851, 197853, 197855, 197857, 197864, 197866, 197868, 197870, 197872, 197874, 197880, 197881, 197884, 197888, 197890, 197892, 197894, 197901, 197903, 197905, 197907, 197909, 197911, 197918, 197922, 197924, 197926, 197928, 197930, 197937, 197939, 197941, 197945, 197947, 197949, 197952, 197954, 197956, 197958, 197960, 197962, 197978, 197980, 197982, 197986, 197988, 197990, 197995, 197997, 197999, 198001, 198003, 198005, 198008, 198010, 198012, 198014, 198016, 198018, 198021, 198023, 198025, 198027, 198029, 198031, 198040, 198044, 198046, 198048, 198050, 198052, 198079, 198081, 198083, 198087, 198091, 198093, 198104, 198105, 198108, 198114, 198116, 198118, 198120, 198125, 198127, 198129, 198131, 198133, 198135]}",,OPCUA_READ_SCRAPING,True
1786333835000,1786333840000,OPCUA_READ_SCRAPING,OPCUA_READ_SCRAPING#c26,"[""OPCUA_READ_SCRAPING""]","{""OPCUA_READ_SCRAPING#c26"": [198144, 198146, 198148, 198150, 198152, 198156, 198159, 198161, 198163, 198165, 198167, 198169, 198196, 198198, 198200, 198202, 198204, 198207, 198219, 198223, 198225, 198227, 198229, 198231, 198234, 198236, 198238, 198240, 198242, 198244, 198247, 198251, 198253, 198255, 198257, 198259, 198262, 198264, 198266, 198268, 198270, 198272, 198275, 198277, 198281, 198289, 198291, 198293, 198300, 198302, 198304, 198306, 198308, 198310, 198335, 198336, 198345, 198351, 198355, 198359, 198361, 198370, 198372, 198374, 198376, 198378, 198384, 198387, 198389, 198391, 198393, 198395, 198397, 198400, 198402, 198404, 198406, 198408, 198410, 198417, 198419, 198421, 198423, 198425, 198427, 198434, 198436, 198438, 198440, 198444, 198446, 198449, 198451, 198453, 198455, 198457, 198459, 198470, 198472, 198474, 198476, 198478, 198480, 198483, 198485, 198487, 198489, 198491, 198493, 198500, 198502, 198508, 198510, 198512, 198514, 198517, 198519, 198521, 198527, 198529, 198531, 198534, 198535, 198540, 198542, 198544, 198546, 198548, 198577, 198583, 198587, 198589, 198593, 198595, 198608, 198610, 198612, 198614, 198616, 198618, 198625, 198627, 198629, 198631, 198633, 198635, 198642, 198644, 198646, 198648, 198650, 198652, 198665, 198667, 198669, 198671, 198673, 198677, 198682, 198684, 198686, 198688, 198690, 198692, 198695, 198697, 198699, 198701, 198707, 198709, 198712, 198714, 198716, 198718, 198720, 198722, 198725, 198733, 198735, 198737, 198739, 198741, 198744, 198746, 198748, 198750, 198754, 198756, 198759, 198760, 198763, 198767, 198769, 198771, 198773, 198776, 198778, 198780, 198782, 198784, 198786, 198829, 198831, 198833, 198835, 198837, 198839, 198857, 198859, 198861, 198865, 198867, 198869, 198872, 198874, 198876, 198878, 198880, 198882, 198887, 198889, 198891, 198897, 198899, 198901, 198908, 198910, 198912, 198914, 198916, 198918, 198927, 198929, 198931, 198933, 198935, 198937, 198940, 198942, 198944, 198946, 198948, 198950, 198955, 198957, 198959, 198961, 198963, 198965, 198976, 198978, 198980, 198982, 198984, 198986, 198989, 198991, 198993, 198995, 198997, 198999, 199001, 199002, 199007, 199009, 199011, 199013, 199015, 199018, 199020, 199022, 199024, 199026, 199032, 199037, 199039, 199041, 199043, 199045, 199047, 199084, 199086, 199088, 199092, 199096, 199098, 199106, 199108, 199110, 199112, 199114, 199116, 199127, 199129, 199131, 199133, 199135, 199137, 199148, 199150, 199152, 199154, 199156, 199158, 199163, 199165, 199167, 199169, 199171, 199173, 199176, 199178, 199180, 199182, 199184, 199186, 199197, 199199, 199205, 199207, 199209, 199211, 199214, 199216, 199218, 199220, 199222, 199224, 199227, 199229, 199231, 199233, 199237, 199238, 199243, 199246, 199248, 199250, 199252, 199254, 199256]}",,OPCUA_READ_SCRAPING,True
1786333840000,1786333845000,OPCUA_READ_SCRAPING,OPCUA_READ_SCRAPING#c26,"[""OPCUA_READ_SCRAPING""]","{""OPCUA_READ_SCRAPING#c26"": [199263, 199265, 199267, 199269, 199271, 199273, 199276, 199278, 199280, 199282, 199288, 199294, 199327, 199329, 199331, 199335, 199339, 199341, 199354, 199356, 199358, 199360, 199362, 199364, 199369, 199371, 199373, 199375, 199377, 199379, 199386, 199388, 199390, 199392, 199394, 199396, 199399, 199401, 199403, 199405, 199407, 199409, 199430, 199432, 199434, 199436, 199438, 199440, 199443, 199445, 199447, 199449, 199451, 199453, 199460]}",,OPCUA_READ_SCRAPING,True
1786333845000,1786333850000,benign,benign#chunk23,[],{},,,False
1786333850000,1786333855000,benign,benign#chunk23,[],{},,,False
1786333855000,1786333860000,benign,benign#chunk24,[],{},,,False
1786333860000,1786333865000,benign,benign#chunk24,[],{},,,False
1786333865000,1786333870000,benign,benign#chunk24,[],{},,,False
1786333870000,1786333875000,benign,benign#chunk24,[],{},,,False
1786333875000,1786333880000,benign,benign#chunk24,[],{},,,False
1786333880000,1786333885000,benign,benign#chunk24,[],{},,,False
1786333885000,1786333890000,benign,benign#chunk24,[],{},,,False
1786333890000,1786333895000,benign,benign#chunk24,[],{},,,False
1786333895000,1786333900000,benign,benign#chunk24,[],{},,,False
1786333900000,1786333905000,OPCUA_INVALID_WRITE,OPCUA_INVALID_WRITE#c27,"[""OPCUA_INVALID_WRITE""]","{""OPCUA_INVALID_WRITE#c27"": [204354, 204356, 204358, 204361, 204363, 204377, 204393, 204399]}",,OPCUA_INVALID_WRITE,True
1786333905000,1786333910000,benign,benign#chunk24,[],{},,,False
1786333910000,1786333915000,benign,benign#chunk24,[],{},,,False
1786333915000,1786333920000,benign,benign#chunk24,[],{},,,False
1786333920000,1786333925000,benign,benign#chunk25,[],{},,,False
1786333925000,1786333930000,benign,benign#chunk25,[],{},,,False
1786333930000,1786333935000,benign,benign#chunk25,[],{},,,False
1786333935000,1786333940000,benign,benign#chunk25,[],{},,,False
1786333940000,1786333945000,benign,benign#chunk25,[],{},,,False
1786333945000,1786333950000,benign,benign#chunk25,[],{},,,False
1786333950000,1786333955000,benign,benign#chunk25,[],{},,,False
1786333955000,1786333960000,benign,benign#chunk25,[],{},,,False
1786333960000,1786333965000,OPCUA_SUBSCRIPTION_FLOOD,OPCUA_SUBSCRIPTION_FLOOD#c28,"[""OPCUA_SUBSCRIPTION_FLOOD""]","{""OPCUA_SUBSCRIPTION_FLOOD#c28"": [209730, 209732, 209734, 209737, 209739, 209753, 209754, 209761, 209885, 209889]}",,OPCUA_SUBSCRIPTION_FLOOD,True
1786333965000,1786333970000,OPCUA_SUBSCRIPTION_FLOOD,OPCUA_SUBSCRIPTION_FLOOD#c28,"[""OPCUA_SUBSCRIPTION_FLOOD""]","{""OPCUA_SUBSCRIPTION_FLOOD#c28"": [210007, 210082, 210167, 210260, 210321]}",,OPCUA_SUBSCRIPTION_FLOOD,True
1786333970000,1786333975000,OPCUA_SUBSCRIPTION_FLOOD,OPCUA_SUBSCRIPTION_FLOOD#c28,"[""OPCUA_SUBSCRIPTION_FLOOD""]","{""OPCUA_SUBSCRIPTION_FLOOD#c28"": [210368, 210460, 210531, 210618, 210620, 210624, 210626]}",,OPCUA_SUBSCRIPTION_FLOOD,True
1786333975000,1786333980000,OPCUA_SUBSCRIPTION_FLOOD,OPCUA_SUBSCRIPTION_FLOOD#c28,[],{},attack_without_in_interval_event_evidence,OPCUA_SUBSCRIPTION_FLOOD,True
1786333980000,1786333985000,benign,benign#chunk25,[],{},,,False
1786333985000,1786333990000,benign,benign#chunk25,[],{},,,False
1786333990000,1786333995000,benign,benign#chunk25,[],{},,,False
1786333995000,1786334000000,benign,benign#chunk25,[],{},,,False
1786334000000,1786334005000,benign,benign#chunk26,[],{},,,False
1786334005000,1786334010000,benign,benign#chunk26,[],{},,,False
1786334010000,1786334015000,benign,benign#chunk26,[],{},,,False
1786334015000,1786334020000,benign,benign#chunk26,[],{},,,False
1786334020000,1786334025000,benign,benign#chunk26,[],{},,,False
1786334025000,1786334030000,benign,benign#chunk26,[],{},,,False
1786334030000,1786334035000,benign,benign#chunk26,[],{},,,False
1786334035000,1786334040000,OPCUA_PROTOCOL_FUZZ,OPCUA_PROTOCOL_FUZZ#c29,"[""OPCUA_PROTOCOL_FUZZ""]","{""OPCUA_PROTOCOL_FUZZ#c29"": [215570, 215776, 215826, 215937]}",,OPCUA_PROTOCOL_FUZZ,True
1786334040000,1786334045000,benign,benign#chunk26,[],{},,,False
1786334045000,1786334050000,benign,benign#chunk26,[],{},,,False
1786334050000,1786334055000,benign,benign#chunk26,[],{},,,False
1786334055000,1786334060000,benign,benign#chunk26,[],{},,,False
1786334060000,1786334065000,benign,benign#chunk26,[],{},,,False
1786334065000,1786334070000,benign,benign#chunk27,[],{},,,False
1786334070000,1786334075000,benign,benign#chunk27,[],{},,,False
1786334075000,1786334080000,benign,benign#chunk27,[],{},,,False
1786334080000,1786334085000,benign,benign#chunk27,[],{},,,False
1786334085000,1786334090000,benign,benign#chunk27,[],{},,,False
1786334090000,1786334095000,benign,benign#chunk27,[],{},,,False
1786334095000,1786334100000,benign,benign#chunk27,[],{},,OPCUA_SESSION_BURST,False
1786334100000,1786334105000,OPCUA_SESSION_BURST,OPCUA_SESSION_BURST#c30,"[""OPCUA_SESSION_BURST""]","{""OPCUA_SESSION_BURST#c30"": [221102, 221110, 221114, 221116, 221119, 221121, 221141, 221155, 221244, 221247, 221249, 221251, 221254, 221256, 221270, 221284, 221353, 221356, 221358, 221360, 221365, 221367, 221381, 221395, 221480, 221485, 221495, 221501, 221508, 221510, 221524, 221538, 221579, 221582, 221584, 221586, 221589, 221591, 221605, 221615]}",,OPCUA_SESSION_BURST,True
1786334105000,1786334110000,benign,benign#chunk27,[],{},,OPCUA_SESSION_BURST,False
1786334110000,1786334115000,benign,benign#chunk27,[],{},,,False
1786334115000,1786334120000,benign,benign#chunk27,[],{},,,False
1786334120000,1786334125000,benign,benign#chunk27,[],{},,,False
1786334125000,1786334130000,benign,benign#chunk27,[],{},,,False
1786334130000,1786334135000,benign,benign#chunk28,[],{},,,False
1786334135000,1786334140000,benign,benign#chunk28,[],{},,,False
1786334140000,1786334145000,benign,benign#chunk28,[],{},,,False
1786334145000,1786334150000,benign,benign#chunk28,[],{},,,False
1786334150000,1786334155000,benign,benign#chunk28,[],{},,,False
1786334155000,1786334160000,benign,benign#chunk28,[],{},,,False
1786334160000,1786334165000,benign,benign#chunk28,[],{},,,False
1786334165000,1786334170000,OPCUA_ENDPOINT_DISCOVERY,OPCUA_ENDPOINT_DISCOVERY#c31,"[""OPCUA_ENDPOINT_DISCOVERY""]","{""OPCUA_ENDPOINT_DISCOVERY#c31"": [226935, 226937, 226942, 226951, 226965, 226979, 226983]}",,OPCUA_ENDPOINT_DISCOVERY,True
1786334170000,1786334175000,benign,benign#chunk28,[],{},,,False
1786334175000,1786334180000,benign,benign#chunk28,[],{},,,False
1786334180000,1786334185000,benign,benign#chunk28,[],{},,,False
1786334185000,1786334190000,benign,benign#chunk28,[],{},,,False
1786334190000,1786334195000,benign,benign#chunk28,[],{},,,False
1786334195000,1786334200000,benign,benign#chunk29,[],{},,,True
1786334200000,1786334205000,benign,benign#chunk29,[],{},,,False
1786334205000,1786334210000,benign,benign#chunk29,[],{},,,False
1786334210000,1786334215000,benign,benign#chunk29,[],{},,,False
1786334215000,1786334220000,benign,benign#chunk29,[],{},,,False
1786334220000,1786334225000,benign,benign#chunk29,[],{},,,False
1786334225000,1786334230000,OPCUA_RECURSIVE_BROWSE,OPCUA_RECURSIVE_BROWSE#c32,"[""OPCUA_RECURSIVE_BROWSE""]","{""OPCUA_RECURSIVE_BROWSE#c32"": [232000, 232002, 232006, 232008, 232022, 232046, 232049, 232051, 232053, 232055, 232057, 232059, 232061, 232063, 232065, 232069, 232073, 232075, 232077, 232079, 232081, 232083, 232085, 232087, 232089, 232095, 232099, 232101, 232103, 232105, 232107, 232109, 232111, 232113, 232115, 232117, 232123, 232125, 232127, 232129, 232131, 232133, 232135, 232137, 232139, 232141, 232143, 232145, 232147]}",,OPCUA_RECURSIVE_BROWSE,True
1786334230000,1786334235000,OPCUA_RECURSIVE_BROWSE,OPCUA_RECURSIVE_BROWSE#c32,"[""OPCUA_RECURSIVE_BROWSE""]","{""OPCUA_RECURSIVE_BROWSE#c32"": [232149, 232151, 232153, 232155, 232157, 232159, 232161, 232164, 232166, 232168, 232170, 232172, 232223, 232225, 232227, 232229, 232231, 232233, 232235, 232237, 232239, 232241, 232243, 232245, 232247, 232249, 232251, 232257, 232259, 232261, 232263, 232265, 232267, 232273, 232275, 232277, 232279, 232281, 232283, 232285, 232287, 232288, 232293, 232295, 232297, 232299, 232301, 232303, 232305, 232307, 232309, 232311, 232313, 232317, 232331, 232341, 232343, 232345, 232347, 232349, 232351, 232357, 232359, 232361, 232363, 232369, 232372, 232374, 232376, 232378, 232380, 232431, 232433, 232435, 232437, 232439, 232441, 232443, 232445, 232447, 232449, 232451, 232453, 232455, 232457, 232459, 232461, 232463, 232465, 232467, 232469, 232471, 232473, 232475, 232477, 232479, 232481, 232483, 232485, 232487, 232489, 232491, 232493, 232495, 232497, 232499, 232501, 232503, 232505, 232507, 232509, 232511, 232513, 232515, 232517, 232519, 232521, 232523, 232525, 232531, 232533, 232535, 232537, 232539, 232542, 232544, 232550, 232556, 232558, 232564, 232585, 232587, 232589, 232591, 232593, 232595, 232597, 232599, 232601, 232603, 232605, 232607, 232609, 232611, 232615, 232617, 232619, 232621, 232623, 232625, 232627, 232629, 232631, 232633, 232637, 232643, 232649, 232655, 232661, 232667, 232673, 232679, 232683, 232685, 232687, 232689, 232691, 232697, 232699, 232701, 232703, 232705, 232707, 232709, 232711, 232713, 232717, 232719, 232721, 232723, 232725, 232727, 232729, 232732, 232734, 232736, 232738, 232740, 232755, 232773, 232777, 232779, 232781, 232783, 232785, 232787, 232789, 232791, 232793, 232795, 232797, 232799, 232801, 232803, 232805, 232807, 232809, 232811, 232813, 232815, 232817, 232819, 232821, 232823, 232825, 232827, 232829, 232831, 232833, 232837, 232839, 232841, 232843, 232845, 232847, 232849, 232851, 232853, 232855, 232857, 232859, 232861, 232863, 232865, 232867, 232869, 232871, 232873, 232875, 232877, 232879, 232881, 232884, 232886, 232888, 232890, 232892, 232947, 232954, 232956, 232958, 232960, 232962, 232964, 232966, 232968, 232970, 232972, 232976, 232980, 232982, 232984, 232986, 232988, 232990, 232992, 232994, 232996, 232998, 233002, 233004, 233006, 233008, 233010, 233012, 233014, 233016, 233018, 233020, 233022, 233024, 233026, 233028, 233030, 233032, 233034, 233036, 233038, 233040, 233042, 233044, 233046, 233048, 233050, 233052, 233054, 233056, 233058, 233060, 233064, 233066, 233069, 233073, 233075, 233077, 233079, 233131, 233137, 233139, 233141, 233143, 233145, 233153, 233155, 233157, 233159, 233162, 233166, 233174, 233177, 233179, 233181, 233183, 233185, 233187, 233189, 233191, 233193, 233195, 233197, 233199, 233201, 233202, 233207, 233209, 233211, 233213, 233215, 233217, 233221, 233223, 233225, 233227, 233229, 233231, 233233, 233235, 233237, 233239, 233241, 233243, 233245, 233247, 233249, 233251, 233253, 233255, 233257, 233259, 233261, 233264, 233266, 233272, 233274, 233276]}",,OPCUA_RECURSIVE_BROWSE,True
1786334235000,1786334240000,OPCUA_RECURSIVE_BROWSE,OPCUA_RECURSIVE_BROWSE#c32,"[""OPCUA_RECURSIVE_BROWSE""]","{""OPCUA_RECURSIVE_BROWSE#c32"": [233297, 233299, 233301, 233303, 233305, 233307, 233309, 233311, 233313, 233315, 233317, 233319, 233323, 233325, 233327, 233329, 233331, 233333, 233335, 233337, 233339, 233341, 233343, 233345, 233347, 233349, 233351, 233353, 233355, 233357, 233359, 233361, 233363, 233365, 233367, 233369, 233371, 233373, 233375, 233377, 233379, 233381, 233385, 233391, 233397, 233407, 233413, 233419, 233429, 233435, 233439, 233441, 233443, 233446, 233448, 233450, 233453, 233461, 233472, 233519, 233521, 233523, 233525, 233527, 233529, 233531, 233533, 233535, 233537, 233539, 233541, 233543, 233545, 233547, 233549, 233551, 233553, 233555, 233557, 233559, 233561, 233563, 233567, 233569, 233571, 233573, 233575, 233577, 233579, 233581, 233583, 233585, 233587, 233589, 233591, 233593, 233595, 233597, 233599, 233601, 233603, 233605, 233607, 233609, 233611, 233613, 233615, 233617, 233619, 233621, 233623, 233625, 233628, 233630, 233634, 233636, 233640, 233651, 233702, 233704, 233706, 233708, 233710, 233716, 233718, 233720, 233722, 233724, 233726, 233728, 233730, 233736, 233738, 233740, 233742, 233744, 233746, 233748, 233750, 233752, 233754, 233756, 233758, 233760, 233764, 233766, 233768, 233770, 233772, 233774, 233776, 233778, 233780, 233782, 233784, 233786, 233788, 233790, 233792, 233794, 233798, 233804, 233806, 233808, 233812, 233814, 233816, 233818, 233820, 233822, 233824, 233827, 233831, 233833, 233835, 233837, 233862, 233867, 233869, 233871, 233873, 233875, 233879, 233883, 233889, 233895, 233901, 233907, 233913, 233923, 233931, 233937, 233939, 233941, 233943, 233947, 233951, 233953, 233955, 233957, 233959, 233961, 233963, 233967, 233971, 233975, 233977, 233979, 233981, 233983, 233985, 233987, 233989, 233991, 233993, 233995, 233997, 233999, 234001, 234003, 234005, 234007, 234009, 234011, 234013, 234015, 234017, 234019, 234021, 234023, 234026, 234030, 234032, 234034, 234036, 234051, 234053, 234055, 234057, 234059, 234061, 234063, 234065, 234067, 234069, 234071, 234073, 234075, 234077, 234079, 234080, 234083, 234087, 234094, 234096, 234098, 234100, 234102, 234104, 234106, 234108, 234110, 234112, 234114, 234117, 234119, 234121, 234123, 234125, 234127, 234129, 234131, 234133, 234135, 234137, 234139, 234141, 234143, 234145, 234147, 234149, 234151, 234153, 234159, 234161, 234163, 234165, 234167, 234169, 234174, 234178, 234180, 234182, 234184, 234328, 234330, 234332, 234334, 234336, 234338, 234344, 234346, 234348, 234350, 234352, 234354, 234356, 234358, 234365, 234367, 234370, 234372, 234374, 234376, 234378, 234380, 234382, 234384, 234386, 234388, 234390, 234392, 234394, 234396, 234398, 234400, 234402, 234404, 234406, 234408, 234414, 234416, 234420, 234424, 234426, 234428, 234430, 234432, 234434, 234436, 234438, 234440, 234442, 234444, 234446, 234448, 234450, 234454, 234456, 234458, 234460, 234461, 234464]}",,OPCUA_RECURSIVE_BROWSE,True
1786334240000,1786334245000,OPCUA_RECURSIVE_BROWSE,OPCUA_RECURSIVE_BROWSE#c32,"[""OPCUA_RECURSIVE_BROWSE""]","{""OPCUA_RECURSIVE_BROWSE#c32"": [234525, 234529, 234533, 234535, 234537, 234539, 234541, 234543, 234545, 234547, 234549, 234551, 234553, 234555, 234557, 234559, 234561, 234563, 234565, 234567, 234569, 234571, 234573, 234575, 234577, 234579, 234581, 234583, 234585, 234587, 234589, 234591, 234593, 234595, 234597, 234599, 234601, 234603, 234605, 234607, 234611, 234613, 234615, 234619, 234621, 234623, 234625, 234627, 234629, 234631, 234633, 234635, 234639, 234642, 234644, 234646, 234648, 234650, 234675, 234699, 234701, 234703, 234705, 234707, 234709, 234711, 234713, 234715, 234717, 234719, 234721, 234723, 234725, 234727, 234729, 234731, 234733, 234735, 234737, 234739, 234741, 234743, 234745, 234747, 234751, 234753, 234755, 234757, 234759, 234761, 234763, 234765, 234767, 234769, 234771, 234773, 234775, 234777, 234779, 234783, 234789, 234795, 234801, 234807, 234813, 234819, 234825, 234831, 234835, 234837, 234839, 234841, 234844, 234846, 234848, 234850, 234854, 234882, 234885, 234887, 234889, 234891, 234893, 234895, 234897, 234899, 234901, 234903, 234905, 234907, 234909, 234911, 234913, 234915, 234917, 234919, 234921, 234923, 234927, 234931, 234933, 234935, 234937, 234939, 234941, 234943, 234945, 234947, 234949, 234953, 234955, 234957, 234959, 234961, 234963, 234969, 234971, 234973, 234975, 234977, 234979, 234981, 234983, 234985, 234987, 234989, 234991, 234993, 234995, 234997, 235000, 235003, 235005, 235007, 235009, 235011, 235073, 235075, 235077, 235079, 235081, 235083, 235085, 235087, 235089, 235091, 235093, 235095, 235097, 235099, 235101, 235103, 235108, 235111, 235113, 235114, 235117, 235121, 235123, 235125, 235127, 235129, 235131, 235133, 235135, 235137, 235139, 235141, 235143, 235145, 235147, 235149, 235151, 235153, 235155, 235157, 235159, 235161, 235163, 235165, 235167, 235169, 235171, 235173, 235175, 235177, 235179, 235181, 235183, 235185, 235188, 235190, 235192, 235194, 235196, 235219, 235225, 235229, 235231, 235233, 235235, 235237, 235243, 235249, 235255, 235261, 235265, 235267, 235269, 235271, 235275, 235281, 235285, 235287, 235289, 235291, 235293, 235295, 235297, 235299, 235301, 235303, 235307, 235309, 235313, 235317, 235327, 235329, 235331, 235333, 235337, 235339, 235341, 235343, 235345, 235347, 235349, 235351, 235353, 235355, 235357, 235359, 235361, 235363, 235365, 235369, 235371, 235373, 235374, 235379, 235381, 235383, 235385, 235387, 235408, 235410, 235412, 235414, 235416, 235418, 235420, 235422, 235424, 235426, 235430, 235432, 235434, 235436, 235438, 235440, 235442, 235444, 235446, 235448, 235450, 235452, 235454, 235456, 235458, 235460, 235462, 235466, 235468, 235470, 235472, 235474, 235476, 235478, 235480, 235482, 235484, 235486, 235488, 235491, 235494, 235496, 235498, 235500, 235502, 235504, 235506, 235508, 235510, 235512, 235514, 235516, 235518, 235521, 235523, 235525, 235527, 235529, 235586]}",,OPCUA_RECURSIVE_BROWSE,True
1786334245000,1786334250000,OPCUA_RECURSIVE_BROWSE,OPCUA_RECURSIVE_BROWSE#c32,"[""OPCUA_RECURSIVE_BROWSE""]","{""OPCUA_RECURSIVE_BROWSE#c32"": [235601, 235603, 235605, 235607, 235609, 235611, 235613, 235615, 235617, 235619, 235621, 235625, 235627, 235629, 235631, 235633, 235635, 235641, 235643, 235645, 235647, 235649, 235651, 235653, 235655, 235657, 235659, 235661, 235665, 235669, 235671, 235673, 235675, 235677, 235679, 235681, 235683, 235685, 235687, 235689, 235691, 235693, 235695, 235698, 235700, 235702, 235704, 235706, 235708, 235710, 235712, 235714, 235716, 235719, 235721, 235723, 235725, 235727, 235758, 235791]}",,OPCUA_RECURSIVE_BROWSE,True
1786334250000,1786334255000,benign,benign#chunk29,[],{},,,False
1786334255000,1786334260000,benign,benign#chunk29,[],{},,,True
1786334260000,1786334265000,benign,benign#chunk29,[],{},,,False
1786334265000,1786334270000,benign,benign#chunk29,[],{},,,False
1786334270000,1786334275000,benign,benign#chunk29,[],{},,,False
1786334275000,1786334280000,benign,benign#chunk29,[],{},,,False
1786334280000,1786334285000,benign,benign#chunk30,[],{},,,False
1786334285000,1786334290000,benign,benign#chunk30,[],{},,,True
1786334290000,1786334295000,benign,benign#chunk30,[],{},,,False
1786334295000,1786334300000,benign,benign#chunk30,[],{},,,False
1786334300000,1786334305000,benign,benign#chunk30,[],{},,,False
1786334305000,1786334310000,OPCUA_INVALID_WRITE,OPCUA_INVALID_WRITE#c33,"[""OPCUA_INVALID_WRITE""]","{""OPCUA_INVALID_WRITE#c33"": [240851, 240853, 240857, 240860, 240862, 240878, 240898, 240904]}",,OPCUA_INVALID_WRITE,True
1786334310000,1786334315000,benign,benign#chunk30,[],{},,,False
1786334315000,1786334320000,benign,benign#chunk30,[],{},,,True
1786334320000,1786334325000,benign,benign#chunk30,[],{},,,False
1786334325000,1786334330000,benign,benign#chunk30,[],{},,,False
1786334330000,1786334335000,benign,benign#chunk30,[],{},,,False
1786334335000,1786334340000,benign,benign#chunk30,[],{},,,False
1786334340000,1786334345000,benign,benign#chunk30,[],{},,,False
1786334345000,1786334350000,benign,benign#chunk31,[],{},,,True
1786334350000,1786334355000,benign,benign#chunk31,[],{},,,False
1786334355000,1786334360000,benign,benign#chunk31,[],{},,,False
1786334360000,1786334365000,benign,benign#chunk31,[],{},,,False
1786334365000,1786334370000,OPCUA_READ_SCRAPING,OPCUA_READ_SCRAPING#c34,"[""OPCUA_READ_SCRAPING""]","{""OPCUA_READ_SCRAPING#c34"": [245838, 245840, 245842, 245845, 245847, 245861, 245883, 245887, 245889, 245893, 245896, 245898, 245900, 245902, 245904, 245906, 245915, 245917, 245919, 245921, 245923, 245925, 245928, 245930, 245932, 245934, 245936, 245938, 245943, 245945, 245947, 245949, 245951, 245953, 245956, 245958, 245960, 245962, 245964, 245966, 245969, 245971, 245973, 245975, 245977, 245979, 245982, 245984, 245986, 245996, 245998, 246000, 246009, 246021, 246030, 246037, 246043, 246049, 246066, 246068, 246078, 246080, 246082, 246084, 246087, 246089, 246091, 246093, 246095, 246097, 246099, 246100, 246105, 246107, 246109, 246112, 246114, 246124, 246126, 246128, 246130, 246132, 246134, 246139, 246141, 246143, 246145, 246147, 246149, 246157, 246159, 246161, 246163, 246165, 246167, 246173, 246175, 246177, 246179, 246181, 246192, 246195, 246197, 246199, 246201, 246203, 246205, 246208, 246210, 246212, 246214, 246216, 246218, 246229, 246231, 246233, 246235, 246237, 246239, 246246, 246250, 246254, 246256, 246258, 246260, 246275, 246285, 246291, 246297, 246303, 246309, 246318, 246320, 246322, 246324, 246325, 246333, 246335, 246339, 246341, 246343, 246345, 246347, 246349, 246352, 246354, 246356, 246358, 246360, 246362, 246387, 246389, 246391, 246393, 246395, 246397, 246409, 246411, 246413, 246415, 246417, 246419, 246431, 246433, 246435, 246437, 246439, 246441, 246450, 246452, 246454, 246456, 246458, 246460, 246464, 246466, 246468, 246473, 246478, 246480, 246483, 246485, 246487, 246489, 246491, 246495, 246502, 246504, 246506, 246510, 246512, 246514, 246521, 246523, 246525, 246527, 246529, 246531, 246568, 246569, 246574, 246578, 246582, 246584, 246586, 246591, 246593, 246595, 246597, 246599, 246601, 246606, 246608, 246610, 246612, 246614, 246616, 246619, 246621, 246623, 246625, 246627, 246629, 246632, 246634, 246636, 246638, 246640, 246646, 246650, 246652, 246654, 246656, 246658, 246660, 246668, 246670, 246672, 246674, 246676, 246678, 246692, 246694, 246696, 246698, 246700, 246702, 246707, 246709, 246715, 246717, 246719, 246721, 246744, 246746, 246748, 246750, 246752, 246756, 246789, 246791, 246797, 246799, 246801, 246803]}",,OPCUA_READ_SCRAPING,True
1786334370000,1786334375000,OPCUA_READ_SCRAPING,OPCUA_READ_SCRAPING#c34,"[""OPCUA_READ_SCRAPING""]","{""OPCUA_READ_SCRAPING#c34"": [246806, 246807, 246810, 246814, 246820, 246826, 246832, 246857, 246859, 246863, 246867, 246869, 246871, 246877, 246879, 246884, 246887, 246889, 246891, 246900, 246902, 246904, 246910, 246912, 246918, 246921, 246923, 246925, 246927, 246929, 246931, 246936, 246938, 246940, 246942, 246944, 246946, 246951, 246953, 246955, 246957, 246959, 246961, 246970, 246974, 246976, 246978, 246980, 246982, 246987, 246989, 246991, 246993, 246995, 246997, 247006, 247008, 247014, 247016, 247018, 247020, 247023, 247025, 247028, 247031, 247033, 247035, 247037, 247040, 247044, 247046, 247048, 247050, 247052, 247065, 247071, 247077, 247085, 247091, 247097, 247110, 247112, 247114, 247118, 247120, 247122, 247127, 247129, 247131, 247133, 247135, 247137, 247140, 247142, 247144, 247146, 247148, 247150, 247153, 247155, 247157, 247159, 247161, 247163, 247166, 247168, 247170, 247172, 247174, 247178, 247187, 247189, 247191, 247193, 247195, 247197, 247204, 247208, 247210, 247212, 247214, 247216, 247225, 247227, 247229, 247231, 247233, 247235, 247238, 247239, 247244, 247246, 247248, 247250, 247252, 247261, 247263, 247269, 247271, 247273, 247275, 247278, 247280, 247282, 247284, 247287, 247297, 247336, 247340, 247342, 247344, 247346, 247348, 247357, 247359, 247361, 247363, 247365, 247367, 247370, 247372, 247374, 247376, 247378, 247380, 247393, 247395, 247398, 247400, 247402, 247404, 247408, 247412, 247420, 247422, 247424, 247426, 247433, 247435, 247437, 247439, 247441, 247443, 247458, 247460, 247462, 247464, 247466, 247468, 247479, 247481, 247483, 247485, 247487, 247489, 247491, 247492, 247497, 247503, 247505, 247507, 247509, 247514, 247516, 247518, 247520, 247522, 247524, 247531, 247533, 247535, 247537, 247539, 247541, 247544, 247546, 247548, 247550, 247552, 247554, 247567, 247573, 247579, 247585, 247589, 247591, 247602, 247604, 247606, 247608, 247614, 247616, 247621, 247623, 247625, 247627, 247629, 247631, 247634, 247636, 247638, 247644, 247646, 247648, 247651, 247653, 247655, 247659, 247661, 247663, 247666, 247668, 247670, 247674, 247680, 247682, 247695, 247697, 247699, 247701, 247703, 247705, 247708, 247709, 247714, 247716, 247718, 247720, 247722, 247729, 247731, 247733, 247735, 247737, 247740, 247746, 247748, 247750, 247752, 247754, 247756, 247759, 247761, 247763, 247765, 247767, 247769, 247772, 247774, 247776, 247778, 247780, 247782, 247785, 247787, 247789, 247793, 247799, 247805, 247834, 247836, 247838, 247840, 247842, 247844, 247850, 247852, 247856, 247860, 247862, 247864, 247867, 247869, 247871, 247873, 247875, 247877, 247887, 247889, 247891, 247893, 247899, 247903, 247914, 247918, 247920, 247922, 247924, 247928]}",,OPCUA_READ_SCRAPING,True
1786334375000,1786334380000,OPCUA_READ_SCRAPING,OPCUA_READ_SCRAPING#c34,"[""OPCUA_READ_SCRAPING""]","{""OPCUA_READ_SCRAPING#c34"": [247931, 247932, 247935, 247939, 247941, 247943, 247945, 247950, 247952, 247954, 247956, 247958, 247960, 247967, 247969, 247971, 247973, 247975, 247977, 247986]}",,OPCUA_READ_SCRAPING,True
1786334380000,1786334385000,benign,benign#chunk31,[],{},,,False
1786334385000,1786334390000,benign,benign#chunk31,[],{},,,False
1786334390000,1786334395000,benign,benign#chunk31,[],{},,,False
1786334395000,1786334400000,benign,benign#chunk31,[],{},,,False
1786334400000,1786334405000,benign,benign#chunk31,[],{},,,False
1786334405000,1786334410000,benign,benign#chunk31,[],{},,,True
1786334410000,1786334415000,benign,benign#chunk31,[],{},,,False
1786334415000,1786334420000,benign,benign#chunk31,[],{},,,False
1786334420000,1786334425000,benign,benign#chunk32,[],{},,,False
1786334425000,1786334430000,benign,benign#chunk32,[],{},,,False
1786334430000,1786334435000,benign,benign#chunk32,[],{},,,False
1786334435000,1786334440000,OPCUA_SLOWLORIS,OPCUA_SLOWLORIS#c35,"[""OPCUA_SLOWLORIS""]","{""OPCUA_SLOWLORIS#c35"": [252896, 252898, 252900, 252903, 252908, 252922, 252936, 252939, 252945, 252959, 252973, 252976, 252981, 253000, 253014, 253017, 253024, 253039, 253053, 253057, 253065, 253080, 253082, 253097, 253103, 253121, 253135, 253138, 253156, 253172, 253174, 253181, 253187, 253205, 253223, 253237, 253244, 253264, 253270, 253285, 253291, 253309, 253315, 253333, 253339, 253355, 253356, 253380, 253400, 253406, 253408, 253410, 253413, 253415, 253417, 253420, 253448, 253469, 253471, 253475, 253478, 253480, 253484, 253487, 253494, 253499, 253612, 253615, 253617, 253620, 253624, 253626, 253630, 253633, 253640, 253645, 253728, 253731, 253734, 253737, 253742, 253744, 253747, 253751, 253762, 253769, 253832, 253835, 253838, 253839, 253844, 253846, 253849, 253857, 253864, 253867]}",,OPCUA_SLOWLORIS,True
1786334440000,1786334445000,OPCUA_SLOWLORIS,OPCUA_SLOWLORIS#c35,"[""OPCUA_SLOWLORIS""]","{""OPCUA_SLOWLORIS#c35"": [253932, 253934, 253938, 253939, 253950, 253952, 253955, 253959, 253968, 253973, 254032, 254038, 254042, 254043, 254048, 254053, 254054, 254059, 254070, 254073, 254143, 254147, 254152, 254153, 254161, 254164, 254165, 254174, 254176, 254182, 254227, 254228, 254259, 254260, 254272, 254277, 254278, 254287, 254289, 254297, 254328, 254329, 254334, 254335, 254340, 254351, 254352, 254391, 254393, 254403]}",,OPCUA_SLOWLORIS,True
1786334445000,1786334450000,OPCUA_SLOWLORIS,OPCUA_SLOWLORIS#c35,"[""OPCUA_SLOWLORIS""]","{""OPCUA_SLOWLORIS#c35"": [254440, 254441, 254448, 254449, 254454, 254457, 254458, 254468, 254471, 254513, 254538, 254539, 254543, 254544, 254548, 254553, 254554, 254571, 254573, 254581, 254648, 254649, 254656, 254657, 254660, 254674, 254675, 254689, 254691, 254700, 254986, 254987, 254994, 254995, 254998, 255002, 255003, 255019, 255020, 255029, 255106, 255107, 255118, 255119, 255120, 255125, 255126, 255139, 255140, 255148]}",,OPCUA_SLOWLORIS,True
1786334450000,1786334455000,OPCUA_SLOWLORIS,OPCUA_SLOWLORIS#c35,"[""OPCUA_SLOWLORIS""]","{""OPCUA_SLOWLORIS#c35"": [255211, 255212, 255217, 255218, 255219, 255228, 255229, 255244, 255245, 255250, 255311, 255312, 255316, 255317, 255318, 255323, 255324, 255338, 255339, 255346, 255418, 255419, 255424, 255425, 255426, 255432, 255433, 255456, 255457, 255464, 255524, 255525, 255536, 255537, 255538, 255549, 255550, 255569, 255570, 255578, 255599, 255600, 255601, 255602, 255603, 255632, 255633, 255662, 255663, 255668]}",,OPCUA_SLOWLORIS,True
1786334455000,1786334460000,OPCUA_SLOWLORIS,OPCUA_SLOWLORIS#c35,"[""OPCUA_SLOWLORIS""]","{""OPCUA_SLOWLORIS#c35"": [255705, 255706, 255707, 255708, 255709, 255715, 255716, 255762, 255763, 255780, 255782, 255784, 255786, 255789, 255791, 255793, 255797, 255799, 255801, 255804, 255833, 255834, 255835, 255836, 255837, 255842, 255843, 255872, 255873, 255918, 255973, 255974, 255975, 255976, 255977, 255978, 255979, 256002, 256003, 256028, 256084, 256085, 256086, 256087, 256088, 256089, 256090, 256120, 256121, 256129, 256196, 256197, 256198, 256199, 256200, 256201, 256202, 256225, 256226, 256231]}",,OPCUA_SLOWLORIS,True
1786334460000,1786334465000,OPCUA_SLOWLORIS,OPCUA_SLOWLORIS#c35,"[""OPCUA_SLOWLORIS""]","{""OPCUA_SLOWLORIS#c35"": [256296, 256302, 256303, 256304, 256305, 256306, 256307, 256321, 256322, 256335, 256402, 256409, 256410, 256411, 256412, 256413, 256414, 256429, 256430, 256437, 256506, 256517, 256518, 256519, 256520, 256521, 256522, 256535, 256537, 256541, 256602, 256611, 256612, 256615, 256616, 256617, 256618, 256627, 256634, 256641, 256710, 256742, 256743, 256755, 256756, 256757, 256758, 256759, 256777, 256788]}",,OPCUA_SLOWLORIS,True
1786334465000,1786334470000,OPCUA_SLOWLORIS,OPCUA_SLOWLORIS#c35,"[""OPCUA_SLOWLORIS""]","{""OPCUA_SLOWLORIS#c35"": [256851, 256862, 256863, 256888, 256889, 256890, 256891, 256892, 256934, 256948, 256996, 256999, 257000, 257012, 257013, 257014, 257015, 257016, 257029, 257063, 257162, 257163, 257164, 257173, 257174, 257175, 257176, 257177, 257183, 257193, 257270, 257271, 257272, 257283, 257284, 257285, 257286, 257287, 257293, 257301, 257368, 257369, 257370, 257388, 257389, 257390, 257391, 257392, 257400, 257408]}",,OPCUA_SLOWLORIS,True
1786334470000,1786334475000,OPCUA_SLOWLORIS,OPCUA_SLOWLORIS#c35,"[""OPCUA_SLOWLORIS""]","{""OPCUA_SLOWLORIS#c35"": [257487, 257488, 257489, 257496, 257497, 257498, 257504, 257505, 257506, 257518, 257600, 257601, 257602, 257609, 257610, 257611, 257615, 257616, 257617, 257629, 257700, 257701, 257702, 257709, 257710, 257711, 257722, 257725, 257726, 257737, 257829, 257830, 257831, 257842, 257843, 257844, 257853, 257854, 257855, 257865, 257938, 257939, 257940, 257951, 257952, 257953, 257960, 257961, 257962]}",,OPCUA_SLOWLORIS,True
1786334475000,1786334480000,OPCUA_SLOWLORIS,OPCUA_SLOWLORIS#c35,"[""OPCUA_SLOWLORIS""]","{""OPCUA_SLOWLORIS#c35"": [257971, 258055, 258056, 258057, 258066, 258067, 258068, 258072, 258073, 258074, 258082, 258084, 258086, 258106, 258108, 258113, 258115, 258136, 258137, 258139, 258144, 258146, 258165, 258167, 258177, 258179, 258196, 258198, 258204, 258206]}",,OPCUA_SLOWLORIS,True
1786334480000,1786334485000,benign,benign#chunk32,[],{},,,False
1786334485000,1786334490000,benign,benign#chunk32,[],{},,,False
1786334490000,1786334495000,benign,benign#chunk32,[],{},,,False
1786334495000,1786334500000,benign,benign#chunk32,[],{},,,False
1786334500000,1786334505000,benign,benign#chunk32,[],{},,,False
1786334505000,1786334510000,benign,benign#chunk32,[],{},,,False
1786334510000,1786334515000,benign,benign#chunk32,[],{},,,False
1786334515000,1786334520000,benign,benign#chunk32,[],{},,,False
1786334520000,1786334525000,benign,benign#chunk32,[],{},,,False
1786334525000,1786334530000,benign,benign#chunk33,[],{},,,False
1786334530000,1786334535000,benign,benign#chunk33,[],{},,,False
1786334535000,1786334540000,OPCUA_WRITE_DENIED,OPCUA_WRITE_DENIED#c36,"[""OPCUA_WRITE_DENIED""]","{""OPCUA_WRITE_DENIED#c36"": [263332, 263334, 263337, 263341, 263361, 263379, 263381]}",,OPCUA_WRITE_DENIED,True
1786334540000,1786334545000,benign,benign#chunk33,[],{},,,False
1786334545000,1786334550000,benign,benign#chunk33,[],{},,,False
1786334550000,1786334555000,benign,benign#chunk33,[],{},,,False
1786334555000,1786334560000,benign,benign#chunk33,[],{},,,False
1786334560000,1786334565000,benign,benign#chunk33,[],{},,,False
1786334565000,1786334570000,benign,benign#chunk33,[],{},,,False
1786334570000,1786334575000,benign,benign#chunk33,[],{},,,False
1786334575000,1786334580000,benign,benign#chunk33,[],{},,,False
1786334580000,1786334585000,benign,benign#chunk33,[],{},,,False
1786334585000,1786334590000,benign,benign#chunk33,[],{},,,False
1786334590000,1786334595000,benign,benign#chunk34,[],{},,,False
1786334595000,1786334600000,OPCUA_READ_SCRAPING,OPCUA_READ_SCRAPING#c37,"[""OPCUA_READ_SCRAPING""]","{""OPCUA_READ_SCRAPING#c37"": [268169, 268171, 268173, 268180, 268182, 268196, 268212, 268214, 268216, 268222, 268227, 268229, 268231, 268233, 268235, 268237, 268246, 268248, 268250, 268252, 268254, 268256, 268261, 268263, 268265, 268268, 268270, 268272, 268276, 268278, 268280, 268282, 268284, 268287, 268295, 268297, 268303, 268314, 268321, 268323, 268330, 268332, 268334, 268336, 268338, 268340, 268363, 268369, 268371, 268373, 268375, 268377, 268393, 268395, 268397, 268399, 268401, 268403, 268414, 268416, 268418, 268420, 268422, 268424, 268433, 268435, 268437, 268439, 268441, 268445, 268451, 268453, 268455, 268457, 268459, 268461, 268463, 268476, 268478, 268480, 268482, 268484, 268486, 268489, 268491, 268493, 268495, 268497, 268499, 268504, 268506, 268508, 268510, 268512, 268514, 268517, 268519, 268521, 268523, 268525, 268527, 268538, 268540, 268542, 268544, 268546, 268548, 268553, 268555, 268557, 268559, 268561, 268563, 268566, 268568, 268570, 268572, 268574, 268576, 268579, 268581, 268583, 268585, 268587, 268589, 268628, 268630, 268632, 268634, 268636, 268638, 268647, 268649, 268653, 268655, 268657, 268659, 268677, 268678, 268681, 268685, 268687, 268689, 268691, 268700, 268702, 268704, 268706, 268708, 268710, 268723, 268725, 268727, 268729, 268731, 268733, 268739, 268741, 268743, 268745, 268747, 268749, 268752, 268754, 268756, 268758, 268760, 268762, 268769, 268771, 268773, 268775, 268777, 268779, 268784, 268786, 268788, 268790, 268792, 268794, 268799, 268802, 268805, 268810, 268812, 268814, 268842, 268844, 268846, 268848, 268850, 268852, 268937, 268951, 268959, 268965, 268971, 268978, 269006, 269010, 269014, 269016, 269020, 269022, 269024, 269037, 269039, 269041, 269043, 269045, 269047, 269050, 269052, 269054, 269056, 269058, 269060, 269065, 269067, 269069, 269071, 269073, 269075, 269078, 269080, 269082, 269084, 269086, 269088, 269095, 269097, 269099, 269101, 269103, 269105, 269108, 269112, 269114, 269116, 269118, 269120, 269127, 269129, 269131, 269133, 269135, 269137, 269142, 269144, 269146, 269148, 269150, 269152]}",,OPCUA_READ_SCRAPING,True
1786334600000,1786334605000,OPCUA_READ_SCRAPING,OPCUA_READ_SCRAPING#c37,"[""OPCUA_READ_SCRAPING""]","{""OPCUA_READ_SCRAPING#c37"": [269157, 269159, 269161, 269163, 269165, 269167, 269170, 269172, 269174, 269178, 269180, 269182, 269193, 269195, 269197, 269201, 269202, 269211, 269215, 269260, 269262, 269264, 269268, 269272, 269274, 269279, 269281, 269283, 269285, 269287, 269289, 269294, 269296, 269298, 269300, 269302, 269304, 269307, 269309, 269311, 269313, 269315, 269317, 269328, 269330, 269332, 269334, 269340, 269342, 269345, 269347, 269349, 269351, 269353, 269355, 269360, 269362, 269364, 269366, 269368, 269370, 269375, 269377, 269379, 269381, 269383, 269385, 269388, 269390, 269392, 269394, 269396, 269398, 269401, 269403, 269405, 269407, 269411, 269413, 269418, 269419, 269424, 269426, 269428, 269430, 269432, 269445, 269447, 269449, 269451, 269453, 269455, 269494, 269498, 269500, 269502, 269504, 269506, 269511, 269513, 269515, 269517, 269519, 269521, 269524, 269526, 269528, 269534, 269536, 269538, 269551, 269553, 269555, 269557, 269559, 269561, 269568, 269570, 269572, 269574, 269576, 269578, 269583, 269585, 269587, 269589, 269591, 269593, 269596, 269598, 269600, 269602, 269604, 269606, 269609, 269611, 269615, 269619, 269621, 269625, 269628, 269630, 269632, 269634, 269636, 269638, 269641, 269642, 269647, 269649, 269651, 269653, 269657, 269670, 269672, 269674, 269676, 269678, 269680, 269686, 269688, 269690, 269692, 269694, 269699, 269740, 269742, 269744, 269746, 269748, 269752, 269763, 269765, 269767, 269769, 269771, 269773, 269782, 269786, 269788, 269790, 269792, 269794, 269799, 269801, 269803, 269805, 269807, 269809, 269813, 269815, 269817, 269819, 269821, 269823, 269827, 269829, 269831, 269833, 269835, 269837, 269840, 269842, 269844, 269846, 269848, 269850, 269855, 269857, 269859, 269861, 269865, 269867, 269869, 269871, 269873, 269875, 269877, 269883, 269885, 269894, 269896, 269898, 269900, 269902, 269906, 269913, 269915, 269917, 269919, 269921, 269923, 269926, 269928, 269930, 269932, 269936, 269938, 269945, 269951, 269955, 269959, 269969, 269971, 269990, 269992, 269994, 269996, 269998, 270000, 270013, 270015, 270017, 270019, 270021, 270023, 270026, 270028, 270030, 270032, 270034, 270036, 270040, 270042, 270044, 270046, 270048, 270050, 270054, 270056, 270058, 270060, 270062, 270064, 270069, 270071, 270073, 270075, 270077, 270079, 270081, 270088, 270090, 270092, 270098, 270100, 270102, 270111, 270115, 270117, 270119, 270121, 270123, 270128, 270130, 270132, 270134, 270136, 270138, 270141, 270143, 270145, 270147, 270149, 270151, 270154, 270156, 270162, 270164, 270166, 270168, 270171, 270173, 270175, 270177, 270179, 270183, 270212, 270218, 270226, 270228, 270230, 270232, 270237, 270239, 270241, 270243, 270246]}",,OPCUA_READ_SCRAPING,True
1786334605000,1786334610000,OPCUA_READ_SCRAPING,OPCUA_READ_SCRAPING#c37,"[""OPCUA_READ_SCRAPING""]","{""OPCUA_READ_SCRAPING#c37"": [270248, 270253, 270255, 270257, 270259, 270261, 270265, 270278, 270280, 270282, 270284, 270286, 270288, 270295, 270302, 270304, 270306, 270308, 270310, 270312, 270325, 270327, 270329, 270331, 270333, 270335, 270344, 270346, 270348, 270352, 270354, 270356, 270361, 270363]}",,OPCUA_READ_SCRAPING,True
1786334610000,1786334615000,benign,benign#chunk34,[],{},,,False
1786334615000,1786334620000,benign,benign#chunk34,[],{},,,False
1786334620000,1786334625000,benign,benign#chunk34,[],{},,,False
1786334625000,1786334630000,benign,benign#chunk34,[],{},,,False
1786334630000,1786334635000,benign,benign#chunk34,[],{},,,False
1786334635000,1786334640000,benign,benign#chunk34,[],{},,,False
1786334640000,1786334645000,benign,benign#chunk34,[],{},,,False
1786334645000,1786334650000,benign,benign#chunk34,[],{},,,False
1786334650000,1786334655000,benign,benign#chunk34,[],{},,,False
1786334655000,1786334660000,benign,benign#chunk34,[],{},,,False
1786334660000,1786334665000,benign,benign#chunk34,[],{},,,False
1786334665000,1786334670000,OPCUA_RECURSIVE_BROWSE,OPCUA_RECURSIVE_BROWSE#c38,"[""OPCUA_RECURSIVE_BROWSE""]","{""OPCUA_RECURSIVE_BROWSE#c38"": [275417, 275419, 275421, 275428, 275440, 275458, 275464, 275468, 275470, 275472, 275474, 275476, 275478, 275480, 275482, 275484, 275486, 275488, 275490, 275492, 275494, 275496, 275498, 275500, 275502, 275504, 275506, 275508, 275512, 275524, 275534, 275540, 275546, 275552, 275558, 275564, 275568, 275570, 275572, 275576, 275580, 275582, 275584, 275586, 275588, 275590, 275592, 275594, 275598, 275600, 275604, 275606, 275608, 275610, 275612, 275614, 275616, 275619, 275621, 275623, 275625, 275629, 275662, 275668, 275670, 275672, 275674, 275680, 275682, 275684, 275686, 275688, 275690, 275692, 275694, 275696, 275698, 275700, 275702, 275704, 275706, 275708, 275710, 275712, 275714, 275716, 275718, 275720, 275722, 275724, 275726, 275728, 275730, 275732, 275733, 275738, 275740, 275742, 275744, 275746, 275748, 275754, 275756, 275758, 275760, 275762, 275764, 275766, 275768, 275770, 275772, 275774, 275776, 275778, 275780, 275783, 275786, 275788, 275790, 275792, 275794, 275852, 275854, 275856, 275858, 275860, 275864, 275868, 275870, 275872, 275874, 275876, 275878, 275880, 275882, 275886, 275888, 275892, 275894, 275896, 275898, 275900, 275902, 275904, 275908, 275912, 275914, 275916, 275918, 275920, 275922, 275924, 275926, 275928, 275930, 275932, 275934, 275936, 275938, 275940, 275942, 275948, 275950, 275952, 275954, 275956, 275958, 275960, 275962, 275964, 275966, 275968, 275970, 275972, 275975, 275977, 275981, 275983, 275985, 275988, 276056, 276058, 276060, 276062, 276064, 276066, 276070, 276074, 276076, 276078, 276080, 276082, 276084, 276086, 276088, 276092, 276094, 276096, 276098, 276100, 276102, 276104, 276106, 276108, 276110, 276112, 276114, 276116, 276118, 276120, 276122, 276124, 276126, 276128, 276132, 276134, 276136, 276138, 276140, 276142, 276144, 276146, 276148, 276158, 276160, 276162, 276164, 276166, 276168, 276170, 276172, 276174, 276176, 276179, 276183, 276185, 276187, 276189, 276198, 276209, 276211, 276213, 276215, 276217, 276219, 276221, 276223, 276225, 276227, 276229, 276232, 276234, 276236, 276238, 276240, 276242, 276244, 276247, 276249, 276251, 276253, 276255, 276257, 276259, 276261, 276263, 276265, 276267, 276269, 276271, 276273, 276275, 276277, 276279, 276281, 276283, 276285, 276287, 276289, 276291, 276293, 276295, 276297, 276299, 276301, 276303, 276305, 276307, 276309, 276313, 276319, 276325, 276332, 276338, 276346, 276352, 276356, 276387, 276392, 276394, 276396, 276398, 276400, 276402, 276404, 276406, 276408, 276412, 276420, 276422, 276424, 276426, 276428, 276430, 276432, 276434, 276436, 276438, 276440, 276442, 276444, 276446, 276448, 276450, 276452, 276454, 276456, 276458, 276460, 276462, 276464, 276466, 276468, 276470, 276472, 276474, 276476, 276478, 276480, 276482, 276484, 276486, 276488, 276491, 276493, 276495, 276497, 276499, 276501, 276503, 276505, 276508, 276510, 276512, 276514, 276516]}",,OPCUA_RECURSIVE_BROWSE,True
1786334670000,1786334675000,OPCUA_RECURSIVE_BROWSE,OPCUA_RECURSIVE_BROWSE#c38,"[""OPCUA_RECURSIVE_BROWSE""]","{""OPCUA_RECURSIVE_BROWSE#c38"": [276588, 276590, 276592, 276594, 276596, 276598, 276600, 276604, 276606, 276608, 276610, 276612, 276614, 276616, 276618, 276620, 276622, 276624, 276626, 276628, 276630, 276632, 276633, 276638, 276640, 276642, 276646, 276648, 276650, 276652, 276654, 276656, 276658, 276660, 276662, 276664, 276666, 276668, 276670, 276672, 276674, 276676, 276678, 276680, 276686, 276688, 276690, 276692, 276694, 276696, 276698, 276700, 276702, 276704, 276707, 276709, 276711, 276713, 276715, 276740, 276742, 276744, 276746, 276748, 276750, 276752, 276756, 276762, 276766, 276768, 276770, 276772, 276774, 276776, 276778, 276782, 276788, 276796, 276802, 276806, 276808, 276810, 276816, 276818, 276820, 276822, 276826, 276836, 276840, 276842, 276844, 276846, 276848, 276850, 276852, 276854, 276858, 276860, 276862, 276864, 276866, 276868, 276870, 276872, 276874, 276876, 276878, 276880, 276882, 276883, 276886, 276890, 276892, 276895, 276897, 276899, 276901, 276903, 276922, 276924, 276926, 276928, 276930, 276932, 276934, 276936, 276938, 276940, 276942, 276944, 276946, 276948, 276950, 276952, 276954, 276956, 276958, 276960, 276962, 276964, 276966, 276968, 276970, 276972, 276974, 276976, 276978, 276980, 276982, 276984, 276986, 276988, 276992, 276994, 276996, 276998, 277000, 277002, 277004, 277008, 277012, 277014, 277016, 277018, 277020, 277022, 277024, 277026, 277028, 277032, 277034, 277037, 277039, 277041, 277043, 277045, 277092, 277115, 277117, 277119, 277121, 277123, 277125, 277127, 277129, 277131, 277133, 277135, 277138, 277140, 277142, 277144, 277146, 277148, 277150, 277152, 277154, 277157, 277159, 277161, 277163, 277165, 277167, 277169, 277171, 277173, 277175, 277177, 277179, 277181, 277183, 277185, 277187, 277189, 277191, 277193, 277195, 277197, 277199, 277201, 277203, 277205, 277207, 277209, 277211, 277213, 277215, 277217, 277219, 277221, 277224, 277226, 277230, 277232, 277234, 277251, 277294, 277298, 277300, 277302, 277304, 277306, 277308, 277310, 277312, 277318, 277320, 277322, 277328, 277330, 277332, 277334, 277336, 277340, 277342, 277344, 277346, 277348, 277350, 277352, 277354, 277356, 277358, 277360, 277362, 277364, 277367, 277369, 277371, 277373, 277375, 277377, 277379, 277381, 277383, 277385, 277387, 277389, 277391, 277393, 277395, 277397, 277399, 277401, 277403, 277405, 277407, 277409, 277411, 277414, 277416, 277418, 277420, 277422, 277435, 277437, 277439, 277445, 277447, 277449, 277451, 277453, 277455, 277457, 277458, 277461, 277465, 277469, 277473, 277475, 277477, 277479, 277481, 277483, 277485, 277487, 277489, 277491, 277493, 277495, 277497, 277499, 277501, 277503, 277505, 277507, 277509, 277512, 277520, 277522, 277524, 277526, 277528, 277530, 277532, 277534, 277537, 277539, 277541, 277543, 277545, 277547, 277549, 277553, 277561, 277568, 277574, 277582, 277591, 277597, 277601, 277603, 277605]}",,OPCUA_RECURSIVE_BROWSE,True
1786334675000,1786334680000,OPCUA_RECURSIVE_BROWSE,OPCUA_RECURSIVE_BROWSE#c38,"[""OPCUA_RECURSIVE_BROWSE""]","{""OPCUA_RECURSIVE_BROWSE#c38"": [277620, 277624, 277628, 277630, 277632, 277634, 277636, 277638, 277640, 277642, 277648, 277650, 277656, 277662, 277664, 277666, 277668, 277670, 277672, 277674, 277676, 277678, 277683, 277685, 277687, 277689, 277691, 277693, 277695, 277697, 277700, 277704, 277706, 277708, 277710, 277712, 277714, 277716, 277718, 277719, 277724, 277726, 277732, 277734, 277736, 277738, 277740, 277742, 277744, 277746, 277748, 277750, 277752, 277754, 277757, 277759, 277761, 277763, 277765, 277816, 277818, 277820, 277822, 277824, 277826, 277828, 277830, 277832, 277834, 277836, 277838, 277840, 277851, 277853, 277855, 277857, 277859, 277861, 277863, 277865, 277867, 277869, 277871, 277873, 277875, 277877, 277879, 277881, 277883, 277885, 277891, 277893, 277895, 277897, 277899, 277901, 277903, 277905, 277908, 277913, 277915, 277917, 277919, 277921, 277923, 277925, 277933, 277935, 277937, 277939, 277941, 277943, 277946, 277948, 277950, 277952, 277954, 277970, 278017, 278023, 278029, 278035, 278041, 278047, 278051, 278053, 278055, 278057, 278059, 278063, 278067, 278069, 278071, 278073, 278075, 278077, 278079, 278083, 278089, 278091, 278093, 278095, 278097, 278099, 278101, 278103, 278105, 278107, 278109, 278111, 278113, 278115, 278117, 278119, 278121, 278123, 278125, 278127, 278129, 278131, 278133, 278135, 278139, 278141, 278143, 278145, 278147, 278153, 278155, 278157, 278159, 278162, 278164, 278166, 278168, 278170, 278191, 278198, 278200, 278204, 278206, 278210, 278212, 278214, 278216, 278218, 278220, 278222, 278224, 278226, 278228, 278230, 278232, 278234, 278236, 278238, 278240, 278242, 278244, 278246, 278248, 278250, 278252, 278254, 278256, 278258, 278260, 278262, 278264, 278266, 278268, 278270, 278272, 278274, 278276, 278278, 278280, 278282, 278284, 278286, 278288, 278290, 278292, 278294, 278296, 278298, 278300, 278302, 278304, 278306, 278309, 278311, 278313, 278315, 278317, 278374, 278376, 278378, 278380, 278382, 278384, 278386, 278390, 278392, 278394, 278395, 278398, 278402, 278404, 278406, 278408, 278410, 278412, 278414, 278416, 278418, 278420, 278422, 278424, 278426, 278428, 278431, 278440, 278442, 278444, 278446, 278448, 278450, 278452, 278454, 278456, 278458, 278460, 278462, 278464, 278466, 278468, 278470, 278472, 278474, 278477, 278487, 278489, 278491, 278493, 278495, 278497, 278499, 278501, 278504, 278506, 278508, 278510, 278512, 278574, 278576, 278578, 278580, 278582, 278584, 278586, 278588, 278590, 278592, 278594, 278598, 278605, 278610, 278614, 278616, 278618, 278622, 278624, 278626, 278628, 278630, 278632, 278634, 278636, 278638, 278640, 278642, 278644, 278646, 278648, 278650, 278652, 278654, 278656, 278658, 278660, 278662, 278664, 278666, 278668, 278672, 278674, 278675, 278680, 278682, 278684, 278686, 278688, 278690, 278692, 278694, 278696, 278698, 278701, 278703, 278705, 278707, 278709]}",,OPCUA_RECURSIVE_BROWSE,True
1786334680000,1786334685000,OPCUA_RECURSIVE_BROWSE,OPCUA_RECURSIVE_BROWSE#c38,"[""OPCUA_RECURSIVE_BROWSE""]","{""OPCUA_RECURSIVE_BROWSE#c38"": [278766, 278768, 278770, 278772, 278774, 278776, 278778, 278780, 278782, 278786, 278794, 278798, 278806, 278812, 278816, 278822, 278832, 278836, 278838, 278840, 278842, 278844, 278848, 278852, 278858, 278860, 278862, 278864, 278866, 278868, 278870, 278874, 278876, 278878, 278880, 278882, 278884, 278886, 278888, 278890, 278892, 278900, 278904, 278910, 278912, 278914, 278916, 278918, 278920, 278924, 278928, 278930, 278932, 278935, 278937, 278939, 278941, 278943, 278946, 278983, 278985, 278987, 278989, 278991, 278993, 278995, 278997, 278999, 279001, 279003, 279005, 279007, 279009, 279011, 279013, 279015, 279017, 279019, 279021, 279023, 279025, 279027, 279029, 279035, 279037, 279039, 279041, 279043, 279045, 279051, 279053, 279055, 279057, 279061, 279063, 279065, 279067, 279069, 279071, 279073, 279075, 279077, 279079, 279081, 279083, 279085, 279087, 279089, 279091, 279093, 279095, 279097, 279100, 279102, 279104, 279106, 279108, 279169, 279190, 279192]}",,OPCUA_RECURSIVE_BROWSE,True
1786334685000,1786334690000,benign,benign#chunk35,[],{},,,False
1786334690000,1786334695000,benign,benign#chunk35,[],{},,,False
1786334695000,1786334700000,benign,benign#chunk35,[],{},,,False
1786334700000,1786334705000,benign,benign#chunk35,[],{},,,False
1786334705000,1786334710000,benign,benign#chunk35,[],{},,,False
1786334710000,1786334715000,benign,benign#chunk35,[],{},,,False
1786334715000,1786334720000,benign,benign#chunk35,[],{},,,False
1786334720000,1786334725000,benign,benign#chunk35,[],{},,,False
1786334725000,1786334730000,benign,benign#chunk35,[],{},,,False
1786334730000,1786334735000,benign,benign#chunk35,[],{},,,False
1786334735000,1786334740000,benign,benign#chunk35,[],{},,,False
1786334740000,1786334745000,OPCUA_SLOWLORIS,OPCUA_SLOWLORIS#c39,"[""OPCUA_SLOWLORIS""]","{""OPCUA_SLOWLORIS#c39"": [284307, 284309, 284312, 284317, 284331, 284347, 284350, 284359, 284374, 284388, 284391, 284396, 284415, 284429, 284432, 284438, 284452, 284466, 284469, 284478, 284493, 284507, 284512, 284521, 284540, 284554, 284557, 284562, 284577, 284591, 284595, 284600, 284614, 284628, 284631, 284637, 284655, 284669, 284672, 284678, 284696, 284698, 284715, 284718, 284720, 284721, 284741, 284757, 284775, 284777, 284779, 284781, 284786, 284797, 284807, 284855, 284859, 284866, 284870, 284873, 284878, 284881, 284886, 284888, 284892, 284955, 284957, 284959, 284968, 284971, 284974, 284977, 284981, 284982, 284987, 285079, 285082, 285083]}",,OPCUA_SLOWLORIS,True
1786334745000,1786334750000,OPCUA_SLOWLORIS,OPCUA_SLOWLORIS#c39,"[""OPCUA_SLOWLORIS""]","{""OPCUA_SLOWLORIS#c39"": [285090, 285092, 285096, 285099, 285104, 285105, 285114, 285181, 285183, 285184, 285192, 285194, 285199, 285205, 285208, 285209, 285214, 285298, 285299, 285300, 285308, 285311, 285317, 285323, 285328, 285329, 285337, 285415, 285416, 285417, 285426, 285429, 285430, 285435, 285446, 285447, 285453, 285502, 285503, 285504, 285529, 285534, 285535, 285541, 285550, 285551, 285559, 285595, 285596, 285597]}",,OPCUA_SLOWLORIS,True
1786334750000,1786334755000,OPCUA_SLOWLORIS,OPCUA_SLOWLORIS#c39,"[""OPCUA_SLOWLORIS""]","{""OPCUA_SLOWLORIS#c39"": [285606, 285641, 285642, 285652, 285658, 285659, 285673, 285709, 285710, 285711, 285720, 285725, 285726, 285737, 285774, 285775, 285783, 285813, 285814, 285815, 285819, 285831, 285832, 285835, 285858, 285859, 285886, 285917, 285918, 285919, 285920, 285929, 285930, 285937, 285940, 285941, 285963, 286042, 286043, 286044, 286045, 286055, 286056, 286061, 286064, 286065, 286071]}",,OPCUA_SLOWLORIS,True
1786334755000,1786334760000,OPCUA_SLOWLORIS,OPCUA_SLOWLORIS#c39,"[""OPCUA_SLOWLORIS""]","{""OPCUA_SLOWLORIS#c39"": [286149, 286150, 286151, 286152, 286161, 286162, 286169, 286172, 286173, 286182, 286261, 286262, 286263, 286264, 286273, 286274, 286279, 286282, 286283, 286288, 286388, 286389, 286390, 286391, 286404, 286405, 286412, 286414, 286415, 286427, 286498, 286499, 286500, 286501, 286511, 286512, 286521, 286523, 286527, 286530, 286583, 286584, 286585, 286586, 286619, 286620, 286657, 286658, 286665, 286668]}",,OPCUA_SLOWLORIS,True
1786334760000,1786334765000,OPCUA_SLOWLORIS,OPCUA_SLOWLORIS#c39,"[""OPCUA_SLOWLORIS""]","{""OPCUA_SLOWLORIS#c39"": [286701, 286702, 286703, 286704, 286709, 286710, 286753, 286754, 286765, 286772, 286820, 286821, 286822, 286823, 286828, 286829, 286840, 286841, 286868, 286885, 286929, 286930, 286931, 286932, 286941, 286942, 286949, 286950, 286956, 286973, 286994, 286996, 287000, 287004, 287006, 287008, 287010, 287012, 287015, 287017, 287059, 287060, 287061, 287062, 287073, 287074, 287081, 287082, 287087, 287090, 287163, 287164, 287165, 287166, 287177, 287178, 287183, 287184, 287189, 287191]}",,OPCUA_SLOWLORIS,True
1786334765000,1786334770000,OPCUA_SLOWLORIS,OPCUA_SLOWLORIS#c39,"[""OPCUA_SLOWLORIS""]","{""OPCUA_SLOWLORIS#c39"": [287278, 287279, 287280, 287281, 287292, 287293, 287304, 287305, 287310, 287312, 287392, 287393, 287394, 287395, 287405, 287406, 287415, 287416, 287423, 287425, 287493, 287494, 287495, 287496, 287511, 287512, 287519, 287520, 287527, 287531, 287595, 287596, 287597, 287598, 287607, 287608, 287617, 287618, 287623, 287626, 287695, 287696, 287697, 287698, 287711, 287712, 287717, 287718, 287723, 287726]}",,OPCUA_SLOWLORIS,True
1786334770000,1786334775000,OPCUA_SLOWLORIS,OPCUA_SLOWLORIS#c39,"[""OPCUA_SLOWLORIS""]","{""OPCUA_SLOWLORIS#c39"": [287794, 287797, 287798, 287799, 287814, 287815, 287824, 287825, 287830, 287842, 287891, 287892, 287893, 287894, 287907, 287908, 287949, 287950, 287955, 287958, 288002, 288003, 288004, 288005, 288014, 288015, 288038, 288039, 288071, 288078, 288128, 288129, 288130, 288131, 288140, 288141, 288146, 288147, 288152, 288167, 288226, 288227, 288228, 288229, 288238, 288239, 288244, 288245, 288252, 288259]}",,OPCUA_SLOWLORIS,True
1786334775000,1786334780000,OPCUA_SLOWLORIS,OPCUA_SLOWLORIS#c39,"[""OPCUA_SLOWLORIS""]","{""OPCUA_SLOWLORIS#c39"": [288341, 288342, 288343, 288344, 288353, 288354, 288367, 288368, 288373, 288376, 288456, 288457, 288458, 288459, 288464, 288465, 288474, 288475, 288482, 288485, 288572, 288573, 288574, 288575, 288580, 288581, 288590, 288592, 288594, 288599, 288679, 288680, 288681, 288682, 288691, 288692, 288697, 288700, 288701, 288707, 288881, 288882, 288883, 288884, 288889, 288890, 288908, 288911, 288912, 288917]}",,OPCUA_SLOWLORIS,True
1786334780000,1786334785000,OPCUA_SLOWLORIS,OPCUA_SLOWLORIS#c39,"[""OPCUA_SLOWLORIS""]","{""OPCUA_SLOWLORIS#c39"": [289019, 289020, 289021, 289022, 289027, 289028, 289037, 289040, 289041, 289047, 289138, 289139, 289140, 289141, 289146, 289147, 289158, 289161, 289162, 289167, 289236, 289237, 289238, 289239, 289240, 289243, 289264, 289276, 289277, 289280, 289282, 289284, 289307, 289308, 289310, 289323, 289325, 289338, 289340, 289350, 289352, 289369, 289371, 289377, 289379, 289400, 289402, 289407, 289409]}",,OPCUA_SLOWLORIS,True
1786334785000,1786334790000,benign,benign#chunk35,[],{},,,False
1786334790000,1786334795000,benign,benign#chunk36,[],{},,,False
1786334795000,1786334800000,benign,benign#chunk36,[],{},,,False
1786334800000,1786334805000,benign,benign#chunk36,[],{},,,False
1786334805000,1786334810000,benign,benign#chunk36,[],{},,,False
1786334810000,1786334815000,benign,benign#chunk36,[],{},,,False
1786334815000,1786334820000,benign,benign#chunk36,[],{},,,False
1786334820000,1786334825000,benign,benign#chunk36,[],{},,,False
1786334825000,1786334830000,benign,benign#chunk36,[],{},,,False
1786334830000,1786334835000,benign,benign#chunk36,[],{},,,False
1786334835000,1786334840000,benign,benign#chunk36,[],{},,,False
1786334840000,1786334845000,OPCUA_WRITE_DENIED,OPCUA_WRITE_DENIED#c40,"[""OPCUA_WRITE_DENIED""]","{""OPCUA_WRITE_DENIED#c40"": [294860, 294865, 294867, 294870, 294872, 294890, 294908, 294910]}",,OPCUA_WRITE_DENIED,True
1786334845000,1786334850000,benign,benign#chunk36,[],{},,,False
1786334850000,1786334855000,benign,benign#chunk36,[],{},,,False
1786334855000,1786334860000,benign,benign#chunk37,[],{},,,False
1786334860000,1786334865000,benign,benign#chunk37,[],{},,,False
1786334865000,1786334870000,benign,benign#chunk37,[],{},,,False
1786334870000,1786334875000,benign,benign#chunk37,[],{},,,False
1786334875000,1786334880000,benign,benign#chunk37,[],{},,,False
1786334880000,1786334885000,benign,benign#chunk37,[],{},,,False
1786334885000,1786334890000,benign,benign#chunk37,[],{},,,False
1786334890000,1786334895000,benign,benign#chunk37,[],{},,,False
1786334895000,1786334900000,benign,benign#chunk37,[],{},,,False
1786334900000,1786334905000,OPCUA_SESSION_BURST,OPCUA_SESSION_BURST#c41,"[""OPCUA_SESSION_BURST""]","{""OPCUA_SESSION_BURST#c41"": [299902, 299908, 299912, 299914, 299917, 299919, 299935, 299949]}",,OPCUA_SESSION_BURST,True
1786334905000,1786334910000,OPCUA_SESSION_BURST,OPCUA_SESSION_BURST#c41,"[""OPCUA_SESSION_BURST""]","{""OPCUA_SESSION_BURST#c41"": [300000, 300003, 300005, 300007, 300010, 300012, 300026, 300044, 300129, 300132, 300134, 300136, 300139, 300141, 300155, 300169, 300198, 300201, 300203, 300205, 300208, 300210, 300226, 300244, 300349, 300352, 300354, 300356, 300359, 300361, 300375, 300389]}",,OPCUA_SESSION_BURST,True
1786334910000,1786334915000,benign,benign#chunk37,[],{},,OPCUA_SESSION_BURST,False
1786334915000,1786334920000,benign,benign#chunk37,[],{},,,False
1786334920000,1786334925000,benign,benign#chunk37,[],{},,,False
1786334925000,1786334930000,benign,benign#chunk38,[],{},,,False
1786334930000,1786334935000,benign,benign#chunk38,[],{},,,False
1786334935000,1786334940000,benign,benign#chunk38,[],{},,,False
1786334940000,1786334945000,benign,benign#chunk38,[],{},,,False
1786334945000,1786334950000,benign,benign#chunk38,[],{},,,False
1786334950000,1786334955000,benign,benign#chunk38,[],{},,,False
1786334955000,1786334960000,benign,benign#chunk38,[],{},,,False
1786334960000,1786334965000,benign,benign#chunk38,[],{},,,False
1786334965000,1786334970000,benign,benign#chunk38,[],{},,,False
1786334970000,1786334975000,OPCUA_SLOWLORIS,OPCUA_SLOWLORIS#c42,"[""OPCUA_SLOWLORIS""]","{""OPCUA_SLOWLORIS#c42"": [305676, 305678, 305680, 305683, 305688, 305702, 305720, 305723, 305729, 305743, 305757, 305762, 305768, 305784, 305798, 305801, 305806, 305823, 305837, 305846, 305851, 305866, 305880, 305883, 305888, 305903, 305921, 305925, 305930, 305944, 305962, 305974, 305979, 305993, 306007, 306010, 306016, 306032, 306046, 306049, 306055, 306069, 306083, 306090, 306093, 306107, 306108, 306128, 306142, 306144, 306146, 306148, 306150, 306152, 306155, 306157, 306227, 306229, 306234, 306242, 306247, 306249, 306257, 306259, 306265, 306266, 306329, 306331, 306334, 306341, 306349, 306352]}",,OPCUA_SLOWLORIS,True
1786334975000,1786334980000,OPCUA_SLOWLORIS,OPCUA_SLOWLORIS#c42,"[""OPCUA_SLOWLORIS""]","{""OPCUA_SLOWLORIS#c42"": [306359, 306361, 306367, 306368, 306459, 306460, 306474, 306480, 306488, 306490, 306498, 306504, 306510, 306511, 306560, 306561, 306572, 306580, 306584, 306593, 306600, 306601, 306614, 306615, 306641, 306642, 306659, 306687, 306707, 306716, 306721, 306722, 306729, 306730, 306752, 306753, 306758, 306761, 306781, 306816, 306821, 306822, 306827, 306828, 306849, 306850, 306855, 306859, 306870]}",,OPCUA_SLOWLORIS,True
1786334980000,1786334985000,OPCUA_SLOWLORIS,OPCUA_SLOWLORIS#c42,"[""OPCUA_SLOWLORIS""]","{""OPCUA_SLOWLORIS#c42"": [306879, 306885, 306886, 306918, 306919, 306963, 306964, 306967, 306972, 306979, 306988, 306989, 306990, 306999, 307000, 307080, 307081, 307084, 307089, 307098, 307105, 307106, 307107, 307129, 307130, 307189, 307190, 307193, 307198, 307213, 307216, 307217, 307218, 307227, 307228, 307285, 307286, 307287, 307294, 307309, 307312, 307313, 307314, 307327, 307328, 307381, 307382, 307383, 307390, 307399]}",,OPCUA_SLOWLORIS,True
1786334985000,1786334990000,OPCUA_SLOWLORIS,OPCUA_SLOWLORIS#c42,"[""OPCUA_SLOWLORIS""]","{""OPCUA_SLOWLORIS#c42"": [307413, 307414, 307415, 307423, 307424, 307487, 307488, 307489, 307502, 307510, 307518, 307519, 307520, 307537, 307538, 307592, 307594, 307595, 307606, 307612, 307627, 307628, 307629, 307644, 307645, 307713, 307714, 307715, 307721, 307735, 307749, 307750, 307751, 307762, 307763, 307794, 307795, 307796, 307831, 307832, 307853, 307854, 307855, 307864, 307865, 307899, 307900, 307901, 307920, 307921]}",,OPCUA_SLOWLORIS,True
1786334990000,1786334995000,OPCUA_SLOWLORIS,OPCUA_SLOWLORIS#c42,"[""OPCUA_SLOWLORIS""]","{""OPCUA_SLOWLORIS#c42"": [307976, 307977, 307978, 307987, 307988, 308237, 308238, 308239, 308246, 308247, 308276, 308277, 308278, 308309, 308310, 308354, 308355, 308356, 308363, 308364, 308383, 308384, 308385, 308404, 308405, 308454, 308455, 308456, 308460, 308461, 308479, 308480, 308481, 308496, 308497, 308504, 308506, 308508, 308510, 308512, 308514, 308516, 308520, 308526, 308533, 308586, 308587, 308588, 308592, 308593, 308616, 308617, 308618, 308630, 308631, 308686, 308687, 308688]}",,OPCUA_SLOWLORIS,True
1786334995000,1786335000000,OPCUA_SLOWLORIS,OPCUA_SLOWLORIS#c42,"[""OPCUA_SLOWLORIS""]","{""OPCUA_SLOWLORIS#c42"": [308692, 308693, 308715, 308716, 308717, 308728, 308729, 308801, 308802, 308803, 308813, 308814, 308836, 308837, 308838, 308847, 308848, 308909, 308910, 308911, 308919, 308920, 308938, 308939, 308940, 308951, 308952, 309041, 309042, 309043, 309053, 309054, 309069, 309070, 309071, 309080, 309081, 309139, 309140, 309141, 309158, 309159, 309172, 309173, 309174, 309185, 309186]}",,OPCUA_SLOWLORIS,True
1786335000000,1786335005000,OPCUA_SLOWLORIS,OPCUA_SLOWLORIS#c42,"[""OPCUA_SLOWLORIS""]","{""OPCUA_SLOWLORIS#c42"": [309223, 309224, 309225, 309244, 309245, 309286, 309287, 309288, 309299, 309300, 309339, 309340, 309341, 309355, 309356, 309364, 309365, 309366, 309403, 309404, 309452, 309453, 309454, 309465, 309466, 309483, 309484, 309485, 309496, 309497, 309554, 309555, 309556, 309573, 309574, 309595, 309596, 309597, 309608, 309609, 309674, 309675, 309676, 309695, 309696, 309709, 309710, 309711, 309716, 309717]}",,OPCUA_SLOWLORIS,True
1786335005000,1786335010000,OPCUA_SLOWLORIS,OPCUA_SLOWLORIS#c42,"[""OPCUA_SLOWLORIS""]","{""OPCUA_SLOWLORIS#c42"": [309784, 309785, 309786, 309794, 309795, 309807, 309808, 309809, 309814, 309815, 309907, 309908, 309909, 309915, 309916, 309928, 309929, 309930, 309935, 309936, 310048, 310049, 310050, 310054, 310055, 310071, 310072, 310073, 310077, 310078, 310180, 310181, 310182, 310186, 310187, 310205, 310206, 310207, 310214, 310215, 310286, 310287, 310288, 310292, 310293, 310311, 310312, 310313, 310320, 310321]}",,OPCUA_SLOWLORIS,True
1786335010000,1786335015000,OPCUA_SLOWLORIS,OPCUA_SLOWLORIS#c42,"[""OPCUA_SLOWLORIS""]","{""OPCUA_SLOWLORIS#c42"": [310394, 310395, 310396, 310397, 310398, 310415, 310416, 310417, 310428, 310429, 310483, 310484, 310485, 310486, 310487, 310532, 310533, 310534, 310554, 310555, 310597, 310598, 310601, 310602, 310603, 310616, 310617, 310618, 310657, 310658, 310707, 310708, 310713, 310714, 310715, 310726, 310727, 310728, 310735, 310736, 310737, 310739, 310741, 310748, 310750, 310767, 310769, 310780, 310782, 310803, 310805, 310818, 310820, 310843, 310845, 310856, 310858, 310875, 310877, 310886]}",,OPCUA_SLOWLORIS,True
1786335015000,1786335020000,benign,benign#chunk38,[],{},,,False
1786335020000,1786335025000,benign,benign#chunk38,[],{},,,False
1786335025000,1786335030000,benign,benign#chunk38,[],{},,,False
1786335030000,1786335035000,benign,benign#chunk39,[],{},,,False
1786335035000,1786335040000,benign,benign#chunk39,[],{},,,False
1786335040000,1786335045000,benign,benign#chunk39,[],{},,,False
1786335045000,1786335050000,benign,benign#chunk39,[],{},,,False
1786335050000,1786335055000,benign,benign#chunk39,[],{},,,False
1786335055000,1786335060000,benign,benign#chunk39,[],{},,,False
1786335060000,1786335065000,benign,benign#chunk39,[],{},,,False
1786335065000,1786335070000,benign,benign#chunk39,[],{},,,False
1786335070000,1786335075000,benign,benign#chunk39,[],{},,OPCUA_SUBSCRIPTION_FLOOD,False
1786335075000,1786335080000,OPCUA_SUBSCRIPTION_FLOOD,OPCUA_SUBSCRIPTION_FLOOD#c43,"[""OPCUA_SUBSCRIPTION_FLOOD""]","{""OPCUA_SUBSCRIPTION_FLOOD#c43"": [315907, 315909, 315911, 315914, 315916, 315930, 315931, 315934, 316031, 316035, 316116, 316243, 316412]}",,OPCUA_SUBSCRIPTION_FLOOD,True
1786335080000,1786335085000,OPCUA_SUBSCRIPTION_FLOOD,OPCUA_SUBSCRIPTION_FLOOD#c43,"[""OPCUA_SUBSCRIPTION_FLOOD""]","{""OPCUA_SUBSCRIPTION_FLOOD#c43"": [316495, 316585, 316667, 316751, 316807]}",,OPCUA_SUBSCRIPTION_FLOOD,True
1786335085000,1786335090000,OPCUA_SUBSCRIPTION_FLOOD,OPCUA_SUBSCRIPTION_FLOOD#c43,"[""OPCUA_SUBSCRIPTION_FLOOD""]","{""OPCUA_SUBSCRIPTION_FLOOD#c43"": [316900, 316901, 316906, 316908]}",,OPCUA_SUBSCRIPTION_FLOOD,True
1786335090000,1786335095000,benign,benign#chunk39,[],{},,,False
1786335095000,1786335100000,benign,benign#chunk39,[],{},,,False
1786335100000,1786335105000,benign,benign#chunk39,[],{},,,False
1786335105000,1786335110000,benign,benign#chunk40,[],{},,,False
1786335110000,1786335115000,benign,benign#chunk40,[],{},,,False
1786335115000,1786335120000,benign,benign#chunk40,[],{},,,False
1786335120000,1786335125000,benign,benign#chunk40,[],{},,,False
1786335125000,1786335130000,benign,benign#chunk40,[],{},,,False
1786335130000,1786335135000,benign,benign#chunk40,[],{},,,False
1786335135000,1786335140000,benign,benign#chunk40,[],{},,,False
1786335140000,1786335145000,benign,benign#chunk40,[],{},,,False
1786335145000,1786335150000,OPCUA_READ_SCRAPING,OPCUA_READ_SCRAPING#c44,"[""OPCUA_READ_SCRAPING""]","{""OPCUA_READ_SCRAPING#c44"": [322106, 322108, 322110, 322113, 322115, 322129, 322147, 322151, 322153, 322155, 322158, 322160, 322164, 322166, 322172, 322174, 322181, 322183, 322185, 322187, 322189, 322191, 322194, 322196, 322198, 322200, 322202, 322204, 322209, 322211, 322213, 322215, 322217, 322219, 322226, 322228, 322230, 322232, 322238, 322240, 322243, 322245, 322247, 322249, 322251, 322253, 322262, 322264, 322266, 322268, 322270, 322272, 322287, 322289, 322300, 322302, 322304, 322306, 322309, 322311, 322313, 322315, 322317, 322319, 322362, 322364, 322366, 322368, 322370, 322372, 322374, 322379, 322381, 322383, 322385, 322387, 322393, 322398, 322400, 322402, 322404, 322406, 322408, 322413, 322415, 322417, 322419, 322421, 322423, 322426, 322428, 322430, 322432, 322434, 322436, 322439, 322441, 322443, 322445, 322447, 322451, 322458, 322460, 322462, 322464, 322466, 322468, 322475, 322477, 322479, 322481, 322485, 322487, 322494, 322496, 322498, 322500, 322502, 322504, 322509, 322511, 322513, 322515, 322517, 322519, 322522, 322524, 322526, 322528, 322530, 322532, 322551, 322552, 322555, 322559, 322561, 322563, 322565, 322588, 322592, 322596, 322598, 322600, 322602, 322617, 322619, 322621, 322623, 322625, 322628]}",,OPCUA_READ_SCRAPING,True
1786335150000,1786335155000,OPCUA_READ_SCRAPING,OPCUA_READ_SCRAPING#c44,"[""OPCUA_READ_SCRAPING""]","{""OPCUA_READ_SCRAPING#c44"": [322633, 322635, 322638, 322640, 322642, 322644, 322669, 322671, 322673, 322675, 322677, 322679, 322682, 322684, 322686, 322688, 322690, 322692, 322703, 322705, 322707, 322709, 322711, 322713, 322720, 322724, 322726, 322728, 322730, 322732, 322739, 322741, 322745, 322747, 322751, 322753, 322756, 322758, 322760, 322762, 322764, 322766, 322773, 322775, 322777, 322783, 322785, 322787, 322790, 322791, 322796, 322798, 322800, 322802, 322804, 322809, 322811, 322813, 322815, 322817, 322819, 322826, 322834, 322840, 322846, 322852, 322858, 322873, 322876, 322878, 322880, 322882, 322884, 322889, 322891, 322893, 322895, 322897, 322899, 322904, 322906, 322908, 322914, 322916, 322918, 322921, 322923, 322925, 322927, 322929, 322931, 322940, 322942, 322944, 322946, 322950, 322954, 322963, 322965, 322967, 322969, 322971, 322973, 322976, 322978, 322980, 322982, 322984, 322986, 322995, 322997, 322999, 323001, 323003, 323005, 323007, 323012, 323014, 323016, 323018, 323020, 323022, 323025, 323027, 323029, 323031, 323033, 323035, 323047, 323049, 323051, 323053, 323055, 323057, 323086, 323090, 323092, 323098, 323100, 323102, 323115, 323117, 323119, 323121, 323123, 323125, 323132, 323134, 323136, 323138, 323142, 323144, 323147, 323149, 323151, 323153, 323155, 323159, 323166, 323168, 323170, 323172, 323178, 323180, 323189, 323191, 323193, 323195, 323197, 323199, 323204, 323206, 323208, 323210, 323212, 323214, 323225, 323227, 323229, 323231, 323232, 323237, 323239, 323242, 323244, 323246, 323248, 323250, 323252, 323255, 323257, 323259, 323261, 323263, 323265, 323268, 323270, 323272, 323274, 323276, 323278, 323281, 323283, 323285, 323287, 323289, 323291, 323302, 323306, 323308, 323312, 323318, 323324, 323346, 323349, 323351, 323355, 323357, 323359, 323372, 323376, 323378, 323380, 323382, 323384, 323387, 323393, 323397, 323399, 323401, 323403, 323410, 323412, 323414, 323416, 323418, 323420, 323429, 323431, 323433, 323435, 323437, 323439, 323446, 323447, 323452, 323454, 323456, 323458, 323460, 323463, 323465, 323467, 323469, 323471, 323473, 323478, 323480, 323482, 323484, 323486, 323488, 323491, 323493, 323495, 323497, 323499, 323501, 323504, 323506, 323508, 323510, 323512, 323514, 323517, 323519, 323521, 323523, 323525, 323531, 323540, 323542, 323544, 323546, 323548, 323550, 323575, 323583, 323589, 323595, 323599, 323601, 323608, 323610, 323612, 323616, 323618, 323622, 323629, 323632, 323635, 323637, 323639, 323641, 323644, 323646, 323648, 323650, 323656, 323658, 323661, 323662, 323667, 323669, 323671, 323673, 323675, 323678, 323680, 323682, 323684, 323686, 323688, 323693, 323695, 323697, 323699, 323701, 323703]}",,OPCUA_READ_SCRAPING,True
1786335155000,1786335160000,OPCUA_READ_SCRAPING,OPCUA_READ_SCRAPING#c44,"[""OPCUA_READ_SCRAPING""]","{""OPCUA_READ_SCRAPING#c44"": [323706, 323708, 323710, 323712, 323714, 323716, 323719, 323721, 323723, 323729, 323731, 323733, 323738, 323740, 323742, 323744, 323746, 323748, 323760, 323763, 323765, 323767, 323769, 323771, 323778, 323780, 323782, 323784, 323786, 323788, 323819, 323827, 323829, 323831, 323833, 323835, 323850, 323852, 323854, 323856, 323858, 323860, 323863, 323865, 323867, 323873, 323879, 323883, 323888, 323889, 323894, 323896, 323898, 323900, 323902, 323905, 323907, 323909, 323911, 323913, 323915, 323918, 323920, 323922, 323924, 323926, 323928, 323935, 323937, 323939, 323941, 323943, 323945, 323950, 323952, 323954, 323956, 323958, 323960, 323965, 323967, 323969, 323971, 323973, 323975, 323982, 323984, 323986, 323988, 323990, 323992, 323997, 323999, 324001, 324003, 324005, 324007, 324010, 324012, 324014, 324016, 324018, 324020, 324060, 324066, 324068, 324070, 324072, 324074, 324088, 324091, 324097, 324107, 324109, 324111, 324116, 324117, 324122, 324124, 324126, 324128, 324130, 324133, 324135, 324137, 324141, 324143, 324145, 324154, 324156, 324158, 324160, 324162, 324164, 324167, 324169]}",,OPCUA_READ_SCRAPING,True
1786335160000,1786335165000,benign,benign#chunk40,[],{},,,False
1786335165000,1786335170000,benign,benign#chunk40,[],{},,,False
1786335170000,1786335175000,benign,benign#chunk40,[],{},,,False
1786335175000,1786335180000,benign,benign#chunk40,[],{},,,False
1786335180000,1786335185000,benign,benign#chunk41,[],{},,,False
1786335185000,1786335190000,benign,benign#chunk41,[],{},,,False
1786335190000,1786335195000,benign,benign#chunk41,[],{},,,False
1786335195000,1786335200000,benign,benign#chunk41,[],{},,,False
1786335200000,1786335205000,benign,benign#chunk41,[],{},,,False
1786335205000,1786335210000,benign,benign#chunk41,[],{},,,False
1786335210000,1786335215000,benign,benign#chunk41,[],{},,,False
1786335215000,1786335220000,OPCUA_RECURSIVE_BROWSE,OPCUA_RECURSIVE_BROWSE#c45,"[""OPCUA_RECURSIVE_BROWSE""]","{""OPCUA_RECURSIVE_BROWSE#c45"": [329225, 329227, 329229, 329232, 329234, 329252, 329266, 329268, 329270, 329274, 329276, 329278, 329280, 329282, 329284, 329286, 329288, 329290, 329292, 329294, 329296, 329298, 329300, 329304, 329306, 329308, 329310, 329312, 329318, 329320, 329322, 329324, 329326, 329328, 329330, 329332, 329334, 329336, 329338, 329340, 329348, 329350, 329352, 329354, 329356, 329358, 329360, 329362, 329364, 329366, 329368, 329370, 329372, 329374, 329376, 329382, 329384, 329389, 329395, 329401, 329407, 329411, 329464, 329466, 329468, 329470, 329472, 329474, 329476, 329478, 329480, 329482, 329484, 329486, 329488, 329490, 329492, 329494, 329496, 329498, 329500, 329502, 329504, 329506, 329508, 329510, 329512, 329513, 329516, 329522, 329524, 329526, 329528, 329530, 329532, 329534, 329536, 329539, 329541, 329543, 329545, 329551, 329553, 329555, 329559, 329561, 329564, 329566, 329568, 329570, 329572, 329574, 329576, 329578, 329580, 329582, 329585, 329587, 329589, 329591, 329593, 329662, 329664, 329666, 329668, 329670, 329672, 329674, 329676, 329678, 329680, 329682, 329684, 329686, 329688, 329690, 329692, 329694, 329696, 329698, 329700, 329702, 329704, 329706, 329708, 329710, 329714, 329720, 329722, 329724, 329726, 329730, 329732, 329734, 329736, 329738, 329740, 329742, 329744, 329746, 329748, 329750, 329752, 329754, 329756, 329758, 329760, 329762, 329764, 329768, 329770, 329772, 329774, 329776, 329779, 329781, 329783, 329789, 329791, 329793, 329823, 329825, 329827, 329829, 329831, 329833, 329835, 329837, 329839, 329841, 329843, 329845, 329847, 329849, 329851, 329853, 329855, 329857, 329859, 329861, 329863, 329865, 329867, 329869, 329871, 329873, 329875, 329877, 329883, 329885, 329889, 329897, 329903, 329909, 329915, 329921, 329927, 329931, 329933, 329935, 329937, 329939, 329941, 329945, 329951, 329955, 329957, 329959, 329961, 329963, 329965, 329967, 329969, 329972, 329978, 329992, 329994, 329996]}",,OPCUA_RECURSIVE_BROWSE,True
1786335220000,1786335225000,OPCUA_RECURSIVE_BROWSE,OPCUA_RECURSIVE_BROWSE#c45,"[""OPCUA_RECURSIVE_BROWSE""]","{""OPCUA_RECURSIVE_BROWSE#c45"": [330007, 330018, 330020, 330024, 330028, 330030, 330032, 330034, 330036, 330038, 330040, 330042, 330044, 330046, 330048, 330050, 330052, 330054, 330056, 330058, 330060, 330062, 330064, 330066, 330074, 330078, 330080, 330082, 330084, 330086, 330088, 330090, 330092, 330094, 330098, 330100, 330102, 330104, 330106, 330108, 330110, 330112, 330114, 330116, 330118, 330120, 330122, 330124, 330126, 330128, 330130, 330132, 330134, 330136, 330139, 330141, 330143, 330145, 330147, 330205, 330208, 330210, 330212, 330214, 330218, 330220, 330222, 330224, 330226, 330228, 330230, 330232, 330234, 330236, 330238, 330240, 330242, 330244, 330246, 330248, 330250, 330252, 330254, 330256, 330258, 330260, 330262, 330264, 330266, 330268, 330270, 330272, 330274, 330276, 330278, 330280, 330282, 330284, 330286, 330288, 330290, 330294, 330298, 330300, 330302, 330304, 330306, 330308, 330310, 330312, 330314, 330316, 330318, 330321, 330323, 330325, 330327, 330329, 330356, 330358, 330360, 330362, 330364, 330368, 330374, 330384, 330390, 330396, 330402, 330410, 330419, 330421, 330424, 330426, 330432, 330438, 330439, 330444, 330448, 330450, 330452, 330454, 330456, 330460, 330462, 330464, 330466, 330468, 330470, 330472, 330474, 330476, 330478, 330480, 330482, 330484, 330486, 330488, 330490, 330492, 330494, 330496, 330498, 330500, 330502, 330506, 330508, 330510, 330512, 330514, 330516, 330518, 330521, 330525, 330527, 330529, 330531, 330586, 330588, 330590, 330592, 330594, 330596, 330598, 330600, 330602, 330604, 330606, 330608, 330610, 330612, 330614, 330616, 330618, 330622, 330624, 330626, 330628, 330630, 330632, 330634, 330640, 330646, 330648, 330654, 330656, 330662, 330664, 330666, 330668, 330670, 330672, 330674, 330676, 330678, 330680, 330682, 330684, 330686, 330688, 330690, 330692, 330694, 330696, 330698, 330700, 330702, 330704, 330706, 330708, 330709, 330713, 330717, 330721, 330727, 330734, 330804, 330806, 330808, 330810, 330812, 330814, 330816, 330818, 330820, 330822, 330824, 330826, 330834, 330836, 330838, 330840, 330842, 330844, 330846, 330848, 330850, 330852, 330854, 330856, 330858, 330860, 330862, 330864, 330866, 330868, 330870, 330872, 330874, 330876, 330878, 330884, 330886, 330888, 330890, 330892, 330894, 330896, 330898, 330900, 330902, 330904, 330906, 330908, 330910, 330914, 330916, 330918, 330920, 330923, 330925, 330927, 330929, 330931, 330940, 331021, 331023, 331025, 331027, 331029, 331031, 331033, 331035, 331037, 331041, 331043, 331045, 331047, 331049, 331051, 331054, 331056, 331058, 331060, 331064, 331069, 331072, 331074, 331076, 331078, 331080, 331082, 331084, 331091, 331095, 331097, 331099, 331101, 331103, 331105, 331110, 331112, 331115, 331117, 331119, 331121, 331123, 331125, 331127, 331130, 331132, 331134, 331139, 331149, 331151, 331153, 331155, 331157, 331162, 331164, 331166, 331168, 331172]}",,OPCUA_RECURSIVE_BROWSE,True
1786335225000,1786335230000,OPCUA_RECURSIVE_BROWSE,OPCUA_RECURSIVE_BROWSE#c45,"[""OPCUA_RECURSIVE_BROWSE""]","{""OPCUA_RECURSIVE_BROWSE#c45"": [331180, 331187, 331189, 331191, 331193, 331195, 331199, 331205, 331213, 331221, 331227, 331233, 331239, 331249, 331253, 331255, 331257, 331259, 331261, 331267, 331269, 331277, 331283, 331285, 331287, 331289, 331291, 331293, 331295, 331297, 331299, 331301, 331303, 331305, 331307, 331309, 331311, 331313, 331315, 331317, 331321, 331323, 331325, 331327, 331329, 331331, 331333, 331335, 331337, 331339, 331341, 331343, 331349, 331355, 331358, 331360, 331362, 331364, 331366, 331377, 331378, 331385, 331387, 331389, 331391, 331395, 331397, 331399, 331401, 331403, 331405, 331409, 331411, 331413, 331415, 331417, 331419, 331421, 331423, 331425, 331427, 331429, 331431, 331433, 331435, 331437, 331439, 331445, 331447, 331449, 331451, 331453, 331455, 331457, 331459, 331461, 331463, 331465, 331467, 331469, 331471, 331473, 331475, 331477, 331479, 331481, 331483, 331485, 331487, 331489, 331491, 331493, 331495, 331498, 331502, 331514, 331520, 331526, 331579, 331581, 331583, 331585, 331587, 331589, 331591, 331593, 331595, 331597, 331599, 331601, 331603, 331605, 331607, 331609, 331611, 331613, 331615, 331617, 331619, 331621, 331623, 331625, 331627, 331629, 331631, 331633, 331635, 331637, 331639, 331641, 331643, 331645, 331646, 331655, 331657, 331659, 331661, 331663, 331665, 331669, 331673, 331675, 331677, 331679, 331683, 331685, 331687, 331691, 331693, 331695, 331697, 331699, 331704, 331706, 331708, 331710, 331712, 331786, 331788, 331790, 331792, 331794, 331796, 331798, 331800, 331802, 331804, 331806, 331808, 331810, 331812, 331814, 331816, 331818, 331820, 331822, 331824, 331826, 331828, 331830, 331832, 331834, 331836, 331838, 331840, 331842, 331844, 331846, 331848, 331850, 331852, 331854, 331856, 331858, 331860, 331862, 331864, 331866, 331868, 331870, 331872, 331874, 331876, 331878, 331880, 331882, 331884, 331886, 331888, 331890, 331893, 331895, 331901, 331903, 331905, 331908, 331923, 331929, 331939, 331945, 331951, 331961, 331967, 331969, 331971, 331973, 331977, 331983, 331987, 331989, 331991, 331993, 331995, 332001, 332007, 332009, 332011, 332013, 332015, 332017, 332019, 332021, 332023, 332027, 332038, 332040, 332042, 332044, 332046, 332048, 332050, 332052, 332054, 332056, 332060, 332063, 332065, 332067, 332069, 332071, 332073, 332075, 332077, 332079, 332081, 332083, 332085, 332087, 332089, 332092, 332094, 332096, 332098, 332100, 332109, 332126, 332128, 332130, 332132, 332134, 332140, 332142, 332144, 332146, 332148, 332150, 332152, 332154, 332156, 332158, 332160, 332162, 332164, 332166, 332168, 332170, 332172, 332174, 332176, 332178, 332180, 332182, 332184, 332186, 332188, 332190, 332192, 332194, 332196, 332198, 332200, 332202, 332204, 332206, 332208, 332212, 332216, 332218, 332220, 332222, 332224, 332226, 332228, 332230, 332232, 332238, 332240, 332242, 332245, 332247, 332249, 332251, 332253]}",,OPCUA_RECURSIVE_BROWSE,True
1786335230000,1786335235000,OPCUA_RECURSIVE_BROWSE,OPCUA_RECURSIVE_BROWSE#c45,"[""OPCUA_RECURSIVE_BROWSE""]","{""OPCUA_RECURSIVE_BROWSE#c45"": [332312, 332317, 332319, 332321, 332323, 332325, 332327, 332329, 332331, 332333, 332335, 332338, 332340, 332342, 332344, 332346, 332348, 332350, 332355, 332357, 332359, 332365, 332367, 332369, 332371, 332373, 332378, 332380, 332382, 332384, 332386, 332388, 332390, 332392, 332394, 332398, 332400, 332402, 332404, 332406, 332408, 332410, 332412, 332414, 332418, 332422, 332424, 332426, 332428, 332430, 332432, 332434, 332436, 332438, 332441, 332443, 332445, 332447, 332449, 332514, 332516, 332518, 332520, 332522, 332524, 332526, 332528, 332530, 332532, 332534, 332536, 332538, 332540, 332542, 332544, 332546, 332548, 332550, 332552, 332554, 332556, 332558, 332560, 332562, 332564, 332566, 332568, 332570, 332572, 332573, 332578, 332580, 332582, 332584, 332586, 332588, 332590, 332592, 332596, 332598, 332600, 332602, 332608, 332610, 332612, 332614, 332616, 332618, 332620, 332622, 332624, 332626, 332628, 332631, 332633, 332635, 332637, 332639, 332682, 332684, 332686, 332688, 332690, 332692, 332694, 332696, 332698, 332700, 332704, 332710, 332724, 332726, 332728, 332730, 332732, 332734, 332736, 332740, 332745, 332747, 332749, 332751, 332753, 332755, 332757, 332759, 332761, 332765, 332772, 332778, 332784, 332790, 332794, 332796, 332798, 332800, 332802, 332807, 332811, 332813, 332815, 332817, 332819, 332821, 332823, 332825, 332827, 332829, 332833, 332835, 332839, 332844, 332846, 332848, 332850, 332851, 332858, 332882, 332884, 332886, 332888, 332890, 332892, 332894, 332896, 332898, 332900, 332904, 332912, 332916, 332918, 332920, 332922, 332924, 332926, 332928, 332932, 332934, 332936, 332938, 332940, 332942, 332944, 332946, 332948, 332950, 332952, 332954, 332956, 332958, 332960, 332962, 332964, 332966, 332968, 332970, 332972, 332974, 332976, 332978, 332980, 332982, 332984, 332986, 332988, 332990, 332992, 332994, 332996, 333000, 333003, 333005, 333007, 333009, 333011, 333050, 333068, 333071]}",,OPCUA_RECURSIVE_BROWSE,True
1786335235000,1786335240000,benign,benign#chunk41,[],{},,,False
1786335240000,1786335245000,benign,benign#chunk41,[],{},,,False
1786335245000,1786335250000,benign,benign#chunk41,[],{},,,False
1786335250000,1786335255000,benign,benign#chunk41,[],{},,,False
1786335255000,1786335260000,benign,benign#chunk41,[],{},,,False
1786335260000,1786335265000,benign,benign#chunk42,[],{},,,False
1786335265000,1786335270000,benign,benign#chunk42,[],{},,,False
1786335270000,1786335275000,benign,benign#chunk42,[],{},,,False
1786335275000,1786335280000,benign,benign#chunk42,[],{},,,False
1786335280000,1786335285000,benign,benign#chunk42,[],{},,,False
1786335285000,1786335290000,benign,benign#chunk42,[],{},,,False
1786335290000,1786335295000,OPCUA_WRITE_DENIED,OPCUA_WRITE_DENIED#c46,"[""OPCUA_WRITE_DENIED""]","{""OPCUA_WRITE_DENIED#c46"": [337957, 337959, 337962, 337964, 337978, 337996, 337998]}",,OPCUA_WRITE_DENIED,True
1786335295000,1786335300000,benign,benign#chunk42,[],{},,,False
1786335300000,1786335305000,benign,benign#chunk42,[],{},,,False
1786335305000,1786335310000,benign,benign#chunk42,[],{},,,False
1786335310000,1786335315000,benign,benign#chunk42,[],{},,,False
1786335315000,1786335320000,benign,benign#chunk42,[],{},,,False
1786335320000,1786335325000,benign,benign#chunk42,[],{},,,False
1786335325000,1786335330000,benign,benign#chunk43,[],{},,,False
1786335330000,1786335335000,benign,benign#chunk43,[],{},,,False
1786335335000,1786335340000,benign,benign#chunk43,[],{},,,False
1786335340000,1786335345000,benign,benign#chunk43,[],{},,,False
1786335345000,1786335350000,benign,benign#chunk43,[],{},,,False
1786335350000,1786335355000,OPCUA_RECURSIVE_BROWSE,OPCUA_RECURSIVE_BROWSE#c47,"[""OPCUA_RECURSIVE_BROWSE""]","{""OPCUA_RECURSIVE_BROWSE#c47"": [342922, 342924, 342926, 342929, 342931, 342945, 342959, 342961, 342963, 342965, 342967, 342969, 342971, 342973, 342975, 342977, 342979, 342985, 342987, 342989, 342991, 342993, 342995, 342997, 342999, 343001, 343003, 343005, 343007, 343009, 343011, 343013, 343015, 343017, 343029, 343035, 343037, 343039, 343041, 343043, 343045, 343047, 343049, 343051, 343053, 343055, 343057, 343059, 343061, 343063, 343065, 343067, 343071, 343073, 343075, 343077, 343079, 343082, 343084, 343086, 343088, 343090, 343141, 343143, 343145, 343147, 343149, 343151, 343153, 343155, 343157, 343159, 343161, 343163, 343165, 343167, 343169, 343171, 343173, 343175, 343177, 343179, 343181, 343183, 343187, 343191, 343193, 343195, 343197, 343199, 343201, 343203, 343205, 343207, 343209, 343210, 343217, 343219, 343221, 343223, 343225, 343227, 343229, 343231, 343233, 343235, 343237, 343239, 343241, 343243, 343245, 343247, 343249, 343251, 343253, 343259, 343262, 343264, 343266, 343268, 343270]}",,OPCUA_RECURSIVE_BROWSE,True
1786335355000,1786335360000,OPCUA_RECURSIVE_BROWSE,OPCUA_RECURSIVE_BROWSE#c47,"[""OPCUA_RECURSIVE_BROWSE""]","{""OPCUA_RECURSIVE_BROWSE#c47"": [343291, 343293, 343295, 343297, 343299, 343301, 343303, 343305, 343307, 343311, 343313, 343315, 343317, 343319, 343321, 343323, 343327, 343329, 343331, 343333, 343335, 343337, 343339, 343341, 343350, 343355, 343365, 343371, 343377, 343383, 343389, 343395, 343401, 343407, 343411, 343413, 343415, 343417, 343419, 343421, 343423, 343425, 343427, 343431, 343433, 343435, 343437, 343439, 343441, 343443, 343445, 343447, 343449, 343452, 343454, 343460, 343462, 343466, 343468, 343495, 343497, 343499, 343501, 343503, 343505, 343507, 343509, 343511, 343513, 343515, 343517, 343519, 343521, 343523, 343525, 343527, 343529, 343531, 343533, 343535, 343537, 343539, 343541, 343547, 343551, 343553, 343555, 343557, 343559, 343561, 343563, 343565, 343569, 343571, 343573, 343575, 343577, 343579, 343581, 343583, 343585, 343587, 343589, 343591, 343593, 343595, 343597, 343599, 343601, 343605, 343607, 343609, 343612, 343614, 343616, 343618, 343620, 343687, 343710, 343712, 343714, 343716, 343718, 343720, 343722, 343724, 343726, 343728, 343730, 343732, 343734, 343736, 343738, 343742, 343744, 343746, 343748, 343750, 343752, 343754, 343756, 343758, 343760, 343762, 343764, 343766, 343768, 343770, 343772, 343774, 343776, 343778, 343780, 343782, 343784, 343786, 343788, 343790, 343792, 343794, 343796, 343798, 343800, 343802, 343804, 343806, 343808, 343810, 343812, 343814, 343820, 343823, 343825, 343827, 343829, 343831, 343861, 343903, 343905, 343907, 343909, 343911, 343913, 343919, 343925, 343927, 343929, 343933, 343937, 343939, 343941, 343943, 343945, 343949, 343953, 343955, 343957, 343959, 343961, 343963, 343965, 343967, 343969, 343971, 343973, 343975, 343977, 343983, 343985, 343987, 343989, 343991, 343993, 343995, 343997, 343999, 344001, 344003, 344005, 344007, 344009, 344011, 344013, 344015, 344017, 344019, 344021, 344023, 344025, 344027, 344030, 344032, 344034, 344036, 344038, 344071, 344073, 344075, 344077, 344079, 344081, 344083, 344085, 344087, 344089, 344091, 344092, 344095, 344099, 344101, 344103, 344109, 344111, 344113, 344115, 344117, 344121, 344125, 344127, 344129, 344131, 344133, 344135, 344137, 344139, 344143, 344145, 344149, 344153, 344155, 344157, 344159, 344161, 344163, 344165, 344167, 344169, 344171, 344173, 344177, 344183, 344189, 344195, 344201, 344207, 344213, 344219, 344225, 344229, 344232, 344234, 344238, 344244, 344251, 344273, 344275, 344277, 344279, 344281, 344283, 344285, 344288, 344290, 344292, 344294, 344296, 344298, 344300, 344302, 344304, 344308, 344310, 344312, 344314, 344316, 344318, 344320, 344322, 344324, 344326, 344328, 344330, 344336, 344338, 344340, 344342, 344344, 344346, 344348, 344350, 344352, 344354, 344356, 344358, 344360, 344362, 344364, 344366, 344367, 344372, 344374, 344376, 344378, 344380, 344382, 344384, 344386, 344388, 344395, 344397, 344399, 344403, 344405]}",,OPCUA_RECURSIVE_BROWSE,True
1786335360000,1786335365000,OPCUA_RECURSIVE_BROWSE,OPCUA_RECURSIVE_BROWSE#c47,"[""OPCUA_RECURSIVE_BROWSE""]","{""OPCUA_RECURSIVE_BROWSE#c47"": [344466, 344468, 344470, 344472, 344474, 344476, 344478, 344480, 344482, 344484, 344486, 344488, 344490, 344492, 344496, 344498, 344500, 344502, 344504, 344506, 344508, 344510, 344513, 344515, 344520, 344522, 344524, 344526, 344528, 344530, 344532, 344534, 344536, 344538, 344540, 344542, 344544, 344546, 344552, 344554, 344556, 344558, 344560, 344562, 344564, 344570, 344572, 344574, 344576, 344578, 344580, 344582, 344584, 344587, 344589, 344591, 344593, 344595, 344602, 344629, 344631, 344633, 344635, 344637, 344639, 344641, 344643, 344645, 344647, 344649, 344651, 344653, 344655, 344657, 344659, 344661, 344663, 344665, 344667, 344672, 344678, 344682, 344688, 344694, 344700, 344707, 344713, 344719, 344721, 344723, 344725, 344729, 344733, 344735, 344737, 344739, 344741, 344743, 344745, 344747, 344751, 344753, 344755, 344757, 344759, 344761, 344763, 344765, 344767, 344769, 344771, 344773, 344778, 344780, 344782, 344784, 344786, 344795, 344814, 344816, 344818, 344820, 344822, 344824, 344826, 344828, 344830, 344832, 344834, 344836, 344838, 344840, 344842, 344848, 344850, 344852, 344854, 344856, 344858, 344860, 344862, 344864, 344866, 344868, 344870, 344872, 344874, 344876, 344878, 344880, 344882, 344884, 344886, 344888, 344890, 344892, 344894, 344896, 344898, 344900, 344902, 344904, 344906, 344908, 344910, 344912, 344914, 344916, 344918, 344920, 344922, 344925, 344927, 344929, 344931, 344933, 344988, 344989, 344992, 344996, 344998, 345000, 345002, 345004, 345006, 345008, 345011, 345014, 345016, 345018, 345022, 345024, 345026, 345028, 345030, 345032, 345036, 345040, 345042, 345050, 345052, 345054, 345056, 345058, 345060, 345062, 345064, 345066, 345068, 345070, 345072, 345084, 345090, 345092, 345094, 345096, 345098, 345100, 345102, 345104, 345106, 345108, 345110, 345112, 345114, 345116, 345118, 345120, 345124, 345126, 345129, 345131, 345133, 345135, 345137, 345192, 345194, 345196, 345198, 345209, 345211, 345213, 345215, 345217, 345219, 345221, 345223, 345225, 345227, 345229, 345231, 345233, 345235, 345237, 345239, 345241, 345243, 345245, 345247, 345249, 345251, 345253, 345255, 345257, 345259, 345261, 345263, 345265, 345267, 345269, 345271, 345273, 345274, 345279, 345281, 345283, 345285, 345287, 345289, 345291, 345293, 345295, 345297, 345299, 345301, 345303, 345305, 345307, 345309, 345312, 345316, 345324, 345326, 345328, 345356, 345358, 345360, 345362, 345364, 345366, 345368, 345370, 345372, 345374, 345376, 345378, 345380, 345382, 345384, 345386, 345388, 345390, 345392, 345394, 345396, 345398, 345400, 345402, 345406, 345408, 345410, 345412, 345416, 345423, 345429, 345435, 345441, 345447, 345453, 345459, 345464, 345466, 345468, 345470, 345472, 345476, 345480, 345482, 345484, 345486, 345488, 345490, 345492, 345494, 345496, 345498, 345502, 345505, 345507, 345509, 345511, 345513, 345517, 345546, 345550]}",,OPCUA_RECURSIVE_BROWSE,True
1786335365000,1786335370000,OPCUA_RECURSIVE_BROWSE,OPCUA_RECURSIVE_BROWSE#c47,"[""OPCUA_RECURSIVE_BROWSE""]","{""OPCUA_RECURSIVE_BROWSE#c47"": [345552, 345554, 345556, 345558, 345560, 345562, 345564, 345566, 345568, 345570, 345572, 345574, 345576, 345578, 345580, 345582, 345584, 345586, 345588, 345590, 345592, 345594, 345596, 345598, 345600, 345602, 345604, 345606, 345608, 345610, 345612, 345614, 345616, 345618, 345620, 345622, 345624, 345626, 345628, 345630, 345632, 345634, 345638, 345640, 345642, 345644, 345646, 345648, 345650, 345652, 345654, 345659, 345665, 345672, 345674, 345676, 345733, 345772, 345774, 345776, 345778, 345780, 345782, 345784, 345786, 345788, 345790, 345792, 345794, 345796, 345798, 345800, 345802, 345804, 345806, 345808, 345810, 345816, 345818, 345820, 345822, 345824, 345826, 345828, 345830, 345832, 345834, 345836, 345838, 345840, 345842, 345844, 345846, 345848, 345850, 345852, 345854, 345856, 345858, 345860, 345862, 345864, 345866, 345868, 345870, 345872, 345874, 345876, 345878, 345880, 345883, 345885, 345887, 345889, 345891, 345939, 345948, 345950, 345952, 345954, 345956, 345958, 345960, 345970, 345972, 345974, 345976, 345978, 345984, 345988, 345990, 345992, 345996, 346000, 346002, 346004, 346006, 346010, 346012, 346014, 346016, 346018, 346020, 346022, 346024, 346026, 346028, 346030, 346033, 346035, 346037, 346041, 346043, 346045, 346047, 346049, 346051, 346055, 346064, 346066, 346068, 346070, 346072, 346074, 346076, 346078, 346080, 346082, 346084, 346089, 346091, 346093, 346096, 346100, 346114, 346116, 346118, 346120, 346122, 346124, 346126, 346128, 346130, 346132, 346134, 346136, 346138, 346140, 346142, 346144, 346146, 346148, 346149, 346154, 346156, 346158, 346160, 346166, 346168, 346170, 346172, 346174, 346176, 346178, 346180, 346184, 346190, 346196, 346202, 346208, 346216, 346218, 346220, 346226, 346228, 346236, 346244, 346246, 346248, 346250, 346256, 346266, 346274, 346276, 346278, 346280, 346282, 346284, 346287, 346289, 346291, 346293, 346295, 346305, 346307, 346309, 346311, 346313, 346315, 346317, 346319, 346321, 346323, 346325, 346327, 346329, 346331, 346333, 346335, 346337, 346339, 346341, 346343, 346345, 346347, 346349, 346351, 346353, 346355, 346357, 346359, 346361, 346363, 346365, 346371, 346373, 346375, 346377, 346379, 346381, 346383, 346385, 346387, 346389, 346391, 346393, 346395, 346397, 346399, 346400, 346404, 346407, 346409, 346411, 346413, 346415, 346417, 346420, 346422, 346424, 346426, 346428, 346495, 346497, 346499, 346501, 346503, 346505, 346507, 346509, 346511, 346513, 346515, 346517, 346519, 346521, 346523, 346525, 346527, 346533, 346539, 346541, 346555, 346563, 346565, 346571, 346575, 346577, 346579, 346581, 346583, 346585, 346587, 346589, 346591, 346593, 346595, 346597, 346599, 346601, 346603, 346605, 346607, 346609, 346611, 346613, 346615, 346617, 346619, 346623, 346627, 346629, 346631, 346633, 346635, 346638, 346640, 346642, 346644, 346646, 346663, 346724, 346726]}",,OPCUA_RECURSIVE_BROWSE,True
1786335370000,1786335375000,benign,benign#chunk43,[],{},,,False
1786335375000,1786335380000,benign,benign#chunk43,[],{},,,False
1786335380000,1786335385000,benign,benign#chunk43,[],{},,,False
1786335385000,1786335390000,benign,benign#chunk43,[],{},,,False
1786335390000,1786335395000,benign,benign#chunk43,[],{},,,False
1786335395000,1786335400000,benign,benign#chunk43,[],{},,,False
1786335400000,1786335405000,benign,benign#chunk43,[],{},,,False
1786335405000,1786335410000,benign,benign#chunk44,[],{},,,False
1786335410000,1786335415000,benign,benign#chunk44,[],{},,,False
1786335415000,1786335420000,benign,benign#chunk44,[],{},,,False
1786335420000,1786335425000,benign,benign#chunk44,[],{},,,False
1786335425000,1786335430000,OPCUA_SLOWLORIS,OPCUA_SLOWLORIS#c48,"[""OPCUA_SLOWLORIS""]","{""OPCUA_SLOWLORIS#c48"": [351750, 351752, 351755, 351760, 351775, 351789, 351796, 351801, 351818]}",,OPCUA_SLOWLORIS,True
1786335430000,1786335435000,OPCUA_SLOWLORIS,OPCUA_SLOWLORIS#c48,"[""OPCUA_SLOWLORIS""]","{""OPCUA_SLOWLORIS#c48"": [351837, 351841, 351847, 351861, 351875, 351878, 351885, 351899, 351917, 351920, 351925, 351940, 351954, 351957, 351962, 351977, 351991, 351994, 352006, 352016, 352026, 352039, 352044, 352059, 352073, 352076, 352082, 352096, 352098, 352113, 352119, 352133, 352151, 352154, 352156, 352163, 352164, 352182, 352196, 352206, 352208, 352210, 352212, 352215, 352217, 352221, 352298, 352302, 352306, 352308, 352312, 352314, 352318, 352328, 352332, 352334, 352368, 352403, 352410, 352414, 352422, 352425, 352427, 352431, 352452, 352453, 352493, 352498, 352531, 352535, 352543, 352548, 352549, 352556, 352565, 352566, 352600, 352602, 352606, 352607, 352641, 352658, 352659, 352664, 352671, 352672, 352705]}",,OPCUA_SLOWLORIS,True
1786335435000,1786335440000,OPCUA_SLOWLORIS,OPCUA_SLOWLORIS#c48,"[""OPCUA_SLOWLORIS""]","{""OPCUA_SLOWLORIS#c48"": [352707, 352715, 352716, 352723, 352738, 352739, 352764, 352781, 352782, 352813, 352815, 352823, 352824, 352829, 352834, 352835, 352840, 352867, 352868, 352919, 352920, 352929, 352930, 352935, 352938, 352939, 352948, 352955, 352956, 353028, 353029, 353036, 353037, 353042, 353043, 353044, 353051, 353054, 353055, 353144, 353145, 353150, 353151, 353200, 353201, 353202, 353255, 353266, 353267]}",,OPCUA_SLOWLORIS,True
1786335440000,1786335445000,OPCUA_SLOWLORIS,OPCUA_SLOWLORIS#c48,"[""OPCUA_SLOWLORIS""]","{""OPCUA_SLOWLORIS#c48"": [353347, 353348, 353355, 353356, 353363, 353364, 353365, 353372, 353379, 353380, 353451, 353452, 353457, 353458, 353463, 353464, 353465, 353474, 353481, 353482, 353555, 353556, 353565, 353566, 353571, 353572, 353573, 353584, 353589, 353590, 353651, 353654, 353665, 353666, 353673, 353674, 353675, 353682, 353687, 353688, 353721, 353722, 353763, 353764, 353780, 353781, 353782, 353791, 353794, 353795]}",,OPCUA_SLOWLORIS,True
1786335445000,1786335450000,OPCUA_SLOWLORIS,OPCUA_SLOWLORIS#c48,"[""OPCUA_SLOWLORIS""]","{""OPCUA_SLOWLORIS#c48"": [353850, 353851, 353856, 353857, 353868, 353869, 353870, 353888, 353930, 353931, 353985, 353986, 353993, 353994, 353997, 353998, 353999, 354008, 354011, 354012, 354100, 354101, 354106, 354107, 354112, 354116, 354117, 354125, 354128, 354129, 354202, 354203, 354208, 354209, 354210, 354214, 354215, 354223, 354226, 354227, 354302, 354303, 354316, 354317, 354318, 354325, 354326, 354333, 354335, 354336]}",,OPCUA_SLOWLORIS,True
1786335450000,1786335455000,OPCUA_SLOWLORIS,OPCUA_SLOWLORIS#c48,"[""OPCUA_SLOWLORIS""]","{""OPCUA_SLOWLORIS#c48"": [354419, 354420, 354430, 354431, 354432, 354436, 354437, 354454, 354466, 354467, 354472, 354474, 354476, 354478, 354480, 354482, 354486, 354488, 354490, 354493, 354565, 354566, 354579, 354580, 354581, 354585, 354586, 354594, 354599, 354600, 354678, 354679, 354686, 354687, 354688, 354699, 354700, 354703, 354707, 354708, 354801, 354802, 354819, 354820, 354821, 354830, 354831, 354834, 354839, 354840, 354908, 354909, 354916, 354917, 354918, 354925, 354926, 354931, 354936, 354937]}",,OPCUA_SLOWLORIS,True
1786335455000,1786335460000,OPCUA_SLOWLORIS,OPCUA_SLOWLORIS#c48,"[""OPCUA_SLOWLORIS""]","{""OPCUA_SLOWLORIS#c48"": [354984, 354985, 355022, 355023, 355024, 355035, 355036, 355037, 355046, 355047, 355090, 355091, 355108, 355109, 355110, 355139, 355140, 355141, 355152, 355153, 355196, 355197, 355208, 355209, 355210, 355217, 355218, 355219, 355250, 355251, 355319, 355320, 355327, 355328, 355329, 355336, 355337, 355338, 355349, 355350, 355417, 355418, 355425, 355426, 355427, 355438, 355439, 355440, 355447, 355448]}",,OPCUA_SLOWLORIS,True
1786335460000,1786335465000,OPCUA_SLOWLORIS,OPCUA_SLOWLORIS#c48,"[""OPCUA_SLOWLORIS""]","{""OPCUA_SLOWLORIS#c48"": [355517, 355518, 355535, 355536, 355537, 355544, 355545, 355546, 355563, 355564, 355641, 355642, 355649, 355650, 355651, 355658, 355659, 355660, 355667, 355668, 355744, 355745, 355752, 355753, 355754, 355761, 355762, 355763, 355774, 355775, 355848, 355849, 355856, 355857, 355858, 355865, 355866, 355867, 355874, 355875, 355944, 355945, 355952, 355953, 355954, 355961, 355962, 355963, 355970, 355971]}",,OPCUA_SLOWLORIS,True
1786335465000,1786335470000,OPCUA_SLOWLORIS,OPCUA_SLOWLORIS#c48,"[""OPCUA_SLOWLORIS""]","{""OPCUA_SLOWLORIS#c48"": [356026, 356027, 356052, 356053, 356054, 356063, 356064, 356065, 356074, 356075, 356112, 356113, 356159, 356160, 356161, 356174, 356175, 356176, 356181, 356182, 356225, 356226, 356233, 356234, 356235, 356278, 356279, 356280, 356289, 356290, 356338, 356339, 356348, 356349, 356350, 356357, 356358, 356359, 356382, 356383, 356446, 356447, 356455, 356456, 356457, 356474, 356475, 356476, 356481, 356482]}",,OPCUA_SLOWLORIS,True
1786335470000,1786335475000,OPCUA_SLOWLORIS,OPCUA_SLOWLORIS#c48,"[""OPCUA_SLOWLORIS""]","{""OPCUA_SLOWLORIS#c48"": [356560, 356561, 356570, 356571, 356572, 356579, 356580, 356581, 356587, 356588, 356594, 356596, 356598, 356617, 356619, 356624, 356626, 356643, 356645, 356650, 356652, 356673, 356675, 356680, 356682, 356702, 356704, 356713, 356715, 356733]}",,OPCUA_SLOWLORIS,True
1786335475000,1786335480000,benign,benign#chunk44,[],{},,,False
1786335480000,1786335485000,benign,benign#chunk44,[],{},,,False
1786335485000,1786335490000,benign,benign#chunk44,[],{},,,False
1786335490000,1786335495000,benign,benign#chunk44,[],{},,,False
1786335495000,1786335500000,benign,benign#chunk44,[],{},,,False
1786335500000,1786335505000,benign,benign#chunk44,[],{},,,False
1786335505000,1786335510000,benign,benign#chunk44,[],{},,,False
1786335510000,1786335515000,benign,benign#chunk44,[],{},,,False
1786335515000,1786335520000,benign,benign#chunk45,[],{},,,False
1786335520000,1786335525000,benign,benign#chunk45,[],{},,,False
1786335525000,1786335530000,benign,benign#chunk45,[],{},,,False
1786335530000,1786335535000,OPCUA_SUBSCRIPTION_FLOOD,OPCUA_SUBSCRIPTION_FLOOD#c49,"[""OPCUA_SUBSCRIPTION_FLOOD""]","{""OPCUA_SUBSCRIPTION_FLOOD#c49"": [362121, 362123, 362125, 362128, 362130, 362146, 362147, 362164, 362267, 362271, 362344]}",,OPCUA_SUBSCRIPTION_FLOOD,True
1786335535000,1786335540000,OPCUA_SUBSCRIPTION_FLOOD,OPCUA_SUBSCRIPTION_FLOOD#c49,"[""OPCUA_SUBSCRIPTION_FLOOD""]","{""OPCUA_SUBSCRIPTION_FLOOD#c49"": [362452, 362531, 362614, 362719, 362720, 362807]}",,OPCUA_SUBSCRIPTION_FLOOD,True
1786335540000,1786335545000,OPCUA_SUBSCRIPTION_FLOOD,OPCUA_SUBSCRIPTION_FLOOD#c49,"[""OPCUA_SUBSCRIPTION_FLOOD""]","{""OPCUA_SUBSCRIPTION_FLOOD#c49"": [362885, 362954, 363010, 363046, 363050, 363052]}",,OPCUA_SUBSCRIPTION_FLOOD,True
1786335545000,1786335550000,benign,benign#chunk45,[],{},,,False
1786335550000,1786335555000,benign,benign#chunk45,[],{},,,False
1786335555000,1786335560000,benign,benign#chunk45,[],{},,,False
1786335560000,1786335565000,benign,benign#chunk45,[],{},,,False
1786335565000,1786335570000,benign,benign#chunk45,[],{},,,False
1786335570000,1786335575000,benign,benign#chunk45,[],{},,,False
1786335575000,1786335580000,benign,benign#chunk45,[],{},,,False
1786335580000,1786335585000,benign,benign#chunk45,[],{},,,False
1786335585000,1786335590000,benign,benign#chunk45,[],{},,,False
1786335590000,1786335595000,benign,benign#chunk46,[],{},,,False
1786335595000,1786335600000,benign,benign#chunk46,[],{},,,False
1786335600000,1786335605000,OPCUA_BEHAVIORAL_PROFILING,OPCUA_BEHAVIORAL_PROFILING#c50,"[""OPCUA_BEHAVIORAL_PROFILING""]","{""OPCUA_BEHAVIORAL_PROFILING#c50"": [368023, 368025, 368028, 368030, 368046, 368047, 368050]}",,OPCUA_BEHAVIORAL_PROFILING,True
1786335605000,1786335610000,OPCUA_BEHAVIORAL_PROFILING,OPCUA_BEHAVIORAL_PROFILING#c50,"[""OPCUA_BEHAVIORAL_PROFILING""]","{""OPCUA_BEHAVIORAL_PROFILING#c50"": [368072, 368078, 368088, 368094, 368105, 368166, 368178, 368262, 368373, 368445, 368446]}",,OPCUA_BEHAVIORAL_PROFILING,True
1786335610000,1786335615000,OPCUA_BEHAVIORAL_PROFILING,OPCUA_BEHAVIORAL_PROFILING#c50,"[""OPCUA_BEHAVIORAL_PROFILING""]","{""OPCUA_BEHAVIORAL_PROFILING#c50"": [368514, 368593, 368667, 368672, 368757, 368845]}",,OPCUA_BEHAVIORAL_PROFILING,True
1786335615000,1786335620000,OPCUA_BEHAVIORAL_PROFILING,OPCUA_BEHAVIORAL_PROFILING#c50,"[""OPCUA_BEHAVIORAL_PROFILING""]","{""OPCUA_BEHAVIORAL_PROFILING#c50"": [368880, 368892, 369020, 369095, 369183, 369301]}",,OPCUA_BEHAVIORAL_PROFILING,True
1786335620000,1786335625000,OPCUA_BEHAVIORAL_PROFILING,OPCUA_BEHAVIORAL_PROFILING#c50,"[""OPCUA_BEHAVIORAL_PROFILING""]","{""OPCUA_BEHAVIORAL_PROFILING#c50"": [369498, 369577, 369648, 369719, 369724, 369808]}",,OPCUA_BEHAVIORAL_PROFILING,True
1786335625000,1786335630000,OPCUA_BEHAVIORAL_PROFILING,OPCUA_BEHAVIORAL_PROFILING#c50,"[""OPCUA_BEHAVIORAL_PROFILING""]","{""OPCUA_BEHAVIORAL_PROFILING#c50"": [369890, 369920, 369961, 370003, 370108, 370176, 370181]}",,OPCUA_BEHAVIORAL_PROFILING,True
1786335630000,1786335635000,OPCUA_BEHAVIORAL_PROFILING,OPCUA_BEHAVIORAL_PROFILING#c50,"[""OPCUA_BEHAVIORAL_PROFILING""]","{""OPCUA_BEHAVIORAL_PROFILING#c50"": [370260, 370353, 370417, 370433, 370517, 370590]}",,OPCUA_BEHAVIORAL_PROFILING,True
1786335635000,1786335640000,OPCUA_BEHAVIORAL_PROFILING,OPCUA_BEHAVIORAL_PROFILING#c50,"[""OPCUA_BEHAVIORAL_PROFILING""]","{""OPCUA_BEHAVIORAL_PROFILING#c50"": [370724, 370847, 370917, 370979, 371067]}",,OPCUA_BEHAVIORAL_PROFILING,True
1786335640000,1786335645000,OPCUA_BEHAVIORAL_PROFILING,OPCUA_BEHAVIORAL_PROFILING#c50,"[""OPCUA_BEHAVIORAL_PROFILING""]","{""OPCUA_BEHAVIORAL_PROFILING#c50"": [371133, 371158, 371239, 371325, 371388, 371394, 371396, 371400]}",,OPCUA_BEHAVIORAL_PROFILING,True
1786335645000,1786335650000,benign,benign#chunk46,[],{},,,False
1786335650000,1786335655000,benign,benign#chunk46,[],{},,,False
1786335655000,1786335660000,benign,benign#chunk46,[],{},,,False
1786335660000,1786335665000,benign,benign#chunk46,[],{},,,False
1786335665000,1786335670000,benign,benign#chunk46,[],{},,,False
1786335670000,1786335675000,benign,benign#chunk46,[],{},,,False
1786335675000,1786335680000,benign,benign#chunk46,[],{},,,False
1786335680000,1786335685000,benign,benign#chunk46,[],{},,,False
1786335685000,1786335690000,benign,benign#chunk46,[],{},,,False
1786335690000,1786335695000,benign,benign#chunk46,[],{},,,False
1786335695000,1786335700000,benign,benign#chunk47,[],{},,,False
1786335700000,1786335705000,OPCUA_PROTOCOL_FUZZ,OPCUA_PROTOCOL_FUZZ#c51,"[""OPCUA_PROTOCOL_FUZZ""]","{""OPCUA_PROTOCOL_FUZZ#c51"": [376330, 376360]}",,OPCUA_PROTOCOL_FUZZ,True
1786335705000,1786335710000,OPCUA_PROTOCOL_FUZZ,OPCUA_PROTOCOL_FUZZ#c51,"[""OPCUA_PROTOCOL_FUZZ""]","{""OPCUA_PROTOCOL_FUZZ#c51"": [376573, 376593, 376662]}",,OPCUA_PROTOCOL_FUZZ,True
1786335710000,1786335715000,benign,benign#chunk47,[],{},,,False
1786335715000,1786335720000,benign,benign#chunk47,[],{},,,False
1786335720000,1786335725000,benign,benign#chunk47,[],{},,,False
1786335725000,1786335730000,benign,benign#chunk47,[],{},,,False
1786335730000,1786335735000,benign,benign#chunk47,[],{},,,False
1786335735000,1786335740000,benign,benign#chunk47,[],{},,,False
1786335740000,1786335745000,benign,benign#chunk47,[],{},,,False
1786335745000,1786335750000,benign,benign#chunk47,[],{},,,False
1786335750000,1786335755000,benign,benign#chunk47,[],{},,,False
1786335755000,1786335760000,benign,benign#chunk47,[],{},,,False
1786335760000,1786335765000,benign,benign#chunk47,[],{},,,False
1786335765000,1786335770000,OPCUA_WRITE_DENIED,OPCUA_WRITE_DENIED#c52,"[""OPCUA_WRITE_DENIED""]","{""OPCUA_WRITE_DENIED#c52"": [381876, 381878, 381881, 381883, 381899]}",,OPCUA_WRITE_DENIED,True
1786335770000,1786335775000,benign,benign#chunk48,[],{},,,False
1786335775000,1786335780000,benign,benign#chunk48,[],{},,,False
1786335780000,1786335785000,benign,benign#chunk48,[],{},,,False
1786335785000,1786335790000,benign,benign#chunk48,[],{},,,False
1786335790000,1786335795000,benign,benign#chunk48,[],{},,,False
1786335795000,1786335800000,benign,benign#chunk48,[],{},,,False
1786335800000,1786335805000,benign,benign#chunk48,[],{},,,False
1786335805000,1786335810000,benign,benign#chunk48,[],{},,,False
1786335810000,1786335815000,benign,benign#chunk48,[],{},,,False
1786335815000,1786335820000,benign,benign#chunk48,[],{},,,False
1786335820000,1786335825000,benign,benign#chunk48,[],{},,,False
1786335825000,1786335830000,OPCUA_BEHAVIORAL_PROFILING,OPCUA_BEHAVIORAL_PROFILING#c53,"[""OPCUA_BEHAVIORAL_PROFILING""]","{""OPCUA_BEHAVIORAL_PROFILING#c53"": [386902, 386904, 386907, 386909, 386911, 386912, 386927, 386945, 386947, 386949, 386951, 386953, 387031, 387035, 387114]}",,OPCUA_BEHAVIORAL_PROFILING,True
1786335830000,1786335835000,OPCUA_BEHAVIORAL_PROFILING,OPCUA_BEHAVIORAL_PROFILING#c53,"[""OPCUA_BEHAVIORAL_PROFILING""]","{""OPCUA_BEHAVIORAL_PROFILING#c53"": [387242, 387244, 387321, 387407, 387493, 387500, 387581]}",,OPCUA_BEHAVIORAL_PROFILING,True
1786335835000,1786335840000,OPCUA_BEHAVIORAL_PROFILING,OPCUA_BEHAVIORAL_PROFILING#c53,"[""OPCUA_BEHAVIORAL_PROFILING""]","{""OPCUA_BEHAVIORAL_PROFILING#c53"": [387662, 387704, 387733, 387787, 387866, 387971, 387972]}",,OPCUA_BEHAVIORAL_PROFILING,True
1786335840000,1786335845000,OPCUA_BEHAVIORAL_PROFILING,OPCUA_BEHAVIORAL_PROFILING#c53,"[""OPCUA_BEHAVIORAL_PROFILING""]","{""OPCUA_BEHAVIORAL_PROFILING#c53"": [388071, 388159, 388238, 388307, 388383]}",,OPCUA_BEHAVIORAL_PROFILING,True
1786335845000,1786335850000,OPCUA_BEHAVIORAL_PROFILING,OPCUA_BEHAVIORAL_PROFILING#c53,"[""OPCUA_BEHAVIORAL_PROFILING""]","{""OPCUA_BEHAVIORAL_PROFILING#c53"": [388462, 388552, 388603, 388629, 388730, 388782]}",,OPCUA_BEHAVIORAL_PROFILING,True
1786335850000,1786335855000,OPCUA_BEHAVIORAL_PROFILING,OPCUA_BEHAVIORAL_PROFILING#c53,"[""OPCUA_BEHAVIORAL_PROFILING""]","{""OPCUA_BEHAVIORAL_PROFILING#c53"": [388887, 388903, 388974, 389066, 389138, 389145, 389226]}",,OPCUA_BEHAVIORAL_PROFILING,True
1786335855000,1786335860000,OPCUA_BEHAVIORAL_PROFILING,OPCUA_BEHAVIORAL_PROFILING#c53,"[""OPCUA_BEHAVIORAL_PROFILING""]","{""OPCUA_BEHAVIORAL_PROFILING#c53"": [389343, 389405, 389416, 389512, 389598]}",,OPCUA_BEHAVIORAL_PROFILING,True
1786335860000,1786335865000,OPCUA_BEHAVIORAL_PROFILING,OPCUA_BEHAVIORAL_PROFILING#c53,"[""OPCUA_BEHAVIORAL_PROFILING""]","{""OPCUA_BEHAVIORAL_PROFILING#c53"": [389752, 389842, 389915, 389991, 390059, 390140]}",,OPCUA_BEHAVIORAL_PROFILING,True
1786335865000,1786335870000,OPCUA_BEHAVIORAL_PROFILING,OPCUA_BEHAVIORAL_PROFILING#c53,"[""OPCUA_BEHAVIORAL_PROFILING""]","{""OPCUA_BEHAVIORAL_PROFILING#c53"": [390148, 390221, 390225, 390227]}",,OPCUA_BEHAVIORAL_PROFILING,True
1786335870000,1786335875000,benign,benign#chunk48,[],{},,,False
1786335875000,1786335880000,benign,benign#chunk49,[],{},,,False
1786335880000,1786335885000,benign,benign#chunk49,[],{},,,False
1786335885000,1786335890000,benign,benign#chunk49,[],{},,,False
1786335890000,1786335895000,benign,benign#chunk49,[],{},,,False
1786335895000,1786335900000,benign,benign#chunk49,[],{},,,False
1786335900000,1786335905000,benign,benign#chunk49,[],{},,,False
1786335905000,1786335910000,benign,benign#chunk49,[],{},,,False
1786335910000,1786335915000,benign,benign#chunk49,[],{},,,False
1786335915000,1786335920000,benign,benign#chunk49,[],{},,,False
1786335920000,1786335925000,benign,benign#chunk49,[],{},,,False
1786335925000,1786335930000,OPCUA_WRITE_DENIED,OPCUA_WRITE_DENIED#c54,"[""OPCUA_WRITE_DENIED""]","{""OPCUA_WRITE_DENIED#c54"": [395886, 395888, 395891, 395893, 395907, 395921]}",,OPCUA_WRITE_DENIED,True
1786335930000,1786335935000,benign,benign#chunk49,[],{},,,False
1786335935000,1786335940000,benign,benign#chunk49,[],{},,,False
1786335940000,1786335945000,benign,benign#chunk50,[],{},,,False
1786335945000,1786335950000,benign,benign#chunk50,[],{},,,False
1786335950000,1786335955000,benign,benign#chunk50,[],{},,,False
1786335955000,1786335960000,benign,benign#chunk50,[],{},,,False
1786335960000,1786335965000,benign,benign#chunk50,[],{},,,False
1786335965000,1786335970000,benign,benign#chunk50,[],{},,,False
1786335970000,1786335975000,benign,benign#chunk50,[],{},,,False
1786335975000,1786335980000,benign,benign#chunk50,[],{},,,False
1786335980000,1786335985000,benign,benign#chunk50,[],{},,,False
1786335985000,1786335990000,OPCUA_INVALID_WRITE,OPCUA_INVALID_WRITE#c55,"[""OPCUA_INVALID_WRITE""]","{""OPCUA_INVALID_WRITE#c55"": [402476, 402478, 402480, 402483, 402485, 402499, 402517]}",,OPCUA_INVALID_WRITE,True
1786335990000,1786335995000,benign,benign#chunk50,[],{},,,False
1786335995000,1786336000000,benign,benign#chunk50,[],{},,,False
1786336000000,1786336005000,benign,benign#chunk50,[],{},,,False
1786336005000,1786336010000,benign,benign#chunk51,[],{},,,False
1786336010000,1786336015000,benign,benign#chunk51,[],{},,,False
1786336015000,1786336020000,benign,benign#chunk51,[],{},,,False
1786336020000,1786336025000,benign,benign#chunk51,[],{},,,False
1786336025000,1786336030000,benign,benign#chunk51,[],{},,,False
1786336030000,1786336035000,benign,benign#chunk51,[],{},,,False
1786336035000,1786336040000,benign,benign#chunk51,[],{},,,False
1786336040000,1786336045000,benign,benign#chunk51,[],{},,,False
1786336045000,1786336050000,OPCUA_RECURSIVE_BROWSE,OPCUA_RECURSIVE_BROWSE#c56,"[""OPCUA_RECURSIVE_BROWSE""]","{""OPCUA_RECURSIVE_BROWSE#c56"": [411584, 411586, 411589, 411591, 411605, 411619, 411621, 411623, 411625, 411627, 411629, 411631, 411633, 411635, 411637, 411639, 411641, 411645, 411647, 411649, 411651, 411653, 411655, 411657, 411659, 411661, 411663, 411665, 411667, 411669, 411671, 411673, 411681, 411683, 411685, 411687, 411689, 411691, 411694, 411696, 411698, 411704, 411706, 411708, 411710, 411712, 411714, 411716, 411719, 411721, 411723, 411725, 411727, 411729, 411731, 411733, 411736, 411738, 411742, 411744, 411746, 411843, 411845, 411847, 411849, 411851, 411853, 411855, 411857, 411859, 411861, 411863, 411865, 411867, 411869, 411871, 411873, 411875, 411879, 411881, 411883, 411885, 411887, 411889, 411891, 411893, 411895, 411897, 411899, 411903, 411907, 411909, 411911, 411913, 411915, 411917, 411919, 411921, 411923, 411927, 411929, 411931, 411933, 411935, 411937, 411939, 411940, 411945, 411947, 411949, 411951, 411953, 411955, 411957, 411959, 411962, 411964, 411966, 411968, 411970, 412072, 412074, 412076, 412078, 412080, 412082, 412084, 412086, 412088, 412090, 412092, 412094, 412096, 412098, 412100, 412102, 412104, 412106, 412108, 412110, 412112, 412114, 412116, 412118, 412120, 412122, 412124, 412126, 412128, 412130, 412132, 412134, 412136, 412138, 412140, 412142, 412144, 412146, 412148, 412150, 412157, 412185, 412240, 412299, 412378, 412389, 412395, 412401, 412407, 412409, 412411, 412413, 412415, 412418, 412420, 412422, 412424, 412426, 412454, 412473, 412475, 412477, 412479, 412481, 412483, 412485, 412487, 412489, 412491, 412493, 412495, 412497, 412499, 412501, 412503, 412505, 412507, 412509, 412511, 412513, 412515, 412517, 412519, 412521, 412523, 412525, 412527, 412529, 412531, 412533, 412535, 412537, 412539, 412541, 412543, 412545, 412547, 412549, 412551, 412553, 412557, 412563, 412569, 412575, 412589, 412599, 412613, 412617, 412623, 412627, 412629, 412631, 412636, 412638, 412640, 412645, 412651, 412692, 412698, 412700, 412703, 412705, 412707, 412709, 412711, 412713, 412715, 412717, 412719, 412721, 412723, 412725, 412727, 412729, 412731, 412733, 412735, 412737, 412739, 412741, 412743, 412745, 412747, 412749, 412751, 412753, 412755, 412757, 412759, 412761, 412763, 412765, 412767, 412769, 412771, 412773, 412775, 412777, 412779, 412781, 412783, 412785, 412787, 412789, 412791, 412797, 412803, 412805, 412807, 412809, 412811, 412820, 412822, 412824, 412826, 412828, 412902, 412904, 412906, 412908, 412910, 412912, 412916, 412918, 412920, 412922, 412924, 412926, 412928, 412930, 412932, 412934, 412936, 412938, 412940, 412942, 412944, 412946, 412948, 412950, 412952, 412956, 412960, 412964, 412966, 412968, 412970, 412972, 412974, 412976, 412978, 412979, 412984, 412988, 412990, 412992, 412994, 412996, 412998, 413000, 413002, 413004, 413006, 413008, 413010, 413012]}",,OPCUA_RECURSIVE_BROWSE,True
1786336050000,1786336055000,OPCUA_RECURSIVE_BROWSE,OPCUA_RECURSIVE_BROWSE#c56,"[""OPCUA_RECURSIVE_BROWSE""]","{""OPCUA_RECURSIVE_BROWSE#c56"": [413014, 413016, 413018, 413020, 413023, 413025, 413027, 413029, 413031, 413084, 413086, 413088, 413090, 413092, 413094, 413096, 413098, 413100, 413104, 413106, 413108, 413110, 413112, 413114, 413116, 413118, 413122, 413128, 413134, 413144, 413150, 413156, 413160, 413162, 413164, 413166, 413168, 413170, 413172, 413184, 413194, 413198, 413200, 413202, 413204, 413206, 413208, 413214, 413216, 413218, 413220, 413222, 413224, 413226, 413228, 413230, 413232, 413234, 413238, 413242, 413244, 413246, 413249, 413251, 413253, 413255, 413257, 413266, 413271, 413273, 413275, 413277, 413279, 413281, 413283, 413285, 413287, 413289, 413291, 413293, 413295, 413297, 413299, 413301, 413303, 413305, 413307, 413309, 413311, 413313, 413315, 413317, 413319, 413321, 413323, 413325, 413328, 413330, 413332, 413334, 413336, 413338, 413340, 413342, 413344, 413346, 413349, 413351, 413353, 413355, 413357, 413359, 413361, 413363, 413365, 413371, 413373, 413375, 413377, 413379, 413381, 413384, 413386, 413388, 413390, 413392, 413461, 413488, 413490, 413496, 413498, 413500, 413502, 413504, 413506, 413508, 413510, 413512, 413514, 413516, 413518, 413520, 413522, 413524, 413526, 413528, 413530, 413532, 413534, 413536, 413538, 413540, 413542, 413544, 413548, 413550, 413552, 413554, 413556, 413558, 413560, 413562, 413572, 413577, 413583, 413587, 413589, 413591, 413593, 413595, 413597, 413599, 413601, 413605, 413607, 413609, 413611, 413613, 413615, 413617, 413620, 413622, 413624, 413626, 413628, 413685, 413691, 413697, 413703, 413709, 413715, 413719, 413723, 413727, 413729, 413731, 413733, 413735, 413737, 413738, 413751, 413757, 413759, 413761, 413763, 413765, 413767, 413769, 413771, 413773, 413775, 413777, 413779, 413781, 413783, 413785, 413787, 413789, 413791, 413793, 413795, 413797, 413799, 413801, 413803, 413805, 413807, 413809, 413811, 413813, 413815, 413817, 413819, 413821, 413823, 413825, 413827, 413829, 413831, 413834, 413836, 413838, 413840, 413842, 413861, 413863, 413865, 413867, 413869, 413871, 413873, 413875, 413877, 413879, 413881, 413883, 413889, 413902, 413908, 413910, 413912, 413914, 413916, 413918, 413920, 413922, 413924, 413926, 413928, 413930, 413932, 413934, 413936, 413938, 413940, 413942, 413946, 413948, 413950, 413952, 413954, 413956, 413958, 413960, 413962, 413964, 413966, 413968, 413970, 413972, 413974, 413976, 413978, 413980, 413982, 413984, 413986, 413989, 413991, 413993, 413995, 414001, 414004, 414102, 414104, 414106, 414108, 414110, 414112, 414114, 414116, 414118, 414120, 414122, 414124, 414126, 414128, 414130, 414132, 414134, 414136, 414138, 414140, 414142, 414144, 414146, 414148, 414152, 414154, 414156, 414158, 414160, 414162, 414164, 414166, 414168, 414170, 414172, 414174, 414176, 414178, 414180, 414182, 414184, 414186, 414188, 414190, 414192, 414194, 414196, 414198, 414200, 414202, 414204, 414206, 414208, 414211, 414213, 414215, 414217, 414219, 414238]}",,OPCUA_RECURSIVE_BROWSE,True
1786336055000,1786336060000,OPCUA_RECURSIVE_BROWSE,OPCUA_RECURSIVE_BROWSE#c56,"[""OPCUA_RECURSIVE_BROWSE""]","{""OPCUA_RECURSIVE_BROWSE#c56"": [414263, 414265, 414269, 414275, 414281, 414287, 414293, 414297, 414301, 414307, 414315, 414319, 414323, 414325, 414327, 414329, 414331, 414333, 414335, 414337, 414339, 414341, 414345, 414347, 414349, 414351, 414353, 414357, 414363, 414367, 414369, 414371, 414373, 414375, 414377, 414379, 414381, 414383, 414385, 414387, 414389, 414391, 414393, 414395, 414397, 414399, 414401, 414403, 414405, 414407, 414409, 414411, 414413, 414416, 414418, 414420, 414422, 414424, 414453, 414454, 414457, 414461, 414463, 414465, 414469, 414471, 414473, 414475, 414477, 414479, 414481, 414483, 414485, 414489, 414493, 414496, 414498, 414500, 414502, 414504, 414506, 414508, 414514, 414516, 414520, 414522, 414524, 414526, 414530, 414532, 414534, 414536, 414538, 414540, 414542, 414544, 414546, 414548, 414550, 414552, 414554, 414556, 414558, 414560, 414562, 414564, 414566, 414568, 414570, 414572, 414574, 414576, 414579, 414581, 414583, 414585, 414587, 414645, 414651, 414653, 414659, 414661, 414663, 414665, 414667, 414669, 414671, 414673, 414675, 414677, 414679, 414681, 414683, 414685, 414687, 414689, 414691, 414693, 414695, 414697, 414699, 414701, 414703, 414705, 414707, 414709, 414711, 414713, 414715, 414717, 414719, 414721, 414723, 414725, 414727, 414729, 414731, 414733, 414735, 414737, 414739, 414741, 414747, 414749, 414751, 414753, 414755, 414757, 414759, 414761, 414764, 414765, 414774, 414776, 414778, 414780, 414829, 414831, 414833, 414835, 414837, 414839, 414841, 414847, 414851, 414855, 414857, 414859, 414863, 414865, 414867, 414869, 414871, 414875, 414877, 414879, 414881, 414883, 414885, 414887, 414889, 414891, 414893, 414895, 414897, 414899, 414901, 414903, 414905, 414907, 414909, 414911, 414913, 414915, 414917, 414919, 414921, 414923, 414925, 414927, 414929, 414931, 414933, 414935, 414937, 414939, 414941, 414947, 414949, 414954, 414958, 414960, 414962, 414964, 414975, 415000, 415002, 415004, 415006, 415008, 415010, 415012, 415014, 415016, 415018, 415020, 415022, 415024, 415026, 415028, 415030, 415032, 415034, 415036, 415038, 415040, 415042, 415044, 415046, 415048, 415050, 415052, 415054, 415056, 415058, 415060, 415062, 415064, 415066, 415068, 415070, 415072, 415074, 415076, 415078, 415080, 415082, 415084, 415086, 415088, 415090, 415092, 415094, 415096, 415098, 415100, 415102, 415104, 415107, 415109, 415111, 415113, 415115, 415178, 415181, 415183, 415185, 415188, 415190, 415192, 415194, 415196, 415198, 415200, 415202, 415204, 415206, 415210, 415215, 415217, 415219, 415221, 415223, 415225, 415227, 415229, 415231, 415233, 415239, 415241, 415243, 415245, 415247, 415249, 415251, 415253, 415255, 415257, 415259, 415261, 415263, 415265, 415267, 415271, 415273, 415275, 415277, 415279, 415281, 415283, 415285, 415287, 415289, 415291, 415293, 415295, 415297, 415300, 415302, 415304, 415306, 415308, 415389, 415391, 415397, 415401, 415403, 415405, 415407, 415411, 415413, 415415, 415417, 415419, 415425, 415427, 415431, 415433, 415435, 415437, 415440, 415442, 415444, 415446, 415448, 415450, 415452, 415454, 415456, 415458, 415460, 415462, 415464, 415466, 415468, 415470, 415474, 415476, 415478, 415480, 415482, 415484, 415486, 415487, 415490, 415494, 415496, 415498, 415500, 415502, 415504, 415506, 415508, 415510, 415512, 415514, 415517]}",,OPCUA_RECURSIVE_BROWSE,True
1786336060000,1786336065000,OPCUA_RECURSIVE_BROWSE,OPCUA_RECURSIVE_BROWSE#c56,"[""OPCUA_RECURSIVE_BROWSE""]","{""OPCUA_RECURSIVE_BROWSE#c56"": [415519, 415521, 415523, 415525, 415544, 415546, 415548, 415550, 415556, 415558, 415560, 415562, 415564, 415566, 415568, 415570, 415572, 415574, 415576, 415578, 415580, 415582, 415584, 415586, 415588, 415590, 415592, 415594, 415596, 415598, 415600, 415602, 415604, 415606, 415608, 415610, 415612, 415614, 415616, 415618, 415620, 415622, 415628, 415632, 415634, 415636, 415638, 415644, 415646, 415648, 415650, 415652, 415654, 415656, 415658, 415660, 415662, 415669, 415673, 415675, 415677, 415679, 415716, 415731, 415735]}",,OPCUA_RECURSIVE_BROWSE,True
1786336065000,1786336070000,benign,benign#chunk51,[],{},,,False
1786336070000,1786336075000,benign,benign#chunk51,[],{},,,False
1786336075000,1786336080000,benign,benign#chunk51,[],{},,,False
1786336080000,1786336085000,benign,benign#chunk51,[],{},,,False
1786336085000,1786336090000,benign,benign#chunk52,[],{},,,False
1786336090000,1786336095000,benign,benign#chunk52,[],{},,,False
1786336095000,1786336100000,benign,benign#chunk52,[],{},,,False
1786336100000,1786336105000,benign,benign#chunk52,[],{},,,False
1786336105000,1786336110000,benign,benign#chunk52,[],{},,,False
1786336110000,1786336115000,benign,benign#chunk52,[],{},,,False
1786336115000,1786336120000,benign,benign#chunk52,[],{},,,False
1786336120000,1786336125000,OPCUA_WRITE_DENIED,OPCUA_WRITE_DENIED#c57,"[""OPCUA_WRITE_DENIED""]","{""OPCUA_WRITE_DENIED#c57"": [420931, 420933, 420935, 420938, 420940, 420954, 420980]}",,OPCUA_WRITE_DENIED,True
1786336125000,1786336130000,benign,benign#chunk52,[],{},,,False
1786336130000,1786336135000,benign,benign#chunk52,[],{},,,False
1786336135000,1786336140000,benign,benign#chunk52,[],{},,,False
1786336140000,1786336145000,benign,benign#chunk52,[],{},,,False
1786336145000,1786336150000,benign,benign#chunk52,[],{},,,False
1786336150000,1786336155000,benign,benign#chunk53,[],{},,,False
1786336155000,1786336160000,benign,benign#chunk53,[],{},,,False
1786336160000,1786336165000,benign,benign#chunk53,[],{},,,False
1786336165000,1786336170000,benign,benign#chunk53,[],{},,,False
1786336170000,1786336175000,benign,benign#chunk53,[],{},,,False
1786336175000,1786336180000,benign,benign#chunk53,[],{},,,False
1786336180000,1786336185000,OPCUA_NODE_BROWSE,OPCUA_NODE_BROWSE#c58,"[""OPCUA_NODE_BROWSE""]","{""OPCUA_NODE_BROWSE#c58"": [426207, 426209, 426211, 426214, 426216, 426236, 426250, 426252, 426254, 426256, 426258, 426260, 426262, 426264, 426266, 426268, 426270, 426272, 426274, 426276, 426280, 426282, 426284, 426286]}",,OPCUA_NODE_BROWSE,True
1786336185000,1786336190000,benign,benign#chunk53,[],{},,,False
1786336190000,1786336195000,benign,benign#chunk53,[],{},,,False
1786336195000,1786336200000,benign,benign#chunk53,[],{},,,False
1786336200000,1786336205000,benign,benign#chunk53,[],{},,,False
1786336205000,1786336210000,benign,benign#chunk53,[],{},,,False
1786336210000,1786336215000,benign,benign#chunk53,[],{},,,False
1786336215000,1786336220000,benign,benign#chunk54,[],{},,,False
1786336220000,1786336225000,benign,benign#chunk54,[],{},,,False
1786336225000,1786336230000,benign,benign#chunk54,[],{},,,False
1786336230000,1786336235000,benign,benign#chunk54,[],{},,,False
1786336235000,1786336240000,benign,benign#chunk54,[],{},,,False
1786336240000,1786336245000,OPCUA_BEHAVIORAL_PROFILING,OPCUA_BEHAVIORAL_PROFILING#c59,"[""OPCUA_BEHAVIORAL_PROFILING""]","{""OPCUA_BEHAVIORAL_PROFILING#c59"": [431116, 431120, 431124, 431127, 431135, 431158, 431159, 431162, 431186, 431194, 431196, 431198, 431200, 431261, 431265, 431340, 431435, 431439]}",,OPCUA_BEHAVIORAL_PROFILING,True
1786336245000,1786336250000,OPCUA_BEHAVIORAL_PROFILING,OPCUA_BEHAVIORAL_PROFILING#c59,"[""OPCUA_BEHAVIORAL_PROFILING""]","{""OPCUA_BEHAVIORAL_PROFILING#c59"": [431517, 431599, 431688, 431689, 431783, 431874]}",,OPCUA_BEHAVIORAL_PROFILING,True
1786336250000,1786336255000,OPCUA_BEHAVIORAL_PROFILING,OPCUA_BEHAVIORAL_PROFILING#c59,"[""OPCUA_BEHAVIORAL_PROFILING""]","{""OPCUA_BEHAVIORAL_PROFILING#c59"": [431967, 431968, 432013, 432090, 432169, 432255]}",,OPCUA_BEHAVIORAL_PROFILING,True
1786336255000,1786336260000,OPCUA_BEHAVIORAL_PROFILING,OPCUA_BEHAVIORAL_PROFILING#c59,"[""OPCUA_BEHAVIORAL_PROFILING""]","{""OPCUA_BEHAVIORAL_PROFILING#c59"": [432544, 432634, 432725, 432806, 432807, 432877]}",,OPCUA_BEHAVIORAL_PROFILING,True
1786336260000,1786336265000,OPCUA_BEHAVIORAL_PROFILING,OPCUA_BEHAVIORAL_PROFILING#c59,"[""OPCUA_BEHAVIORAL_PROFILING""]","{""OPCUA_BEHAVIORAL_PROFILING#c59"": [432967, 433051, 433052, 433093, 433165, 433244, 433245]}",,OPCUA_BEHAVIORAL_PROFILING,True
1786336265000,1786336270000,OPCUA_BEHAVIORAL_PROFILING,OPCUA_BEHAVIORAL_PROFILING#c59,"[""OPCUA_BEHAVIORAL_PROFILING""]","{""OPCUA_BEHAVIORAL_PROFILING#c59"": [433326, 433405, 433524, 433534, 433625, 433694]}",,OPCUA_BEHAVIORAL_PROFILING,True
1786336270000,1786336275000,OPCUA_BEHAVIORAL_PROFILING,OPCUA_BEHAVIORAL_PROFILING#c59,"[""OPCUA_BEHAVIORAL_PROFILING""]","{""OPCUA_BEHAVIORAL_PROFILING#c59"": [433778, 433865, 433976, 434103, 434194]}",,OPCUA_BEHAVIORAL_PROFILING,True
1786336275000,1786336280000,OPCUA_BEHAVIORAL_PROFILING,OPCUA_BEHAVIORAL_PROFILING#c59,"[""OPCUA_BEHAVIORAL_PROFILING""]","{""OPCUA_BEHAVIORAL_PROFILING#c59"": [434273, 434286, 434358, 434445, 434517, 434524, 434682, 434686, 434688]}",,OPCUA_BEHAVIORAL_PROFILING,True
1786336280000,1786336285000,benign,benign#chunk54,[],{},,,False
1786336285000,1786336290000,benign,benign#chunk54,[],{},,,False
1786336290000,1786336295000,benign,benign#chunk54,[],{},,,False
1786336295000,1786336300000,benign,benign#chunk54,[],{},,,False
1786336300000,1786336305000,benign,benign#chunk54,[],{},,,False
1786336305000,1786336310000,benign,benign#chunk54,[],{},,,False
1786336310000,1786336315000,benign,benign#chunk54,[],{},,,False
1786336315000,1786336320000,benign,benign#chunk55,[],{},,,False
1786336320000,1786336325000,benign,benign#chunk55,[],{},,,False
1786336325000,1786336330000,benign,benign#chunk55,[],{},,,False
1786336330000,1786336335000,benign,benign#chunk55,[],{},,,False
1786336335000,1786336340000,OPCUA_BEHAVIORAL_PROFILING,OPCUA_BEHAVIORAL_PROFILING#c60,"[""OPCUA_BEHAVIORAL_PROFILING""]","{""OPCUA_BEHAVIORAL_PROFILING#c60"": [439823, 439825, 439827, 439830, 439832, 439854, 439855, 439870, 439872, 439874, 439876, 439878, 439880]}",,OPCUA_BEHAVIORAL_PROFILING,True
1786336340000,1786336345000,OPCUA_BEHAVIORAL_PROFILING,OPCUA_BEHAVIORAL_PROFILING#c60,"[""OPCUA_BEHAVIORAL_PROFILING""]","{""OPCUA_BEHAVIORAL_PROFILING#c60"": [439963, 439975, 440057, 440154, 440203, 440221, 440272]}",,OPCUA_BEHAVIORAL_PROFILING,True
1786336345000,1786336350000,OPCUA_BEHAVIORAL_PROFILING,OPCUA_BEHAVIORAL_PROFILING#c60,"[""OPCUA_BEHAVIORAL_PROFILING""]","{""OPCUA_BEHAVIORAL_PROFILING#c60"": [440356, 440435, 440437, 440520, 440593, 440709, 440710]}",,OPCUA_BEHAVIORAL_PROFILING,True
1786336350000,1786336355000,OPCUA_BEHAVIORAL_PROFILING,OPCUA_BEHAVIORAL_PROFILING#c60,"[""OPCUA_BEHAVIORAL_PROFILING""]","{""OPCUA_BEHAVIORAL_PROFILING#c60"": [440848, 440951, 441034, 441039, 441080, 441153]}",,OPCUA_BEHAVIORAL_PROFILING,True
1786336355000,1786336360000,OPCUA_BEHAVIORAL_PROFILING,OPCUA_BEHAVIORAL_PROFILING#c60,"[""OPCUA_BEHAVIORAL_PROFILING""]","{""OPCUA_BEHAVIORAL_PROFILING#c60"": [441247, 441316, 441393, 441469, 441544]}",,OPCUA_BEHAVIORAL_PROFILING,True
1786336360000,1786336365000,OPCUA_BEHAVIORAL_PROFILING,OPCUA_BEHAVIORAL_PROFILING#c60,"[""OPCUA_BEHAVIORAL_PROFILING""]","{""OPCUA_BEHAVIORAL_PROFILING#c60"": [441655, 441658, 441731, 441808, 441857, 441892, 441934]}",,OPCUA_BEHAVIORAL_PROFILING,True
1786336365000,1786336370000,OPCUA_BEHAVIORAL_PROFILING,OPCUA_BEHAVIORAL_PROFILING#c60,"[""OPCUA_BEHAVIORAL_PROFILING""]","{""OPCUA_BEHAVIORAL_PROFILING#c60"": [442019, 442093, 442096, 442194, 442273, 442363, 442376]}",,OPCUA_BEHAVIORAL_PROFILING,True
1786336370000,1786336375000,OPCUA_BEHAVIORAL_PROFILING,OPCUA_BEHAVIORAL_PROFILING#c60,"[""OPCUA_BEHAVIORAL_PROFILING""]","{""OPCUA_BEHAVIORAL_PROFILING#c60"": [442478, 442564, 442647, 442739, 442804]}",,OPCUA_BEHAVIORAL_PROFILING,True
1786336375000,1786336380000,OPCUA_BEHAVIORAL_PROFILING,OPCUA_BEHAVIORAL_PROFILING#c60,"[""OPCUA_BEHAVIORAL_PROFILING""]","{""OPCUA_BEHAVIORAL_PROFILING#c60"": [442869, 442942, 443039, 443043, 443045]}",,OPCUA_BEHAVIORAL_PROFILING,True
1786336380000,1786336385000,benign,benign#chunk55,[],{},,,False
1786336385000,1786336390000,benign,benign#chunk55,[],{},,,False
1786336390000,1786336395000,benign,benign#chunk55,[],{},,,False
1786336395000,1786336400000,benign,benign#chunk55,[],{},,,False
1786336400000,1786336405000,benign,benign#chunk55,[],{},,,False
1786336405000,1786336410000,benign,benign#chunk55,[],{},,,False
1786336410000,1786336415000,benign,benign#chunk55,[],{},,,False
1786336415000,1786336420000,benign,benign#chunk55,[],{},,,False
1786336420000,1786336425000,benign,benign#chunk56,[],{},,,False
1786336425000,1786336430000,benign,benign#chunk56,[],{},,,False
1786336430000,1786336435000,benign,benign#chunk56,[],{},,,False
1786336435000,1786336440000,OPCUA_SLOWLORIS,OPCUA_SLOWLORIS#c61,"[""OPCUA_SLOWLORIS""]","{""OPCUA_SLOWLORIS#c61"": [448067, 448071, 448073, 448076, 448087, 448101, 448121, 448124, 448129, 448144, 448160, 448163, 448168, 448185, 448199, 448202, 448232, 448238, 448240, 448243, 448248, 448263, 448277, 448280, 448285, 448300, 448314, 448317, 448322, 448337, 448355, 448358, 448363, 448378, 448392, 448394, 448399, 448414, 448428, 448431, 448436, 448453, 448467, 448474, 448476, 448480, 448482, 448508, 448526, 448544, 448550, 448557, 448563, 448570, 448574, 448577, 448613, 448622, 448628, 448633, 448637, 448640, 448643, 448645, 448649, 448651, 448715, 448722, 448724, 448730, 448734]}",,OPCUA_SLOWLORIS,True
1786336440000,1786336445000,OPCUA_SLOWLORIS,OPCUA_SLOWLORIS#c61,"[""OPCUA_SLOWLORIS""]","{""OPCUA_SLOWLORIS#c61"": [448758, 448761, 448763, 448767, 448768, 448849, 448855, 448857, 448888, 448892, 448898, 448901, 448905, 448909, 448910, 448974, 448981, 448982, 448989, 448992, 448995, 448996, 449005, 449014, 449015, 449084, 449090, 449091, 449099, 449102, 449109, 449110, 449113, 449122, 449123, 449198, 449199, 449200, 449217, 449220, 449223, 449224, 449225, 449236, 449237, 449287, 449288, 449289, 449316]}",,OPCUA_SLOWLORIS,True
1786336445000,1786336450000,OPCUA_SLOWLORIS,OPCUA_SLOWLORIS#c61,"[""OPCUA_SLOWLORIS""]","{""OPCUA_SLOWLORIS#c61"": [449323, 449326, 449327, 449328, 449335, 449336, 449387, 449388, 449389, 449418, 449445, 449451, 449452, 449453, 449462, 449463, 449494, 449495, 449496, 449502, 449516, 449549, 449550, 449551, 449564, 449565, 449598, 449599, 449600, 449610, 449618, 449621, 449622, 449623, 449664, 449665, 449708, 449709, 449710, 449711, 449728, 449731, 449732, 449733, 449740, 449741, 449814, 449815, 449816, 449817]}",,OPCUA_SLOWLORIS,True
1786336450000,1786336455000,OPCUA_SLOWLORIS,OPCUA_SLOWLORIS#c61,"[""OPCUA_SLOWLORIS""]","{""OPCUA_SLOWLORIS#c61"": [449833, 449837, 449838, 449839, 449852, 449853, 449938, 449939, 449940, 449943, 449958, 449965, 449966, 449967, 449975, 449976, 450037, 450038, 450039, 450040, 450063, 450066, 450067, 450068, 450079, 450080, 450152, 450153, 450154, 450155, 450172, 450181, 450182, 450183, 450192, 450193, 450262, 450263, 450264, 450265, 450290, 450313, 450314, 450315, 450324, 450325]}",,OPCUA_SLOWLORIS,True
1786336455000,1786336460000,OPCUA_SLOWLORIS,OPCUA_SLOWLORIS#c61,"[""OPCUA_SLOWLORIS""]","{""OPCUA_SLOWLORIS#c61"": [450424, 450425, 450426, 450427, 450446, 450449, 450450, 450451, 450458, 450459, 450516, 450517, 450518, 450519, 450572, 450579, 450580, 450581, 450585, 450586, 450648, 450649, 450650, 450651, 450677, 450712, 450713, 450714, 450726, 450729, 450777, 450778, 450779, 450780, 450805, 450810, 450811, 450812, 450851, 450852, 450873, 450875, 450877, 450881, 450883, 450885, 450887, 450889, 450891, 450893, 450915, 450916, 450917, 450918, 450933, 450942, 450943, 450944, 450953, 450954]}",,OPCUA_SLOWLORIS,True
1786336460000,1786336465000,OPCUA_SLOWLORIS,OPCUA_SLOWLORIS#c61,"[""OPCUA_SLOWLORIS""]","{""OPCUA_SLOWLORIS#c61"": [451110, 451111, 451112, 451113, 451132, 451141, 451142, 451143, 451160, 451161, 451233, 451234, 451235, 451236, 451249, 451256, 451257, 451258, 451271, 451272, 451341, 451342, 451343, 451344, 451363, 451370, 451371, 451372, 451385, 451386, 451445, 451446, 451447, 451448, 451463, 451467, 451468, 451469, 451481, 451482, 451544, 451545, 451546, 451547, 451560, 451567, 451568, 451569, 451580, 451581]}",,OPCUA_SLOWLORIS,True
1786336465000,1786336470000,OPCUA_SLOWLORIS,OPCUA_SLOWLORIS#c61,"[""OPCUA_SLOWLORIS""]","{""OPCUA_SLOWLORIS#c61"": [451653, 451654, 451655, 451656, 451669, 451674, 451675, 451676, 451691, 451692, 451756, 451757, 451758, 451759, 451776, 451780, 451781, 451782, 451794, 451795, 451858, 451859, 451860, 451861, 451876, 451881, 451882, 451883, 451900, 451901, 451922, 451923, 451924, 451925, 451948, 451985, 451988, 451989, 452008, 452009, 452045, 452046, 452047, 452048, 452059, 452070, 452071, 452078, 452099, 452100]}",,OPCUA_SLOWLORIS,True
1786336470000,1786336475000,OPCUA_SLOWLORIS,OPCUA_SLOWLORIS#c61,"[""OPCUA_SLOWLORIS""]","{""OPCUA_SLOWLORIS#c61"": [452155, 452156, 452157, 452158, 452171, 452182, 452183, 452192, 452197, 452198, 452290, 452291, 452292, 452293, 452302, 452309, 452310, 452319, 452324, 452325, 452403, 452404, 452405, 452406, 452413, 452428, 452429, 452438, 452443, 452444, 452507, 452508, 452509, 452510, 452515, 452526, 452527, 452528, 452541, 452542, 452604, 452605, 452606, 452607, 452618, 452631, 452632, 452633, 452640, 452641]}",,OPCUA_SLOWLORIS,True
1786336475000,1786336480000,OPCUA_SLOWLORIS,OPCUA_SLOWLORIS#c61,"[""OPCUA_SLOWLORIS""]","{""OPCUA_SLOWLORIS#c61"": [452702, 452703, 452704, 452705, 452714, 452731, 452732, 452733, 452744, 452745, 452815, 452816, 452817, 452818, 452825, 452844, 452845, 452846, 452857, 452858, 452930, 452931, 452932, 452933, 452942, 452968, 452969, 452970, 452996, 452997, 453050, 453051, 453052, 453053, 453062, 453075, 453076, 453077, 453094, 453096, 453098, 453119, 453121, 453126, 453128, 453149, 453150, 453151, 453153, 453158, 453160, 453181, 453183, 453190, 453192, 453209, 453211, 453217, 453219, 453236]}",,OPCUA_SLOWLORIS,True
1786336480000,1786336485000,benign,benign#chunk56,[],{},,,False
1786336485000,1786336490000,benign,benign#chunk56,[],{},,,False
1786336490000,1786336495000,benign,benign#chunk56,[],{},,,False
1786336495000,1786336500000,benign,benign#chunk56,[],{},,,False
1786336500000,1786336505000,benign,benign#chunk56,[],{},,,False
1786336505000,1786336510000,benign,benign#chunk56,[],{},,,False
1786336510000,1786336515000,benign,benign#chunk56,[],{},,,False
1786336515000,1786336520000,benign,benign#chunk56,[],{},,,False
1786336520000,1786336525000,benign,benign#chunk56,[],{},,,False
1786336525000,1786336530000,benign,benign#chunk57,[],{},,,False
1786336530000,1786336535000,benign,benign#chunk57,[],{},,,False
1786336535000,1786336540000,OPCUA_READ_SCRAPING,OPCUA_READ_SCRAPING#c62,"[""OPCUA_READ_SCRAPING""]","{""OPCUA_READ_SCRAPING#c62"": [458183, 458185, 458187, 458194, 458196, 458210, 458224, 458226, 458228, 458230, 458241, 458243, 458245, 458247, 458249, 458251, 458263, 458265, 458268, 458270, 458272, 458274, 458277, 458279, 458281, 458283, 458285, 458287, 458292, 458294, 458296, 458298, 458300, 458302, 458305, 458307, 458309, 458311, 458313, 458315, 458320, 458322, 458324, 458326, 458328, 458330, 458345, 458347, 458349, 458351, 458353, 458355, 458386, 458388, 458390, 458392, 458394, 458396, 458415, 458417, 458419, 458421, 458423, 458425, 458432, 458434, 458436, 458438, 458440, 458442, 458446, 458448, 458450, 458452, 458454, 458456, 458458, 458465, 458467, 458469, 458471, 458473, 458475, 458478, 458480, 458482, 458484, 458486, 458488, 458491, 458495, 458497, 458499, 458501, 458503, 458508]}",,OPCUA_READ_SCRAPING,True
1786336540000,1786336545000,OPCUA_READ_SCRAPING,OPCUA_READ_SCRAPING#c62,"[""OPCUA_READ_SCRAPING""]","{""OPCUA_READ_SCRAPING#c62"": [458510, 458512, 458514, 458516, 458518, 458521, 458523, 458525, 458527, 458529, 458531, 458534, 458536, 458538, 458542, 458544, 458546, 458570, 458572, 458574, 458576, 458578, 458580, 458589, 458591, 458593, 458595, 458597, 458599, 458608, 458615, 458621, 458627, 458631, 458639, 458661, 458663, 458665, 458667, 458669, 458671, 458675, 458676, 458681, 458683, 458685, 458687, 458689, 458696, 458698, 458700, 458702, 458704, 458706, 458711, 458713, 458715, 458717, 458719, 458721, 458724, 458726, 458728, 458730, 458732, 458734, 458739, 458741, 458743, 458745, 458747, 458749, 458752, 458754, 458756, 458758, 458760, 458762, 458792, 458794, 458796, 458798, 458800, 458802, 458811, 458813, 458817, 458819, 458821, 458825, 458828, 458830, 458832, 458834, 458836, 458838, 458849, 458851, 458853, 458855, 458857, 458859, 458870, 458876, 458882, 458888, 458894, 458900, 458908, 458914, 458916, 458918, 458922, 458932, 458940, 458943, 458945, 458947, 458949, 458951, 458953, 458956, 458958, 458960, 458962, 458964, 458966, 458971, 458973, 458975, 458977, 458979, 458981, 458990, 458992, 458994, 458996, 458998, 459000, 459007, 459009, 459011, 459013, 459015, 459017, 459025, 459027, 459029, 459031, 459033, 459035, 459044, 459046, 459048, 459052, 459054, 459056, 459061, 459063, 459065, 459067, 459069, 459071, 459082, 459084, 459086, 459088, 459090, 459092, 459097, 459099, 459101, 459103, 459104, 459109, 459111, 459146, 459152, 459156, 459158, 459160, 459162, 459169, 459173, 459175, 459177, 459179, 459181, 459184, 459188, 459190, 459192, 459194, 459196, 459203, 459205, 459207, 459209, 459211, 459213, 459216, 459218, 459222, 459224, 459226, 459228, 459231, 459233, 459235, 459237, 459239, 459241, 459244, 459246, 459248, 459250, 459252, 459254, 459263, 459265, 459267, 459269, 459271, 459275, 459278, 459284, 459286, 459288, 459290, 459292, 459295, 459297, 459299, 459301, 459303, 459305, 459310, 459311, 459316, 459318, 459320, 459322, 459324, 459331, 459333, 459335, 459337, 459339, 459341, 459376, 459378, 459380, 459382, 459384, 459386, 459401, 459403, 459405, 459407, 459409, 459411, 459416, 459420, 459422, 459424, 459426, 459428, 459431, 459433, 459435, 459437, 459439, 459441, 459444, 459446, 459449, 459451, 459453, 459455, 459460, 459462, 459464, 459466, 459468, 459470, 459479, 459481, 459483, 459485, 459487, 459489, 459496, 459498, 459500, 459502, 459504, 459506, 459511, 459513, 459515, 459517, 459519, 459521, 459526, 459527, 459530, 459534, 459536, 459538, 459540, 459557, 459559, 459565, 459567, 459569, 459571, 459574, 459576, 459578, 459580, 459582, 459584, 459623, 459625, 459627, 459631, 459635, 459637]}",,OPCUA_READ_SCRAPING,True
1786336545000,1786336550000,OPCUA_READ_SCRAPING,OPCUA_READ_SCRAPING#c62,"[""OPCUA_READ_SCRAPING""]","{""OPCUA_READ_SCRAPING#c62"": [459644, 459647, 459649, 459651, 459653, 459656, 459659, 459661, 459663, 459665, 459667, 459669, 459672, 459674, 459676, 459678, 459680, 459682, 459685, 459687, 459689, 459691, 459693, 459699, 459711, 459715, 459720, 459722, 459724, 459726, 459729, 459731, 459737, 459739, 459741, 459743, 459748, 459750, 459754, 459756, 459758, 459760, 459765, 459766, 459771, 459777, 459781, 459783, 459785, 459792, 459794, 459796, 459798, 459800, 459802, 459809, 459811, 459813, 459815, 459817, 459819, 459822, 459824, 459826, 459828, 459830, 459832, 459867, 459869, 459871, 459875, 459879, 459881, 459888, 459890, 459892, 459894, 459896, 459898, 459902, 459904, 459907, 459909, 459911, 459913, 459918, 459920, 459922, 459924, 459926, 459928, 459935, 459937, 459939, 459941, 459943, 459945, 459950, 459952, 459958, 459962, 459964, 459966, 459973, 459975, 459977, 459979, 459981, 459983, 459990, 459991, 459996, 459998, 460000, 460002, 460004, 460013, 460015, 460017, 460019, 460021, 460023, 460028, 460030, 460032, 460034, 460036, 460038, 460041, 460043, 460045, 460047, 460049, 460051, 460054, 460056, 460058, 460060, 460064, 460070, 460092, 460101, 460107, 460109, 460111, 460115, 460122, 460124, 460126, 460128, 460130, 460132, 460135, 460137, 460139, 460143, 460145, 460147, 460154, 460156, 460158, 460160, 460162, 460166, 460177, 460179, 460181, 460183, 460185, 460187, 460190, 460192, 460194, 460196, 460198, 460204, 460207, 460208, 460213, 460215, 460217, 460219, 460221, 460234, 460236, 460238, 460240, 460242, 460244, 460247, 460249]}",,OPCUA_READ_SCRAPING,True
1786336550000,1786336555000,benign,benign#chunk57,[],{},,,False
1786336555000,1786336560000,benign,benign#chunk57,[],{},,,False
1786336560000,1786336565000,benign,benign#chunk57,[],{},,,False
1786336565000,1786336570000,benign,benign#chunk57,[],{},,,False
1786336570000,1786336575000,benign,benign#chunk57,[],{},,,False
1786336575000,1786336580000,benign,benign#chunk57,[],{},,,False
1786336580000,1786336585000,benign,benign#chunk57,[],{},,,False
1786336585000,1786336590000,benign,benign#chunk57,[],{},,,False
1786336590000,1786336595000,benign,benign#chunk57,[],{},,,False
1786336595000,1786336600000,benign,benign#chunk57,[],{},,,False
1786336600000,1786336605000,benign,benign#chunk58,[],{},,,False
1786336605000,1786336610000,OPCUA_PROTOCOL_FUZZ,OPCUA_PROTOCOL_FUZZ#c63,"[""OPCUA_PROTOCOL_FUZZ""]","{""OPCUA_PROTOCOL_FUZZ#c63"": [465136, 465185]}",,OPCUA_PROTOCOL_FUZZ,True
1786336610000,1786336615000,OPCUA_PROTOCOL_FUZZ,OPCUA_PROTOCOL_FUZZ#c63,"[""OPCUA_PROTOCOL_FUZZ""]","{""OPCUA_PROTOCOL_FUZZ#c63"": [465426, 465457, 465524]}",,OPCUA_PROTOCOL_FUZZ,True
1786336615000,1786336620000,benign,benign#chunk58,[],{},,,False
1786336620000,1786336625000,benign,benign#chunk58,[],{},,,False
1786336625000,1786336630000,benign,benign#chunk58,[],{},,,False
1786336630000,1786336635000,benign,benign#chunk58,[],{},,,False
1786336635000,1786336640000,benign,benign#chunk58,[],{},,,False
1786336640000,1786336645000,benign,benign#chunk58,[],{},,,False
1786336645000,1786336650000,benign,benign#chunk58,[],{},,,False
1786336650000,1786336655000,benign,benign#chunk58,[],{},,,False
1786336655000,1786336660000,benign,benign#chunk58,[],{},,,False
1786336660000,1786336665000,benign,benign#chunk58,[],{},,,False
1786336665000,1786336670000,benign,benign#chunk58,[],{},,,False
1786336670000,1786336675000,OPCUA_NODE_BROWSE,OPCUA_NODE_BROWSE#c64,"[""OPCUA_NODE_BROWSE""]","{""OPCUA_NODE_BROWSE#c64"": [470638, 470640, 470642, 470645, 470647, 470661, 470685, 470687, 470689, 470691, 470693, 470695, 470697, 470699, 470703, 470705, 470707, 470709, 470711, 470713, 470715, 470717, 470723]}",,OPCUA_NODE_BROWSE,True
1786336675000,1786336680000,benign,benign#chunk59,[],{},,,False
1786336680000,1786336685000,benign,benign#chunk59,[],{},,,False
1786336685000,1786336690000,benign,benign#chunk59,[],{},,,False
1786336690000,1786336695000,benign,benign#chunk59,[],{},,,False
1786336695000,1786336700000,benign,benign#chunk59,[],{},,,False
1786336700000,1786336705000,benign,benign#chunk59,[],{},,,False
1786336705000,1786336710000,benign,benign#chunk59,[],{},,,False
1786336710000,1786336715000,benign,benign#chunk59,[],{},,,False
1786336715000,1786336720000,benign,benign#chunk59,[],{},,,False
1786336720000,1786336725000,benign,benign#chunk59,[],{},,,False
1786336725000,1786336730000,benign,benign#chunk59,[],{},,,False
1786336730000,1786336735000,OPCUA_WRITE_DENIED,OPCUA_WRITE_DENIED#c65,"[""OPCUA_WRITE_DENIED""]","{""OPCUA_WRITE_DENIED#c65"": [475667, 475669, 475671, 475674, 475676, 475690, 475704]}",,OPCUA_WRITE_DENIED,True
1786336735000,1786336740000,benign,benign#chunk59,[],{},,,False
1786336740000,1786336745000,benign,benign#chunk60,[],{},,,False
1786336745000,1786336750000,benign,benign#chunk60,[],{},,,False
1786336750000,1786336755000,benign,benign#chunk60,[],{},,,False
1786336755000,1786336760000,benign,benign#chunk60,[],{},,,False
1786336760000,1786336765000,benign,benign#chunk60,[],{},,,False
1786336765000,1786336770000,benign,benign#chunk60,[],{},,,False
1786336770000,1786336775000,benign,benign#chunk60,[],{},,,False
1786336775000,1786336780000,benign,benign#chunk60,[],{},,,False
1786336780000,1786336785000,benign,benign#chunk60,[],{},,,False
1786336785000,1786336790000,benign,benign#chunk60,[],{},,,False
1786336790000,1786336795000,OPCUA_READ_SCRAPING,OPCUA_READ_SCRAPING#c66,"[""OPCUA_READ_SCRAPING""]","{""OPCUA_READ_SCRAPING#c66"": [480483, 480488, 480490, 480495, 480498, 480513, 480533, 480535, 480537, 480540, 480547, 480549, 480551, 480553, 480555, 480557, 480566, 480568, 480570, 480572, 480574, 480576, 480583, 480585, 480587, 480589, 480591, 480593, 480606, 480608, 480610, 480612, 480614, 480616, 480619, 480623, 480627, 480629, 480631, 480633, 480645, 480647, 480649, 480651, 480653, 480655, 480660, 480662, 480664, 480666, 480668, 480670, 480673, 480675, 480677, 480679, 480681, 480684, 480688, 480690, 480692, 480694, 480696, 480698, 480701, 480703, 480705, 480707, 480711, 480717, 480723, 480752, 480756, 480764, 480766, 480768, 480770, 480775, 480777, 480779, 480781, 480783, 480785, 480788, 480790, 480792, 480798, 480800, 480802, 480829, 480831, 480833, 480835, 480837, 480839, 480854, 480856, 480858, 480860, 480862, 480864, 480869, 480871, 480873, 480875, 480877, 480879, 480886, 480888, 480890, 480892, 480894, 480896, 480899, 480901, 480903, 480905, 480907, 480909, 480913, 480915, 480917, 480919, 480922, 480924, 480927, 480929, 480931, 480933, 480935, 480937, 480940, 480942, 480944, 480946, 480947, 480952, 480954, 480965, 480967, 480969, 480971, 480973, 480975, 481000, 481004, 481008, 481010, 481012, 481014, 481031, 481033, 481035, 481037, 481039, 481041]}",,OPCUA_READ_SCRAPING,True
1786336795000,1786336800000,OPCUA_READ_SCRAPING,OPCUA_READ_SCRAPING#c66,"[""OPCUA_READ_SCRAPING""]","{""OPCUA_READ_SCRAPING#c66"": [481052, 481054, 481060, 481062, 481064, 481066, 481075, 481077, 481079, 481081, 481083, 481085, 481091, 481093, 481095, 481097, 481099, 481101, 481105, 481107, 481109, 481111, 481113, 481115, 481124, 481126, 481128, 481130, 481132, 481134, 481137, 481139, 481141, 481143, 481145, 481147, 481155, 481157, 481159, 481161, 481163, 481165, 481167, 481168, 481175, 481177, 481179, 481181, 481183, 481190, 481192, 481194, 481196, 481198, 481200, 481209, 481211, 481213, 481215, 481217, 481223, 481260, 481262, 481264, 481266, 481268, 481270, 481289, 481291, 481293, 481295, 481301, 481306, 481316, 481318, 481320, 481322, 481324, 481326, 481334, 481337, 481341, 481345, 481347, 481349, 481365, 481367, 481370, 481372, 481374, 481376, 481384, 481386, 481388, 481390, 481392, 481394, 481397, 481399, 481401, 481403, 481405, 481407, 481411, 481416, 481421, 481423, 481425, 481427, 481438, 481440, 481442, 481444, 481446, 481450, 481458, 481595, 481624, 481657, 481687, 481691, 481693, 481704, 481706, 481708, 481710, 481712, 481718, 481725, 481731, 481735, 481737, 481739, 481741, 481766, 481772, 481778, 481782, 481784, 481786, 481801, 481805, 481809, 481811, 481813, 481815, 481820, 481822, 481824, 481826, 481828, 481830, 481837, 481839, 481841, 481843, 481845, 481847, 481850, 481852, 481854, 481856, 481858, 481860, 481865, 481867, 481869, 481871, 481873, 481875, 481878, 481880, 481882, 481884, 481886, 481888, 481894, 481900, 481902, 481904, 481906, 481908, 481910, 481913, 481919, 481921, 481923, 481933, 481936, 481939, 481941, 481943, 481945, 481951, 481953, 481956, 481958, 481960, 481962, 481964, 481966, 481973, 481975, 481977, 481981, 481985, 481987, 481992, 481994, 481996, 481998, 482002, 482008, 482039, 482043, 482047, 482049, 482051, 482053, 482058, 482060, 482062, 482064, 482068, 482070, 482073, 482076, 482078, 482082, 482084, 482086, 482093, 482095, 482097, 482103, 482105, 482107, 482110, 482112, 482114, 482116, 482118, 482122, 482124, 482134, 482136, 482140, 482142, 482144, 482146, 482152, 482154, 482156, 482158, 482160, 482162, 482169, 482171, 482173, 482175, 482177, 482179, 482184, 482186, 482188, 482190, 482192, 482194, 482201, 482203, 482205, 482207, 482209, 482211, 482216, 482218, 482220, 482222, 482224, 482226, 482231, 482237, 482243, 482249, 482255, 482261, 482278, 482280, 482284, 482286, 482288, 482290, 482299, 482301, 482303, 482305, 482307, 482309, 482312, 482314, 482316, 482318, 482320, 482322, 482327, 482333, 482340, 482342, 482343, 482346, 482351, 482368, 482370, 482372, 482374, 482376, 482378, 482392, 482394, 482396, 482398, 482400, 482402, 482411, 482413, 482415, 482417, 482419, 482421]}",,OPCUA_READ_SCRAPING,True
1786336800000,1786336805000,OPCUA_READ_SCRAPING,OPCUA_READ_SCRAPING#c66,"[""OPCUA_READ_SCRAPING""]","{""OPCUA_READ_SCRAPING#c66"": [482424, 482426, 482428, 482430, 482432, 482434, 482441, 482445, 482447, 482449, 482451, 482453, 482458, 482460, 482462, 482464, 482466, 482468, 482473, 482475, 482477, 482479, 482483, 482487, 482502, 482506, 482512, 482518, 482524, 482530, 482543, 482545, 482549, 482553, 482555, 482557, 482562, 482564, 482566, 482568, 482570, 482572, 482583, 482584, 482587, 482593, 482599, 482601, 482603, 482610, 482612, 482614, 482616, 482618, 482620, 482623, 482625, 482627, 482629, 482631, 482633, 482646, 482648, 482650, 482652, 482654, 482656, 482659, 482661, 482663, 482665, 482667, 482669, 482678, 482680, 482682, 482684, 482686, 482690, 482693, 482695, 482697, 482699, 482701, 482707, 482710, 482712, 482714, 482716, 482718, 482720, 482723, 482725, 482727, 482729, 482733, 482735, 482738, 482744, 482750, 482756, 482762, 482768, 482790, 482792, 482794, 482796, 482798, 482800, 482826, 482827, 482832, 482834, 482840, 482842, 482845, 482848, 482850, 482852, 482854, 482856, 482858, 482861, 482863, 482865, 482867, 482869, 482871, 482880, 482882]}",,OPCUA_READ_SCRAPING,True
1786336805000,1786336810000,benign,benign#chunk60,[],{},,,False
1786336810000,1786336815000,benign,benign#chunk60,[],{},,,False
1786336815000,1786336820000,benign,benign#chunk61,[],{},,,False
1786336820000,1786336825000,benign,benign#chunk61,[],{},,,False
1786336825000,1786336830000,benign,benign#chunk61,[],{},,,False
1786336830000,1786336835000,benign,benign#chunk61,[],{},,,False
1786336835000,1786336840000,benign,benign#chunk61,[],{},,,False
1786336840000,1786336845000,benign,benign#chunk61,[],{},,,False
1786336845000,1786336850000,benign,benign#chunk61,[],{},,,False
1786336850000,1786336855000,benign,benign#chunk61,[],{},,,False
1786336855000,1786336860000,benign,benign#chunk61,[],{},,,False
1786336860000,1786336865000,OPCUA_INVALID_WRITE,OPCUA_INVALID_WRITE#c67,"[""OPCUA_INVALID_WRITE""]","{""OPCUA_INVALID_WRITE#c67"": [487723, 487725, 487727, 487730, 487732, 487754, 487772, 487774]}",,OPCUA_INVALID_WRITE,True
1786336865000,1786336870000,benign,benign#chunk61,[],{},,,False
1786336870000,1786336875000,benign,benign#chunk61,[],{},,,False
1786336875000,1786336880000,benign,benign#chunk61,[],{},,,False
1786336880000,1786336885000,benign,benign#chunk62,[],{},,,False
1786336885000,1786336890000,benign,benign#chunk62,[],{},,,False
1786336890000,1786336895000,benign,benign#chunk62,[],{},,,False
1786336895000,1786336900000,benign,benign#chunk62,[],{},,,False
1786336900000,1786336905000,benign,benign#chunk62,[],{},,,False
1786336905000,1786336910000,benign,benign#chunk62,[],{},,,False
1786336910000,1786336915000,benign,benign#chunk62,[],{},,,False
1786336915000,1786336920000,benign,benign#chunk62,[],{},,,False
1786336920000,1786336925000,OPCUA_PROTOCOL_FUZZ,OPCUA_PROTOCOL_FUZZ#c68,"[""OPCUA_PROTOCOL_FUZZ""]","{""OPCUA_PROTOCOL_FUZZ#c68"": [492660, 492772]}",,OPCUA_PROTOCOL_FUZZ,True
1786336925000,1786336930000,OPCUA_PROTOCOL_FUZZ,OPCUA_PROTOCOL_FUZZ#c68,"[""OPCUA_PROTOCOL_FUZZ""]","{""OPCUA_PROTOCOL_FUZZ#c68"": [492982, 493121, 493193]}",,OPCUA_PROTOCOL_FUZZ,True
1786336930000,1786336935000,benign,benign#chunk62,[],{},,,False
1786336935000,1786336940000,benign,benign#chunk62,[],{},,,False
1786336940000,1786336945000,benign,benign#chunk62,[],{},,,False
1786336945000,1786336950000,benign,benign#chunk62,[],{},,,False
1786336950000,1786336955000,benign,benign#chunk63,[],{},,,False
1786336955000,1786336960000,benign,benign#chunk63,[],{},,,False
1786336960000,1786336965000,benign,benign#chunk63,[],{},,,False
1786336965000,1786336970000,benign,benign#chunk63,[],{},,,False
1786336970000,1786336975000,benign,benign#chunk63,[],{},,,False
1786336975000,1786336980000,benign,benign#chunk63,[],{},,,False
1786336980000,1786336985000,benign,benign#chunk63,[],{},,,False
1786336985000,1786336990000,OPCUA_ENDPOINT_DISCOVERY,OPCUA_ENDPOINT_DISCOVERY#c69,"[""OPCUA_ENDPOINT_DISCOVERY""]","{""OPCUA_ENDPOINT_DISCOVERY#c69"": [498036, 498038, 498040, 498043, 498048, 498062, 498076, 498080]}",,OPCUA_ENDPOINT_DISCOVERY,True
1786336990000,1786336995000,benign,benign#chunk63,[],{},,,False
1786336995000,1786337000000,benign,benign#chunk63,[],{},,,False
1786337000000,1786337005000,benign,benign#chunk63,[],{},,,False
1786337005000,1786337010000,benign,benign#chunk63,[],{},,,False
1786337010000,1786337015000,benign,benign#chunk63,[],{},,,False
1786337015000,1786337020000,benign,benign#chunk64,[],{},,,True
1786337020000,1786337025000,benign,benign#chunk64,[],{},,,False
1786337025000,1786337030000,benign,benign#chunk64,[],{},,,False
1786337030000,1786337035000,benign,benign#chunk64,[],{},,,False
1786337035000,1786337040000,benign,benign#chunk64,[],{},,,False
1786337040000,1786337045000,benign,benign#chunk64,[],{},,,False
1786337045000,1786337050000,OPCUA_SESSION_BURST,OPCUA_SESSION_BURST#c70,"[""OPCUA_SESSION_BURST""]","{""OPCUA_SESSION_BURST#c70"": [503254, 503257, 503259, 503261, 503264, 503266, 503284, 503290, 503369, 503372, 503374, 503376, 503379, 503381, 503399, 503417, 503482, 503485, 503487, 503489, 503492, 503502, 503518, 503522]}",,OPCUA_SESSION_BURST,True
1786337050000,1786337055000,OPCUA_SESSION_BURST,OPCUA_SESSION_BURST#c70,"[""OPCUA_SESSION_BURST""]","{""OPCUA_SESSION_BURST#c70"": [503606, 503609, 503611, 503613, 503616, 503618, 503637, 503651, 503722, 503725, 503727, 503729, 503732, 503734, 503748, 503762]}",,OPCUA_SESSION_BURST,True
1786337055000,1786337060000,benign,benign#chunk64,[],{},,OPCUA_SESSION_BURST,False
1786337060000,1786337065000,benign,benign#chunk64,[],{},,,False
1786337065000,1786337070000,benign,benign#chunk64,[],{},,,False
1786337070000,1786337075000,benign,benign#chunk64,[],{},,,False
1786337075000,1786337080000,benign,benign#chunk64,[],{},,,True
1786337080000,1786337085000,benign,benign#chunk64,[],{},,,False
1786337085000,1786337090000,benign,benign#chunk65,[],{},,,False
1786337090000,1786337095000,benign,benign#chunk65,[],{},,,False
1786337095000,1786337100000,benign,benign#chunk65,[],{},,,False
1786337100000,1786337105000,benign,benign#chunk65,[],{},,,False
1786337105000,1786337110000,benign,benign#chunk65,[],{},,,True
1786337110000,1786337115000,benign,benign#chunk65,[],{},,,False
1786337115000,1786337120000,OPCUA_SESSION_BURST,OPCUA_SESSION_BURST#c71,"[""OPCUA_SESSION_BURST""]","{""OPCUA_SESSION_BURST#c71"": [509139, 509142, 509144, 509146, 509149, 509151, 509169, 509187, 509273, 509276, 509278, 509280, 509283, 509293, 509307, 509313, 509450, 509453, 509455, 509459, 509462, 509464, 509484, 509498]}",,OPCUA_SESSION_BURST,True
1786337120000,1786337125000,OPCUA_SESSION_BURST,OPCUA_SESSION_BURST#c71,"[""OPCUA_SESSION_BURST""]","{""OPCUA_SESSION_BURST#c71"": [509571, 509574, 509576, 509578, 509581, 509583, 509598, 509611, 509686, 509689, 509691, 509693, 509696, 509698, 509716, 509730]}",,OPCUA_SESSION_BURST,True
1786337125000,1786337130000,benign,benign#chunk65,[],{},,OPCUA_SESSION_BURST,False
1786337130000,1786337135000,benign,benign#chunk65,[],{},,,False
1786337135000,1786337140000,benign,benign#chunk65,[],{},,,True
1786337140000,1786337145000,benign,benign#chunk65,[],{},,,False
1786337145000,1786337150000,benign,benign#chunk65,[],{},,,False
1786337150000,1786337155000,benign,benign#chunk65,[],{},,,False
1786337155000,1786337160000,benign,benign#chunk66,[],{},,,False
1786337160000,1786337165000,benign,benign#chunk66,[],{},,,False
1786337165000,1786337170000,benign,benign#chunk66,[],{},,,True
1786337170000,1786337175000,benign,benign#chunk66,[],{},,,False
1786337175000,1786337180000,benign,benign#chunk66,[],{},,,False
1786337180000,1786337185000,benign,benign#chunk66,[],{},,,False
1786337185000,1786337190000,OPCUA_SESSION_BURST,OPCUA_SESSION_BURST#c72,"[""OPCUA_SESSION_BURST""]","{""OPCUA_SESSION_BURST#c72"": [515567, 515570, 515572, 515574, 515578, 515586, 515606, 515621, 515701, 515704, 515706, 515708, 515711, 515713, 515731, 515741, 515785, 515788, 515790, 515792, 515795, 515797, 515811, 515825]}",,OPCUA_SESSION_BURST,True
1786337190000,1786337195000,OPCUA_SESSION_BURST,OPCUA_SESSION_BURST#c72,"[""OPCUA_SESSION_BURST""]","{""OPCUA_SESSION_BURST#c72"": [515913, 515916, 515918, 515920, 515923, 515925, 515943, 515957, 516023, 516026, 516028, 516030, 516033, 516035, 516051, 516067]}",,OPCUA_SESSION_BURST,True
1786337195000,1786337200000,OPCUA_SESSION_BURST,OPCUA_SESSION_BURST#c72,[],{},attack_without_in_interval_event_evidence,OPCUA_SESSION_BURST,True
1786337200000,1786337205000,benign,benign#chunk66,[],{},,,False
1786337205000,1786337210000,benign,benign#chunk66,[],{},,,False
1786337210000,1786337215000,benign,benign#chunk66,[],{},,,False
1786337215000,1786337220000,benign,benign#chunk66,[],{},,,False
1786337220000,1786337225000,benign,benign#chunk66,[],{},,,False
1786337225000,1786337230000,benign,benign#chunk66,[],{},,,True
1786337230000,1786337235000,benign,benign#chunk67,[],{},,,False
1786337235000,1786337240000,benign,benign#chunk67,[],{},,,False
1786337240000,1786337245000,benign,benign#chunk67,[],{},,,False
1786337245000,1786337250000,benign,benign#chunk67,[],{},,,False
1786337250000,1786337255000,benign,benign#chunk67,[],{},,,False
1786337255000,1786337260000,OPCUA_READ_SCRAPING,OPCUA_READ_SCRAPING#c73,"[""OPCUA_READ_SCRAPING""]","{""OPCUA_READ_SCRAPING#c73"": [521609, 521611, 521613, 521616, 521618, 521636, 521650, 521652, 521654, 521656, 521665, 521667, 521669, 521671, 521673, 521675, 521690, 521692, 521694, 521696, 521698, 521700, 521709, 521711, 521713, 521715, 521717, 521721, 521728, 521730, 521733, 521735, 521737, 521739, 521745, 521747, 521749, 521751, 521753, 521755, 521758, 521760, 521766, 521768, 521770, 521772, 521776, 521779, 521781, 521783, 521785, 521787, 521790, 521792, 521796, 521798, 521800, 521802, 521807, 521809, 521811, 521813, 521815, 521817, 521832, 521836, 521844, 521850, 521856, 521858, 521870, 521871, 521878, 521880, 521882, 521884, 521886, 521891, 521893, 521895, 521897, 521899, 521901, 521922, 521924, 521926, 521928, 521930, 521932, 521955, 521957, 521959, 521961, 521963, 521965, 521976, 521978, 521980, 521982, 521984, 521986, 521989, 521991, 521993, 521995, 521997, 521999, 522002, 522006, 522008, 522010, 522012, 522014, 522038, 522040, 522042, 522044, 522046, 522048, 522053, 522055, 522057, 522059, 522063, 522065, 522069, 522071, 522073, 522075, 522077, 522079, 522086, 522088, 522090, 522092, 522094, 522096, 522109, 522110, 522119, 522134, 522140, 522150, 522152, 522163, 522165, 522173, 522175, 522177, 522183, 522190, 522192, 522194, 522196, 522198, 522200, 522211, 522213, 522215, 522217, 522219, 522221, 522226, 522228, 522230, 522232, 522234, 522236, 522239, 522241, 522243, 522245, 522247, 522249, 522252, 522254, 522256, 522260, 522262, 522264, 522267, 522269, 522271, 522273, 522275, 522277, 522280, 522282, 522286, 522290, 522292, 522294, 522297, 522299, 522301, 522303, 522305, 522307, 522312, 522314, 522316, 522318, 522320, 522322, 522324, 522327, 522329, 522331, 522333, 522335, 522337, 522358, 522360, 522362, 522364, 522366, 522368, 522397, 522401, 522403, 522405, 522407, 522409, 522422, 522424, 522426, 522428, 522430, 522432, 522439, 522441]}",,OPCUA_READ_SCRAPING,True
1786337260000,1786337265000,OPCUA_READ_SCRAPING,OPCUA_READ_SCRAPING#c73,"[""OPCUA_READ_SCRAPING""]","{""OPCUA_READ_SCRAPING#c73"": [522443, 522445, 522447, 522449, 522452, 522454, 522456, 522458, 522460, 522462, 522465, 522469, 522471, 522473, 522475, 522477, 522486, 522488, 522490, 522492, 522494, 522496, 522503, 522505, 522507, 522509, 522511, 522513, 522516, 522518, 522520, 522522, 522524, 522526, 522531, 522532, 522536, 522539, 522541, 522543, 522546, 522550, 522552, 522554, 522556, 522558, 522560, 522571, 522573, 522575, 522577, 522579, 522581, 522588, 522590, 522592, 522594, 522598, 522604, 522643, 522651, 522653, 522655, 522657, 522659, 522662, 522664, 522666, 522668, 522670, 522672, 522676, 522678, 522680, 522682, 522684, 522686, 522693, 522695, 522697, 522699, 522701, 522703, 522706, 522710, 522714, 522716, 522718, 522720, 522723, 522725, 522727, 522729, 522731, 522733, 522736, 522738, 522740, 522742, 522744, 522746, 522749, 522750, 522755, 522757, 522759, 522761, 522763, 522766, 522768, 522770, 522772, 522774, 522778, 522797, 522799, 522801, 522803, 522805, 522807, 522812, 522814, 522816, 522818, 522820, 522822, 522851, 522857, 522863, 522869, 522875, 522879, 522892, 522894, 522896, 522898, 522900, 522902, 522909, 522911, 522913, 522915, 522917, 522919, 522926, 522928, 522930, 522932, 522934, 522936, 522941, 522943, 522945, 522947, 522951, 522953, 522965, 522967, 522969, 522971, 522973, 522975, 522979, 522981, 522983, 522985, 522987, 522988, 522993, 522997, 522999, 523001, 523003, 523005, 523007, 523018, 523020, 523022, 523024, 523026, 523028, 523033, 523035, 523037, 523039, 523041, 523043, 523046, 523048, 523052, 523054, 523056, 523058, 523069, 523071, 523075, 523077, 523079, 523082, 523117, 523119, 523121, 523123, 523125, 523129, 523138, 523140, 523142, 523144, 523146, 523148, 523151, 523153, 523155, 523157, 523159, 523161, 523164, 523166, 523168, 523170, 523172, 523176, 523179, 523181, 523183, 523185, 523187, 523189, 523192, 523194, 523196, 523198, 523199, 523202, 523207, 523210, 523212, 523214, 523216, 523218, 523220, 523231, 523233, 523235, 523237, 523239, 523241, 523248, 523250, 523252, 523254, 523256, 523262, 523265, 523267, 523269, 523271, 523273, 523275, 523286, 523288, 523290, 523292, 523294, 523296, 523303, 523307, 523313, 523319, 523325, 523331, 523359, 523361, 523363, 523365, 523369, 523371, 523374, 523376, 523378, 523380, 523382, 523384, 523387, 523389, 523391, 523393, 523395, 523397, 523400, 523402, 523404, 523406, 523408, 523410, 523415, 523416, 523421, 523423, 523425, 523427, 523429, 523432, 523434, 523436, 523438, 523440, 523442, 523461, 523463, 523465, 523467, 523469, 523471, 523476, 523478, 523480, 523484, 523486, 523488, 523493, 523495, 523497, 523499, 523501, 523503]}",,OPCUA_READ_SCRAPING,True
1786337265000,1786337270000,OPCUA_READ_SCRAPING,OPCUA_READ_SCRAPING#c73,"[""OPCUA_READ_SCRAPING""]","{""OPCUA_READ_SCRAPING#c73"": [523510, 523512, 523516, 523518, 523520, 523522, 523525, 523528, 523530, 523532, 523534, 523537, 523540, 523543, 523550, 523556, 523562, 523568, 523589, 523595, 523597, 523599, 523601, 523603, 523608, 523610, 523612, 523614, 523616, 523618, 523621, 523623, 523627, 523629, 523631, 523633, 523638, 523639, 523644, 523646, 523648, 523650, 523652, 523659, 523661, 523663, 523665, 523667, 523669, 523680, 523682, 523684, 523686, 523688, 523690, 523697, 523699]}",,OPCUA_READ_SCRAPING,True
1786337270000,1786337275000,benign,benign#chunk67,[],{},,,False
1786337275000,1786337280000,benign,benign#chunk67,[],{},,,False
1786337280000,1786337285000,benign,benign#chunk67,[],{},,,False
1786337285000,1786337290000,benign,benign#chunk67,[],{},,,True
1786337290000,1786337295000,benign,benign#chunk67,[],{},,,False
1786337295000,1786337300000,benign,benign#chunk67,[],{},,,False
1786337300000,1786337305000,benign,benign#chunk67,[],{},,,False
1786337305000,1786337310000,benign,benign#chunk68,[],{},,,False
1786337310000,1786337315000,benign,benign#chunk68,[],{},,,False
1786337315000,1786337320000,benign,benign#chunk68,[],{},,,True
1786337320000,1786337325000,benign,benign#chunk68,[],{},,,False
1786337325000,1786337330000,OPCUA_ENDPOINT_DISCOVERY,OPCUA_ENDPOINT_DISCOVERY#c74,"[""OPCUA_ENDPOINT_DISCOVERY""]","{""OPCUA_ENDPOINT_DISCOVERY#c74"": [528347, 528349, 528352, 528357, 528373, 528391, 528395]}",,OPCUA_ENDPOINT_DISCOVERY,True
1786337330000,1786337335000,benign,benign#chunk68,[],{},,,False
1786337335000,1786337340000,benign,benign#chunk68,[],{},,,False
1786337340000,1786337345000,benign,benign#chunk68,[],{},,,False
1786337345000,1786337350000,benign,benign#chunk68,[],{},,,True
1786337350000,1786337355000,benign,benign#chunk68,[],{},,,False
1786337355000,1786337360000,benign,benign#chunk68,[],{},,,True
1786337360000,1786337365000,benign,benign#chunk68,[],{},,,False
1786337365000,1786337370000,benign,benign#chunk68,[],{},,,False
1786337370000,1786337375000,benign,benign#chunk69,[],{},,,False
1786337375000,1786337380000,benign,benign#chunk69,[],{},,,True
1786337380000,1786337385000,benign,benign#chunk69,[],{},,,False
1786337385000,1786337390000,OPCUA_NODE_BROWSE,OPCUA_NODE_BROWSE#c75,"[""OPCUA_NODE_BROWSE""]","{""OPCUA_NODE_BROWSE#c75"": [533638, 533644, 533646, 533653, 533655, 533675, 533699, 533701, 533703, 533705, 533707, 533709, 533711, 533713, 533717, 533723, 533727, 533729, 533731, 533733, 533735, 533737, 533741, 533747]}",,OPCUA_NODE_BROWSE,True
1786337390000,1786337395000,benign,benign#chunk69,[],{},,,False
1786337395000,1786337400000,benign,benign#chunk69,[],{},,,False
1786337400000,1786337405000,benign,benign#chunk69,[],{},,,False
1786337405000,1786337410000,benign,benign#chunk69,[],{},,,True
1786337410000,1786337415000,benign,benign#chunk69,[],{},,,False
1786337415000,1786337420000,benign,benign#chunk69,[],{},,,True
1786337420000,1786337425000,benign,benign#chunk69,[],{},,,False
1786337425000,1786337430000,benign,benign#chunk69,[],{},,,False
1786337430000,1786337435000,benign,benign#chunk69,[],{},,,False
1786337435000,1786337440000,benign,benign#chunk70,[],{},,,True
1786337440000,1786337445000,benign,benign#chunk70,[],{},,,False
1786337445000,1786337450000,OPCUA_ENDPOINT_DISCOVERY,OPCUA_ENDPOINT_DISCOVERY#c76,"[""OPCUA_ENDPOINT_DISCOVERY""]","{""OPCUA_ENDPOINT_DISCOVERY#c76"": [538579, 538581, 538583, 538588, 538595, 538613, 538629, 538639]}",,OPCUA_ENDPOINT_DISCOVERY,True
1786337450000,1786337455000,benign,benign#chunk70,[],{},,,False
1786337455000,1786337460000,benign,benign#chunk70,[],{},,,False
1786337460000,1786337465000,benign,benign#chunk70,[],{},,,False
1786337465000,1786337470000,benign,benign#chunk70,[],{},,,True
1786337470000,1786337475000,benign,benign#chunk70,[],{},,,False
1786337475000,1786337480000,benign,benign#chunk70,[],{},,,True
1786337480000,1786337485000,benign,benign#chunk70,[],{},,,False
1786337485000,1786337490000,benign,benign#chunk70,[],{},,,False
1786337490000,1786337495000,benign,benign#chunk70,[],{},,,False
1786337495000,1786337500000,benign,benign#chunk70,[],{},,,True
1786337500000,1786337505000,benign,benign#chunk71,[],{},,,False
1786337505000,1786337510000,OPCUA_INVALID_WRITE,OPCUA_INVALID_WRITE#c77,"[""OPCUA_INVALID_WRITE""]","{""OPCUA_INVALID_WRITE#c77"": [543520, 543522, 543524, 543527, 543529, 543547, 543566]}",,OPCUA_INVALID_WRITE,True
1786337510000,1786337515000,benign,benign#chunk71,[],{},,,False
1786337515000,1786337520000,benign,benign#chunk71,[],{},,,False
1786337520000,1786337525000,benign,benign#chunk71,[],{},,,False
1786337525000,1786337530000,benign,benign#chunk71,[],{},,,True
1786337530000,1786337535000,benign,benign#chunk71,[],{},,,False
1786337535000,1786337540000,benign,benign#chunk71,[],{},,,True
1786337540000,1786337545000,benign,benign#chunk71,[],{},,,False
1786337545000,1786337550000,benign,benign#chunk71,[],{},,,False
1786337550000,1786337555000,benign,benign#chunk71,[],{},,,False
1786337555000,1786337560000,benign,benign#chunk71,[],{},,,True
1786337560000,1786337565000,benign,benign#chunk71,[],{},,,False
1786337565000,1786337570000,OPCUA_PROTOCOL_FUZZ,OPCUA_PROTOCOL_FUZZ#c78,"[""OPCUA_PROTOCOL_FUZZ""]","{""OPCUA_PROTOCOL_FUZZ#c78"": [548825, 548995, 549061]}",,OPCUA_PROTOCOL_FUZZ,True
1786337570000,1786337575000,OPCUA_PROTOCOL_FUZZ,OPCUA_PROTOCOL_FUZZ#c78,"[""OPCUA_PROTOCOL_FUZZ""]","{""OPCUA_PROTOCOL_FUZZ#c78"": [549090]}",,OPCUA_PROTOCOL_FUZZ,True
1786337575000,1786337580000,benign,benign#chunk72,[],{},,,False
1786337580000,1786337585000,benign,benign#chunk72,[],{},,,False
1786337585000,1786337590000,benign,benign#chunk72,[],{},,,True
1786337590000,1786337595000,benign,benign#chunk72,[],{},,,False
1786337595000,1786337600000,benign,benign#chunk72,[],{},,,True
1786337600000,1786337605000,benign,benign#chunk72,[],{},,,False
1786337605000,1786337610000,benign,benign#chunk72,[],{},,,False
1786337610000,1786337615000,benign,benign#chunk72,[],{},,,False
1786337615000,1786337620000,benign,benign#chunk72,[],{},,,True
1786337620000,1786337625000,benign,benign#chunk72,[],{},,,False
1786337625000,1786337630000,benign,benign#chunk72,[],{},,,True
1786337630000,1786337635000,OPCUA_SESSION_BURST,OPCUA_SESSION_BURST#c79,"[""OPCUA_SESSION_BURST""]","{""OPCUA_SESSION_BURST#c79"": [554102, 554105, 554107, 554109, 554112, 554114, 554130, 554148, 554189, 554192, 554194, 554196, 554201, 554203, 554217, 554231, 554310, 554313, 554315, 554317, 554320, 554322, 554336, 554354, 554413, 554416, 554418, 554420, 554423, 554427, 554441, 554458]}",,OPCUA_SESSION_BURST,True
1786337635000,1786337640000,OPCUA_SESSION_BURST,OPCUA_SESSION_BURST#c79,"[""OPCUA_SESSION_BURST""]","{""OPCUA_SESSION_BURST#c79"": [554535, 554538, 554540, 554542, 554545, 554547, 554562, 554580]}",,OPCUA_SESSION_BURST,True
1786337640000,1786337645000,benign,benign#chunk72,[],{},,OPCUA_SESSION_BURST,False
1786337645000,1786337650000,benign,benign#chunk73,[],{},,,True
1786337650000,1786337655000,benign,benign#chunk73,[],{},,,False
1786337655000,1786337660000,benign,benign#chunk73,[],{},,,True
1786337660000,1786337665000,benign,benign#chunk73,[],{},,,False
1786337665000,1786337670000,benign,benign#chunk73,[],{},,,False
1786337670000,1786337675000,benign,benign#chunk73,[],{},,,False
1786337675000,1786337680000,benign,benign#chunk73,[],{},,,True
1786337680000,1786337685000,benign,benign#chunk73,[],{},,,False
1786337685000,1786337690000,benign,benign#chunk73,[],{},,,True
1786337690000,1786337695000,benign,benign#chunk73,[],{},,,False
1786337695000,1786337700000,benign,benign#chunk73,[],{},,,False
1786337700000,1786337705000,OPCUA_ENDPOINT_DISCOVERY,OPCUA_ENDPOINT_DISCOVERY#c80,"[""OPCUA_ENDPOINT_DISCOVERY""]","{""OPCUA_ENDPOINT_DISCOVERY#c80"": [560094, 560096, 560098, 560101, 560106, 560126, 560140]}",,OPCUA_ENDPOINT_DISCOVERY,True
1786337705000,1786337710000,benign,benign#chunk73,[],{},,,True
1786337710000,1786337715000,benign,benign#chunk74,[],{},,,False
1786337715000,1786337720000,benign,benign#chunk74,[],{},,,True
1786337720000,1786337725000,benign,benign#chunk74,[],{},,,False
1786337725000,1786337730000,benign,benign#chunk74,[],{},,,False
1786337730000,1786337735000,benign,benign#chunk74,[],{},,,True
1786337735000,1786337740000,benign,benign#chunk74,[],{},,,True
1786337740000,1786337745000,benign,benign#chunk74,[],{},,,False
1786337745000,1786337750000,benign,benign#chunk74,[],{},,,True
1786337750000,1786337755000,benign,benign#chunk74,[],{},,,False
1786337755000,1786337760000,benign,benign#chunk74,[],{},,,False
1786337760000,1786337765000,OPCUA_ENDPOINT_DISCOVERY,OPCUA_ENDPOINT_DISCOVERY#c81,"[""OPCUA_ENDPOINT_DISCOVERY""]","{""OPCUA_ENDPOINT_DISCOVERY#c81"": [565090, 565092, 565094, 565097, 565102, 565120, 565134, 565138]}",,OPCUA_ENDPOINT_DISCOVERY,True
1786337765000,1786337770000,benign,benign#chunk74,[],{},,,True
1786337770000,1786337775000,benign,benign#chunk74,[],{},,,False
1786337775000,1786337780000,benign,benign#chunk75,[],{},,,True
1786337780000,1786337785000,benign,benign#chunk75,[],{},,,False
1786337785000,1786337790000,benign,benign#chunk75,[],{},,,False
1786337790000,1786337795000,benign,benign#chunk75,[],{},,,True
1786337795000,1786337800000,benign,benign#chunk75,[],{},,,True
1786337800000,1786337805000,benign,benign#chunk75,[],{},,,False
1786337805000,1786337810000,benign,benign#chunk75,[],{},,,True
1786337810000,1786337815000,benign,benign#chunk75,[],{},,,False
1786337815000,1786337820000,benign,benign#chunk75,[],{},,,False
1786337820000,1786337825000,OPCUA_READ_SCRAPING,OPCUA_READ_SCRAPING#c82,"[""OPCUA_READ_SCRAPING""]","{""OPCUA_READ_SCRAPING#c82"": [570048, 570052, 570054, 570057, 570059, 570073, 570089, 570093, 570095, 570097, 570108, 570124, 570126, 570128, 570130, 570132, 570141, 570145, 570149, 570151, 570153, 570155, 570162, 570164, 570166, 570168, 570170, 570172, 570179, 570185, 570191, 570199, 570205, 570211, 570229, 570233, 570235, 570237, 570239, 570241, 570245, 570247, 570249, 570251, 570253, 570255, 570258, 570260, 570262, 570264, 570266, 570268, 570279, 570281, 570283, 570285, 570287, 570289, 570296, 570298, 570300, 570302, 570304, 570306, 570313, 570315, 570317, 570319, 570320, 570323, 570327, 570330, 570334, 570336, 570338, 570340, 570342, 570345, 570347, 570349, 570351, 570353, 570355, 570366, 570369, 570371, 570373, 570375, 570377, 570389, 570391, 570394, 570398, 570400, 570402, 570410, 570414, 570416, 570418, 570428, 570433, 570452, 570458, 570464, 570470, 570485, 570495, 570516, 570518, 570520, 570522, 570524, 570528, 570534, 570536, 570538, 570544, 570546, 570548, 570564, 570570, 570574, 570578, 570580, 570582, 570587, 570589, 570591, 570593, 570595, 570597, 570604, 570605, 570609, 570613, 570615, 570617, 570619, 570625, 570627, 570629, 570631, 570633, 570635, 570638, 570640, 570642, 570644, 570646, 570648, 570656, 570658, 570662, 570664, 570666, 570668, 570673, 570675, 570677, 570679, 570681, 570683, 570688, 570690, 570692, 570694, 570696, 570698, 570701, 570703, 570705, 570707, 570709, 570711, 570722, 570726, 570730, 570732, 570734, 570737, 570767, 570777, 570781, 570783, 570787, 570791, 570796, 570798, 570800, 570802, 570804, 570806, 570813, 570815, 570817, 570819, 570821, 570823, 570826, 570827, 570832, 570834, 570836, 570838, 570840, 570843, 570845, 570847, 570849, 570851, 570853, 570856, 570858, 570860, 570862, 570864, 570866, 570873, 570877, 570879, 570881, 570885, 570887, 570890, 570892, 570894, 570896, 570898, 570900, 570905, 570907, 570909, 570911, 570913, 570915, 570918, 570920, 570922, 570926, 570928, 570930, 570938, 570945, 570953, 570955, 570957, 570959, 570966, 570968, 570970, 570972, 570974, 570976, 571018, 571025, 571027, 571029, 571031, 571033, 571044, 571048, 571050, 571052, 571054, 571056, 571063, 571064, 571069, 571071, 571073, 571084, 571086]}",,OPCUA_READ_SCRAPING,True
1786337825000,1786337830000,OPCUA_READ_SCRAPING,OPCUA_READ_SCRAPING#c82,"[""OPCUA_READ_SCRAPING""]","{""OPCUA_READ_SCRAPING#c82"": [571089, 571091, 571093, 571095, 571097, 571099, 571102, 571104, 571106, 571108, 571110, 571112, 571121, 571123, 571127, 571129, 571131, 571133, 571140, 571142, 571144, 571146, 571148, 571150, 571155, 571157, 571159, 571161, 571163, 571165, 571172, 571174, 571176, 571178, 571180, 571182, 571191, 571193, 571195, 571197, 571199, 571201, 571210, 571218, 571220, 571222, 571224, 571226, 571229, 571233, 571235, 571237, 571239, 571243, 571252, 571254, 571258, 571264, 571270, 571276, 571284, 571290, 571294, 571296, 571298, 571300, 571302, 571318, 571320, 571324, 571326, 571328, 571330, 571333, 571335, 571337, 571339, 571341, 571343, 571354, 571356, 571358, 571360, 571362, 571364, 571367, 571373, 571375, 571377, 571379, 571381, 571390, 571392, 571394, 571396, 571398, 571400, 571411, 571413, 571415, 571417, 571419, 571421, 571437, 571439, 571454, 571459, 571467, 571472, 571533, 571538, 571546, 571554, 571557, 571559, 571564, 571566, 571568, 571570, 571572, 571574, 571577, 571581, 571583, 571585, 571587, 571589, 571593, 571595, 571597, 571599, 571601, 571603, 571605, 571640, 571642, 571644, 571650, 571656, 571658, 571663, 571665, 571667, 571669, 571671, 571673, 571686, 571688, 571690, 571692, 571696, 571700, 571703, 571705, 571707, 571709, 571711, 571713, 571718, 571720, 571722, 571724, 571726, 571728, 571731, 571733, 571735, 571737, 571739, 571741, 571744, 571746, 571748, 571750, 571754, 571758, 571767, 571769, 571771, 571773, 571775, 571777, 571782, 571784, 571786, 571788, 571790, 571792, 571797, 571799, 571801, 571803, 571805, 571807, 571809, 571812, 571814, 571816, 571818, 571820, 571822, 571825, 571829, 571835, 571841, 571847, 571857, 571880, 571882, 571884, 571888, 571892, 571894, 571901, 571903, 571905, 571907, 571909, 571913, 571916, 571918, 571920, 571922, 571924, 571926, 571929, 571931, 571933, 571935, 571937, 571939, 571942, 571944, 571946, 571948, 571950, 571952, 571959, 571961, 571963, 571967, 571977, 571983, 571988, 571990, 571992, 571994, 571998, 572000, 572003, 572005, 572007, 572009, 572011, 572015, 572018, 572019, 572025, 572027, 572029, 572031, 572033, 572041, 572043, 572045, 572047, 572049, 572051, 572054, 572056, 572058, 572060, 572062, 572064, 572075, 572081, 572087, 572097, 572107, 572113, 572126, 572128, 572130, 572134, 572136, 572138, 572143, 572145, 572147, 572149, 572151, 572153, 572156, 572158, 572160, 572162, 572164, 572166, 572169, 572171, 572173, 572175, 572177, 572179, 572186, 572188, 572192, 572196, 572198, 572200, 572205, 572207, 572209, 572213, 572215, 572217, 572220, 572222, 572224, 572226, 572230, 572232, 572239, 572240, 572245, 572247, 572249, 572251, 572253]}",,OPCUA_READ_SCRAPING,True
1786337830000,1786337835000,OPCUA_READ_SCRAPING,OPCUA_READ_SCRAPING#c82,"[""OPCUA_READ_SCRAPING""]","{""OPCUA_READ_SCRAPING#c82"": [572256, 572258, 572260, 572262, 572264, 572266, 572271, 572273, 572275, 572277, 572279, 572281, 572286]}",,OPCUA_READ_SCRAPING,True
1786337835000,1786337840000,benign,benign#chunk75,[],{},,,False
1786337840000,1786337845000,benign,benign#chunk75,[],{},,,False
1786337845000,1786337850000,benign,benign#chunk75,[],{},,,False
1786337850000,1786337855000,benign,benign#chunk76,[],{},,,False
1786337855000,1786337860000,benign,benign#chunk76,[],{},,,False
1786337860000,1786337865000,benign,benign#chunk76,[],{},,,False
1786337865000,1786337870000,benign,benign#chunk76,[],{},,,False
1786337870000,1786337875000,benign,benign#chunk76,[],{},,,False
1786337875000,1786337880000,benign,benign#chunk76,[],{},,,False
1786337880000,1786337885000,benign,benign#chunk76,[],{},,,False
1786337885000,1786337890000,benign,benign#chunk76,[],{},,,False
1786337890000,1786337895000,OPCUA_NODE_BROWSE,OPCUA_NODE_BROWSE#c83,"[""OPCUA_NODE_BROWSE""]","{""OPCUA_NODE_BROWSE#c83"": [577331, 577333, 577335, 577340, 577342, 577362, 577376, 577378, 577380, 577382, 577384, 577386, 577388, 577390, 577392, 577394, 577396, 577398, 577400, 577402, 577404, 577406, 577408, 577410]}",,OPCUA_NODE_BROWSE,True
1786337895000,1786337900000,benign,benign#chunk76,[],{},,,False
1786337900000,1786337905000,benign,benign#chunk76,[],{},,,False
1786337905000,1786337910000,benign,benign#chunk76,[],{},,,False
1786337910000,1786337915000,benign,benign#chunk76,[],{},,,False
1786337915000,1786337920000,benign,benign#chunk77,[],{},,,False
1786337920000,1786337925000,benign,benign#chunk77,[],{},,,False
1786337925000,1786337930000,benign,benign#chunk77,[],{},,,False
1786337930000,1786337935000,benign,benign#chunk77,[],{},,,False
1786337935000,1786337940000,benign,benign#chunk77,[],{},,,False
1786337940000,1786337945000,benign,benign#chunk77,[],{},,,False
1786337945000,1786337950000,benign,benign#chunk77,[],{},,,False
1786337950000,1786337955000,OPCUA_RECURSIVE_BROWSE,OPCUA_RECURSIVE_BROWSE#c84,"[""OPCUA_RECURSIVE_BROWSE""]","{""OPCUA_RECURSIVE_BROWSE#c84"": [582199, 582201, 582204, 582206, 582220, 582234, 582236, 582238, 582240, 582242, 582244, 582246, 582248, 582250, 582252, 582254, 582256, 582258, 582260, 582262, 582264, 582266, 582268, 582270, 582272, 582278, 582280, 582282, 582284, 582286, 582288, 582290, 582292, 582294, 582296, 582298, 582304, 582306, 582308, 582310, 582312, 582314, 582316, 582318, 582320, 582322, 582324, 582326, 582328, 582330, 582332, 582334, 582336, 582348, 582356, 582362, 582365, 582367, 582369, 582371, 582373, 582430, 582432, 582434, 582436, 582438, 582440, 582442, 582444, 582446, 582448, 582450, 582452, 582454, 582456, 582458, 582460, 582462, 582464, 582466, 582468, 582470, 582472, 582474, 582476, 582478, 582482, 582484, 582486, 582488, 582489, 582494, 582496, 582498, 582500, 582502, 582504, 582506, 582508, 582510, 582516, 582518, 582520, 582522, 582524, 582526, 582528, 582530, 582532, 582534, 582536, 582538, 582540, 582542, 582544, 582547, 582549, 582551, 582553, 582555, 582599, 582601, 582603, 582605, 582607, 582609, 582611, 582613, 582615, 582623, 582625, 582627, 582629, 582631, 582633, 582635, 582637, 582639, 582641, 582643, 582645, 582647, 582649, 582651, 582653, 582655, 582657, 582659, 582661, 582667, 582673, 582681, 582687, 582693, 582699, 582705, 582711, 582715, 582717, 582719, 582721, 582723, 582725, 582731, 582735, 582737, 582739, 582741, 582743, 582749, 582751, 582753, 582755, 582760, 582762, 582764, 582766, 582768, 582770, 582787, 582789, 582791, 582793, 582795, 582797, 582799, 582801, 582803, 582805, 582807, 582809, 582811, 582813, 582815, 582817, 582819, 582821, 582823, 582825, 582827, 582831, 582833, 582835, 582837, 582839, 582841, 582843, 582845, 582847, 582849, 582851, 582853, 582855, 582857, 582861, 582865, 582867, 582869, 582871, 582873, 582875, 582877, 582879, 582881, 582885, 582887, 582889, 582891, 582893, 582895, 582897, 582899, 582902, 582904, 582906, 582908, 582910, 582960, 582973, 582975, 582977, 582983, 582985, 582987, 582989, 582991, 582993, 582995, 582997, 582999, 583001, 583003, 583005, 583007, 583009, 583011, 583013, 583015, 583017, 583019, 583021, 583023, 583025, 583027, 583029, 583031, 583033, 583035, 583037, 583039, 583041, 583043, 583045, 583051, 583053, 583055, 583057, 583059, 583063, 583065, 583067, 583069, 583071, 583073, 583075, 583077, 583079, 583081, 583083, 583085, 583087, 583090, 583092, 583094, 583096, 583098, 583119, 583154, 583158, 583162, 583164, 583166, 583168, 583170, 583172, 583174, 583176, 583178, 583182, 583184, 583186, 583190, 583192, 583194, 583196, 583198, 583200, 583202, 583204, 583206, 583208, 583210, 583212, 583214, 583216, 583218, 583220, 583222, 583224, 583226, 583228, 583230, 583232, 583234, 583236, 583246, 583248, 583250, 583252, 583254, 583256, 583258, 583260, 583262, 583264, 583266, 583268, 583270, 583272, 583274, 583277, 583279, 583281, 583283, 583285]}",,OPCUA_RECURSIVE_BROWSE,True
1786337955000,1786337960000,OPCUA_RECURSIVE_BROWSE,OPCUA_RECURSIVE_BROWSE#c84,"[""OPCUA_RECURSIVE_BROWSE""]","{""OPCUA_RECURSIVE_BROWSE#c84"": [583314, 583316, 583318, 583320, 583322, 583324, 583326, 583328, 583330, 583332, 583334, 583336, 583338, 583340, 583342, 583344, 583346, 583348, 583350, 583351, 583356, 583358, 583360, 583362, 583364, 583366, 583368, 583370, 583372, 583374, 583376, 583378, 583380, 583382, 583384, 583386, 583390, 583392, 583394, 583396, 583400, 583406, 583412, 583418, 583424, 583430, 583440, 583444, 583446, 583448, 583450, 583456, 583458, 583460, 583463, 583465, 583467, 583469, 583471, 583502, 583506, 583508, 583510, 583512, 583514, 583516, 583518, 583520, 583522, 583524, 583526, 583528, 583532, 583534, 583536, 583538, 583540, 583542, 583544, 583546, 583548, 583550, 583552, 583554, 583556, 583558, 583560, 583562, 583564, 583566, 583568, 583570, 583572, 583574, 583576, 583578, 583580, 583582, 583584, 583586, 583588, 583590, 583592, 583594, 583596, 583598, 583600, 583602, 583604, 583606, 583607, 583611, 583614, 583617, 583619, 583621, 583623, 583625, 583692, 583694, 583696, 583698, 583700, 583702, 583708, 583710, 583712, 583714, 583716, 583718, 583720, 583722, 583724, 583726, 583728, 583730, 583732, 583734, 583736, 583738, 583740, 583742, 583744, 583746, 583748, 583752, 583756, 583758, 583760, 583764, 583768, 583770, 583772, 583774, 583776, 583778, 583780, 583782, 583786, 583788, 583790, 583792, 583795, 583797, 583799, 583801, 583803, 583805, 583807, 583809, 583812, 583815, 583817, 583819, 583821, 583823, 583828, 583845, 583847, 583849, 583851, 583857, 583863, 583869, 583875, 583881, 583887, 583893, 583897, 583903, 583907, 583909, 583911, 583913, 583917, 583919, 583921, 583923, 583927, 583929, 583931, 583933, 583935, 583937, 583939, 583941, 583943, 583945, 583947, 583949, 583951, 583953, 583955, 583957, 583959, 583961, 583963, 583965, 583967, 583969, 583971, 583973, 583975, 583977, 583979, 583981, 583983, 583985, 583987, 583989, 583992, 583994, 583996, 583998, 584000, 584011, 584014, 584016, 584018, 584020, 584022, 584024, 584026, 584028, 584030, 584036, 584038, 584040, 584042, 584044, 584046, 584048, 584050, 584052, 584054, 584060, 584062, 584064, 584066, 584068, 584070, 584072, 584074, 584076, 584078, 584080, 584082, 584084, 584086, 584088, 584090, 584092, 584094, 584096, 584100, 584102, 584104, 584106, 584108, 584110, 584112, 584114, 584116, 584118, 584120, 584122, 584124, 584126, 584128, 584135, 584137, 584139, 584145, 584147, 584207, 584209, 584211, 584213, 584215, 584217, 584219, 584220, 584225, 584227, 584229, 584231, 584233, 584235, 584237, 584239, 584241, 584243, 584245, 584247, 584249, 584251, 584253, 584255, 584257, 584263, 584265, 584267, 584269, 584271, 584273, 584275, 584277, 584279, 584281, 584288, 584303, 584326, 584328, 584342, 584356, 584370, 584384, 584386, 584392, 584394, 584396, 584398, 584400, 584402, 584404, 584406, 584408, 584410, 584419, 584421, 584423, 584425, 584427]}",,OPCUA_RECURSIVE_BROWSE,True
1786337960000,1786337965000,OPCUA_RECURSIVE_BROWSE,OPCUA_RECURSIVE_BROWSE#c84,"[""OPCUA_RECURSIVE_BROWSE""]","{""OPCUA_RECURSIVE_BROWSE#c84"": [584489, 584491, 584493, 584495, 584497, 584499, 584501, 584503, 584505, 584507, 584509, 584513, 584517, 584519, 584521, 584523, 584525, 584527, 584529, 584531, 584533, 584536, 584538, 584540, 584542, 584544, 584546, 584548, 584550, 584552, 584554, 584557, 584559, 584561, 584563, 584565, 584568, 584569, 584572, 584580, 584582, 584584, 584587, 584591, 584593, 584595, 584597, 584599, 584601, 584603, 584605, 584607, 584609, 584611, 584614, 584616, 584618, 584620, 584622, 584671, 584673, 584675, 584677, 584679, 584681, 584683, 584685, 584687, 584689, 584691, 584693, 584695, 584697, 584699, 584701, 584703, 584705, 584709, 584714, 584719, 584721, 584729, 584741, 584747, 584754, 584760, 584766, 584772, 584776, 584778, 584780, 584782, 584784, 584788, 584794, 584798, 584800, 584802, 584804, 584806, 584808, 584810, 584814, 584816, 584818, 584820, 584826, 584828, 584830, 584832, 584834, 584836, 584840, 584842, 584845, 584847, 584849, 584854, 584869, 584871, 584873, 584875, 584877, 584879, 584881, 584883, 584885, 584887, 584889, 584891, 584893, 584895, 584897, 584899, 584901, 584903, 584907, 584909, 584911, 584913, 584915, 584917, 584919, 584921, 584923, 584925, 584927, 584929, 584931, 584933, 584935, 584937, 584939, 584941, 584943, 584945, 584947, 584953, 584957, 584963, 584967, 584969, 584971, 584973, 584975, 584977, 584979, 584982, 584984, 584986, 584988, 584991, 584993, 584997, 585001, 585004, 585051, 585075, 585077, 585079, 585081, 585083, 585085, 585087, 585089, 585091, 585093, 585095, 585097, 585099, 585101, 585103, 585105, 585107, 585109, 585111, 585113, 585115, 585117, 585119, 585121, 585123, 585125, 585127, 585129, 585131, 585133, 585135, 585137, 585139, 585141, 585147, 585149, 585153, 585155, 585157, 585159, 585161, 585163, 585165, 585167, 585169, 585175, 585177, 585179, 585181, 585183, 585185, 585187, 585189, 585206, 585212, 585214, 585216, 585218, 585243, 585278, 585280, 585282, 585286, 585290, 585292, 585294, 585296, 585298, 585300, 585302, 585304, 585306, 585310, 585312, 585314, 585316, 585318, 585320, 585322, 585324, 585326, 585328, 585330, 585332, 585334, 585336, 585338, 585340, 585342, 585344, 585346, 585356, 585358, 585360, 585362, 585364, 585366, 585368, 585370, 585372, 585374, 585376, 585378, 585380, 585382, 585384, 585386, 585388, 585390, 585392, 585394, 585396, 585399, 585401, 585403, 585405, 585407, 585452, 585454, 585456, 585458, 585460, 585462, 585464, 585466, 585468, 585470, 585472, 585474, 585476, 585478, 585480, 585482, 585484, 585486, 585488, 585489, 585494, 585496, 585498, 585500, 585502, 585504, 585506, 585508, 585510, 585512, 585514, 585516, 585518, 585520, 585522, 585524, 585526, 585528, 585530, 585532, 585534, 585536, 585542, 585548, 585552, 585558, 585566, 585570, 585581, 585586, 585602, 585608, 585610, 585612, 585615, 585617, 585621, 585625, 585627]}",,OPCUA_RECURSIVE_BROWSE,True
1786337965000,1786337970000,OPCUA_RECURSIVE_BROWSE,OPCUA_RECURSIVE_BROWSE#c84,"[""OPCUA_RECURSIVE_BROWSE""]","{""OPCUA_RECURSIVE_BROWSE#c84"": [585661, 585663, 585665, 585667, 585669, 585671, 585673, 585675, 585688, 585692, 585694, 585696, 585698, 585700, 585702, 585704, 585706, 585710, 585712, 585714, 585718, 585722, 585726, 585728, 585730, 585732, 585734, 585736, 585738, 585740, 585742, 585744, 585746, 585748, 585750, 585752, 585754, 585756, 585758, 585760, 585762, 585764, 585766, 585768, 585770, 585772, 585774, 585776, 585778, 585779, 585784, 585786, 585788, 585790, 585793, 585795, 585797, 585801, 585803, 585864, 585866, 585868, 585870, 585872, 585874, 585876, 585878, 585880, 585882, 585884, 585886, 585888, 585890, 585892, 585894, 585896, 585898, 585900, 585902, 585904, 585906, 585908, 585910, 585912, 585914, 585916, 585918, 585920, 585922, 585924, 585926, 585928, 585930, 585932, 585936, 585938, 585942, 585944, 585946, 585948, 585950, 585954, 585958, 585960, 585962, 585964, 585966, 585968, 585970, 585972, 585976, 585978, 585981, 585983, 585985, 585987, 585989, 585994, 586044, 586046]}",,OPCUA_RECURSIVE_BROWSE,True
1786337970000,1786337975000,benign,benign#chunk77,[],{},,,False
1786337975000,1786337980000,benign,benign#chunk77,[],{},,,False
1786337980000,1786337985000,benign,benign#chunk77,[],{},,,False
1786337985000,1786337990000,benign,benign#chunk77,[],{},,,False
1786337990000,1786337995000,benign,benign#chunk77,[],{},,,False
1786337995000,1786338000000,benign,benign#chunk78,[],{},,,False
1786338000000,1786338005000,benign,benign#chunk78,[],{},,,False
1786338005000,1786338010000,benign,benign#chunk78,[],{},,,False
1786338010000,1786338015000,benign,benign#chunk78,[],{},,,False
1786338015000,1786338020000,benign,benign#chunk78,[],{},,,False
1786338020000,1786338025000,benign,benign#chunk78,[],{},,,False
1786338025000,1786338030000,OPCUA_BEHAVIORAL_PROFILING,OPCUA_BEHAVIORAL_PROFILING#c85,"[""OPCUA_BEHAVIORAL_PROFILING""]","{""OPCUA_BEHAVIORAL_PROFILING#c85"": [590983, 590985, 590987, 590990, 590992, 590998, 590999, 591010, 591024, 591026, 591028, 591030, 591032, 591118, 591122, 591215, 591271, 591275]}",,OPCUA_BEHAVIORAL_PROFILING,True
1786338030000,1786338035000,OPCUA_BEHAVIORAL_PROFILING,OPCUA_BEHAVIORAL_PROFILING#c85,"[""OPCUA_BEHAVIORAL_PROFILING""]","{""OPCUA_BEHAVIORAL_PROFILING#c85"": [591361, 591445, 591543, 591630, 591705]}",,OPCUA_BEHAVIORAL_PROFILING,True
1786338035000,1786338040000,OPCUA_BEHAVIORAL_PROFILING,OPCUA_BEHAVIORAL_PROFILING#c85,"[""OPCUA_BEHAVIORAL_PROFILING""]","{""OPCUA_BEHAVIORAL_PROFILING#c85"": [591788, 591885, 591965, 591966, 592055, 592124]}",,OPCUA_BEHAVIORAL_PROFILING,True
1786338040000,1786338045000,OPCUA_BEHAVIORAL_PROFILING,OPCUA_BEHAVIORAL_PROFILING#c85,"[""OPCUA_BEHAVIORAL_PROFILING""]","{""OPCUA_BEHAVIORAL_PROFILING#c85"": [592173, 592178, 592254, 592331, 592401, 592404, 592514]}",,OPCUA_BEHAVIORAL_PROFILING,True
1786338045000,1786338050000,OPCUA_BEHAVIORAL_PROFILING,OPCUA_BEHAVIORAL_PROFILING#c85,"[""OPCUA_BEHAVIORAL_PROFILING""]","{""OPCUA_BEHAVIORAL_PROFILING#c85"": [592602, 592676, 592681, 592764, 592869]}",,OPCUA_BEHAVIORAL_PROFILING,True
1786338050000,1786338055000,OPCUA_BEHAVIORAL_PROFILING,OPCUA_BEHAVIORAL_PROFILING#c85,"[""OPCUA_BEHAVIORAL_PROFILING""]","{""OPCUA_BEHAVIORAL_PROFILING#c85"": [592938, 593009, 593056, 593164, 593368, 593454]}",,OPCUA_BEHAVIORAL_PROFILING,True
1786338055000,1786338060000,OPCUA_BEHAVIORAL_PROFILING,OPCUA_BEHAVIORAL_PROFILING#c85,"[""OPCUA_BEHAVIORAL_PROFILING""]","{""OPCUA_BEHAVIORAL_PROFILING#c85"": [593461, 593605, 593725, 593810, 593817, 593905]}",,OPCUA_BEHAVIORAL_PROFILING,True
1786338060000,1786338065000,OPCUA_BEHAVIORAL_PROFILING,OPCUA_BEHAVIORAL_PROFILING#c85,"[""OPCUA_BEHAVIORAL_PROFILING""]","{""OPCUA_BEHAVIORAL_PROFILING#c85"": [593994, 594096, 594105, 594365, 594437, 594493, 594498, 594581, 594585, 594587]}",,OPCUA_BEHAVIORAL_PROFILING,True
1786338065000,1786338070000,benign,benign#chunk78,[],{},,,False
1786338070000,1786338075000,benign,benign#chunk78,[],{},,,False
1786338075000,1786338080000,benign,benign#chunk78,[],{},,,False
1786338080000,1786338085000,benign,benign#chunk78,[],{},,,False
1786338085000,1786338090000,benign,benign#chunk78,[],{},,,False
1786338090000,1786338095000,benign,benign#chunk78,[],{},,,False
1786338095000,1786338100000,benign,benign#chunk79,[],{},,,False
1786338100000,1786338105000,benign,benign#chunk79,[],{},,,False
1786338105000,1786338110000,benign,benign#chunk79,[],{},,,False
1786338110000,1786338115000,benign,benign#chunk79,[],{},,,False
1786338115000,1786338120000,benign,benign#chunk79,[],{},,,False
1786338120000,1786338125000,OPCUA_SLOWLORIS,OPCUA_SLOWLORIS#c86,"[""OPCUA_SLOWLORIS""]","{""OPCUA_SLOWLORIS#c86"": [599551, 599553, 599555, 599558, 599564]}",,OPCUA_SLOWLORIS,True
1786338125000,1786338130000,OPCUA_SLOWLORIS,OPCUA_SLOWLORIS#c86,"[""OPCUA_SLOWLORIS""]","{""OPCUA_SLOWLORIS#c86"": [599578, 599594, 599601, 599609, 599627, 599641, 599644, 599649, 599664, 599678, 599681, 599686, 599705, 599707, 599722, 599728, 599750, 599760, 599769, 599775, 599789, 599795, 599810, 599818, 599834, 599852, 599858, 599865, 599889, 599891, 599911, 599916, 599934, 599936, 599955, 599961, 599979, 599997, 600001, 600003, 600007, 600008, 600032, 600046, 600060, 600064, 600068, 600070, 600073, 600075, 600077, 600110, 600113, 600120, 600127, 600129, 600135, 600140, 600145, 600149, 600152, 600299, 600330, 600355, 600396, 600399, 600403, 600405, 600417, 600420, 600424, 600506, 600511, 600517, 600529, 600533, 600543, 600544, 600555, 600558, 600561, 600638, 600643, 600646, 600652, 600656, 600659, 600660, 600671, 600674, 600677]}",,OPCUA_SLOWLORIS,True
1786338130000,1786338135000,OPCUA_SLOWLORIS,OPCUA_SLOWLORIS#c86,"[""OPCUA_SLOWLORIS""]","{""OPCUA_SLOWLORIS#c86"": [600716, 600739, 600747, 600756, 600760, 600765, 600766, 600777, 600780, 600782, 600810, 600813, 600850, 600856, 600863, 600869, 600870, 600875, 600878, 600885, 600908, 600911, 600922, 600931, 600932, 600963, 600964, 600979, 600988, 600991, 601018, 601021, 601027, 601031, 601032, 601043, 601044, 601048, 601086, 601093, 601130, 601133, 601143, 601149, 601150, 601159, 601160, 601164, 601168, 601194]}",,OPCUA_SLOWLORIS,True
1786338135000,1786338140000,OPCUA_SLOWLORIS,OPCUA_SLOWLORIS#c86,"[""OPCUA_SLOWLORIS""]","{""OPCUA_SLOWLORIS#c86"": [601236, 601239, 601245, 601252, 601253, 601265, 601266, 601269, 601274, 601277, 601350, 601359, 601360, 601367, 601368, 601386, 601387, 601390, 601395, 601399, 601489, 601496, 601497, 601502, 601503, 601512, 601513, 601516, 601521, 601524, 601591, 601598, 601599, 601606, 601607, 601614, 601615, 601618, 601623, 601627, 601706, 601716, 601717, 601722, 601723, 601730, 601731, 601732, 601739, 601742]}",,OPCUA_SLOWLORIS,True
1786338140000,1786338145000,OPCUA_SLOWLORIS,OPCUA_SLOWLORIS#c86,"[""OPCUA_SLOWLORIS""]","{""OPCUA_SLOWLORIS#c86"": [601918, 601925, 601926, 601931, 601932, 601943, 601944, 601945, 601960, 601963, 602032, 602035, 602036, 602045, 602046, 602055, 602056, 602057, 602065, 602071, 602120, 602139, 602140, 602153, 602154, 602161, 602162, 602163, 602172, 602175, 602200, 602202, 602203, 602225, 602228, 602251, 602252, 602253, 602269, 602275, 602308, 602312, 602313, 602321, 602322, 602327, 602328, 602329, 602374, 602380]}",,OPCUA_SLOWLORIS,True
1786338145000,1786338150000,OPCUA_SLOWLORIS,OPCUA_SLOWLORIS#c86,"[""OPCUA_SLOWLORIS""]","{""OPCUA_SLOWLORIS#c86"": [602410, 602412, 602413, 602425, 602426, 602440, 602441, 602442, 602451, 602492, 602493, 602496, 602498, 602500, 602502, 602506, 602508, 602510, 602512, 602516, 602561, 602563, 602564, 602572, 602573, 602578, 602579, 602580, 602596, 602603, 602674, 602677, 602678, 602687, 602688, 602693, 602694, 602695, 602702, 602705, 602783, 602785, 602786, 602794, 602795, 602800, 602801, 602802, 602809, 602816, 602891, 602892, 602893, 602902, 602903, 602912, 602913, 602914, 602921, 602926]}",,OPCUA_SLOWLORIS,True
1786338150000,1786338155000,OPCUA_SLOWLORIS,OPCUA_SLOWLORIS#c86,"[""OPCUA_SLOWLORIS""]","{""OPCUA_SLOWLORIS#c86"": [602993, 602994, 602995, 603008, 603009, 603018, 603019, 603020, 603030, 603033, 603100, 603101, 603102, 603108, 603109, 603119, 603120, 603121, 603128, 603131, 603202, 603203, 603204, 603212, 603213, 603223, 603224, 603225, 603235, 603238, 603271, 603272, 603273, 603282, 603284, 603318, 603319, 603320, 603333, 603336, 603389, 603390, 603391, 603396, 603397, 603404, 603405, 603406, 603445, 603454]}",,OPCUA_SLOWLORIS,True
1786338155000,1786338160000,OPCUA_SLOWLORIS,OPCUA_SLOWLORIS#c86,"[""OPCUA_SLOWLORIS""]","{""OPCUA_SLOWLORIS#c86"": [603489, 603490, 603491, 603496, 603497, 603503, 603504, 603505, 603523, 603554, 603609, 603610, 603611, 603618, 603619, 603624, 603625, 603626, 603633, 603636, 603724, 603725, 603726, 603740, 603741, 603748, 603749, 603750, 603769, 603772, 603837, 603838, 603839, 603846, 603847, 603854, 603855, 603856, 603865, 603879, 603958, 603959, 603960, 603967, 603968, 603971, 603972, 603973, 603984, 603987]}",,OPCUA_SLOWLORIS,True
1786338160000,1786338165000,OPCUA_SLOWLORIS,OPCUA_SLOWLORIS#c86,"[""OPCUA_SLOWLORIS""]","{""OPCUA_SLOWLORIS#c86"": [604072, 604073, 604074, 604081, 604082, 604087, 604088, 604089, 604100, 604104, 604183, 604184, 604185, 604192, 604193, 604198, 604199, 604200, 604209, 604212, 604296, 604297, 604298, 604305, 604306, 604311, 604312, 604313, 604319, 604325, 604366, 604367, 604368, 604388, 604389, 604407, 604408, 604409, 604413, 604419, 604454, 604455, 604456, 604480, 604482, 604511, 604512, 604513, 604538, 604543]}",,OPCUA_SLOWLORIS,True
1786338165000,1786338170000,OPCUA_SLOWLORIS,OPCUA_SLOWLORIS#c86,"[""OPCUA_SLOWLORIS""]","{""OPCUA_SLOWLORIS#c86"": [604582, 604583, 604584, 604588, 604589, 604599, 604600, 604601, 604608, 604637, 604638, 604640, 604642, 604651, 604653, 604671, 604673, 604678, 604680, 604704, 604706, 604711, 604713, 604732, 604736, 604741, 604743, 604766, 604768, 604773]}",,OPCUA_SLOWLORIS,True
1786338170000,1786338175000,benign,benign#chunk79,[],{},,,False
1786338175000,1786338180000,benign,benign#chunk79,[],{},,,False
1786338180000,1786338185000,benign,benign#chunk79,[],{},,,False
1786338185000,1786338190000,benign,benign#chunk79,[],{},,,False
1786338190000,1786338195000,benign,benign#chunk79,[],{},,,False
1786338195000,1786338200000,benign,benign#chunk79,[],{},,,False
1786338200000,1786338205000,benign,benign#chunk79,[],{},,,False
1786338205000,1786338210000,benign,benign#chunk80,[],{},,,False
1786338210000,1786338215000,benign,benign#chunk80,[],{},,,False
1786338215000,1786338220000,benign,benign#chunk80,[],{},,,False
1786338220000,1786338225000,benign,benign#chunk80,[],{},,,False
1786338225000,1786338230000,OPCUA_PROTOCOL_FUZZ,OPCUA_PROTOCOL_FUZZ#c87,"[""OPCUA_PROTOCOL_FUZZ""]","{""OPCUA_PROTOCOL_FUZZ#c87"": [609711, 609912, 609968, 609995]}",,OPCUA_PROTOCOL_FUZZ,True
1786338230000,1786338235000,benign,benign#chunk80,[],{},,OPCUA_PROTOCOL_FUZZ,False
1786338235000,1786338240000,benign,benign#chunk80,[],{},,,False
1786338240000,1786338245000,benign,benign#chunk80,[],{},,,False
1786338245000,1786338250000,benign,benign#chunk80,[],{},,,False
1786338250000,1786338255000,benign,benign#chunk80,[],{},,,False
1786338255000,1786338260000,benign,benign#chunk80,[],{},,,False
1786338260000,1786338265000,benign,benign#chunk80,[],{},,,False
1786338265000,1786338270000,benign,benign#chunk80,[],{},,,False
1786338270000,1786338275000,benign,benign#chunk81,[],{},,,False
1786338275000,1786338280000,benign,benign#chunk81,[],{},,,False
1786338280000,1786338285000,benign,benign#chunk81,[],{},,,False
1786338285000,1786338290000,benign,benign#chunk81,[],{},,,False
1786338290000,1786338295000,OPCUA_SESSION_BURST,OPCUA_SESSION_BURST#c88,"[""OPCUA_SESSION_BURST""]","{""OPCUA_SESSION_BURST#c88"": [615229, 615235, 615237, 615239, 615242, 615244, 615258, 615272, 615350, 615353, 615355, 615357, 615360, 615362, 615376, 615394, 615437, 615440, 615442, 615444, 615447, 615449, 615465, 615479, 615596, 615599, 615601, 615603, 615608, 615610, 615624, 615638, 615677, 615680, 615682, 615684, 615687, 615689, 615707, 615721]}",,OPCUA_SESSION_BURST,True
1786338295000,1786338300000,benign,benign#chunk81,[],{},,OPCUA_SESSION_BURST,False
1786338300000,1786338305000,benign,benign#chunk81,[],{},,OPCUA_SESSION_BURST,False
1786338305000,1786338310000,benign,benign#chunk81,[],{},,,False
1786338310000,1786338315000,benign,benign#chunk81,[],{},,,False
1786338315000,1786338320000,benign,benign#chunk81,[],{},,,False
1786338320000,1786338325000,benign,benign#chunk81,[],{},,,False
1786338325000,1786338330000,benign,benign#chunk81,[],{},,,False
1786338330000,1786338335000,benign,benign#chunk81,[],{},,,False
1786338335000,1786338340000,benign,benign#chunk82,[],{},,,False
1786338340000,1786338345000,benign,benign#chunk82,[],{},,,False
1786338345000,1786338350000,benign,benign#chunk82,[],{},,,False
1786338350000,1786338355000,benign,benign#chunk82,[],{},,,False
1786338355000,1786338360000,benign,benign#chunk82,[],{},,,False
1786338360000,1786338365000,OPCUA_RECURSIVE_BROWSE,OPCUA_RECURSIVE_BROWSE#c89,"[""OPCUA_RECURSIVE_BROWSE""]","{""OPCUA_RECURSIVE_BROWSE#c89"": [620982, 620984, 620986, 620989, 620991, 621011, 621025, 621029, 621035, 621043, 621047, 621055, 621059, 621066, 621073, 621075, 621077, 621079, 621081, 621083, 621085, 621091, 621101, 621103, 621105, 621113, 621115, 621117, 621119, 621121, 621123, 621125, 621127, 621129, 621131, 621133, 621135, 621137, 621139, 621141, 621143, 621145, 621147, 621149, 621151, 621153, 621155, 621157, 621159, 621161, 621163, 621165, 621167, 621169, 621171, 621173, 621175, 621184, 621186, 621188, 621190, 621192, 621224, 621226, 621228, 621230, 621232, 621234, 621236, 621238, 621240, 621242, 621244, 621246, 621248, 621250, 621252, 621254, 621256, 621258, 621260, 621262, 621264, 621266, 621268, 621270, 621272, 621274, 621276, 621278, 621279, 621284, 621287, 621289, 621291, 621293, 621295, 621297, 621299, 621301, 621303, 621305, 621307, 621309, 621311, 621313, 621315, 621317, 621327, 621335, 621345, 621347, 621349, 621351, 621353, 621355, 621360, 621368, 621373, 621385, 621391, 621425, 621427, 621429, 621431, 621433, 621435, 621439, 621443, 621447, 621453, 621455, 621457, 621459, 621461, 621463, 621467, 621469, 621471, 621473, 621475, 621477, 621479, 621481, 621483, 621485, 621487, 621489, 621491, 621493, 621495, 621497, 621499, 621503, 621505, 621507, 621509, 621511, 621513, 621515, 621517, 621519, 621521, 621523, 621525, 621527, 621529, 621531, 621533, 621535, 621539, 621541, 621543, 621545, 621548, 621550, 621552, 621554, 621556, 621558, 621617, 621619, 621621, 621623, 621625, 621627, 621629, 621631, 621633, 621637, 621648, 621650, 621652, 621654, 621656, 621658, 621660, 621662, 621664, 621666, 621668, 621670, 621672, 621674, 621676, 621678, 621680, 621682, 621684, 621686, 621688, 621690, 621692, 621694, 621696, 621698, 621700, 621702, 621704, 621706, 621708, 621710, 621712, 621714, 621716, 621718, 621720, 621722, 621724, 621728, 621732, 621734, 621736, 621739, 621741, 621743, 621745, 621747, 621762, 621778, 621784, 621786, 621788, 621790, 621792, 621794, 621800, 621806, 621812, 621818, 621828, 621834, 621840, 621846, 621850, 621852, 621854, 621858, 621860, 621862, 621866, 621870, 621872, 621874, 621878, 621880, 621882, 621884, 621886, 621888, 621890, 621894, 621896, 621898, 621900, 621902, 621904, 621906, 621908, 621910, 621912, 621914, 621916, 621920, 621922, 621924, 621926, 621928, 621930, 621932, 621934, 621936, 621939, 621941, 621943, 621945, 621947, 621962, 621965, 621967, 621969, 621971, 621973, 621975, 621977, 621979, 621981, 621983, 621985, 621989, 621993, 621995, 622002, 622004, 622006, 622008, 622010, 622012, 622014, 622016, 622018, 622020, 622022, 622024, 622026, 622028, 622030, 622032, 622034, 622036, 622038, 622040, 622042, 622044, 622046, 622048, 622050, 622052, 622054, 622056, 622058, 622068, 622074, 622080, 622082, 622084, 622087, 622089, 622091, 622093, 622095, 622098, 622100, 622102, 622105, 622107]}",,OPCUA_RECURSIVE_BROWSE,True
1786338365000,1786338370000,OPCUA_RECURSIVE_BROWSE,OPCUA_RECURSIVE_BROWSE#c89,"[""OPCUA_RECURSIVE_BROWSE""]","{""OPCUA_RECURSIVE_BROWSE#c89"": [622181, 622185, 622189, 622191, 622193, 622195, 622197, 622199, 622201, 622203, 622205, 622207, 622209, 622211, 622213, 622215, 622217, 622219, 622221, 622224, 622226, 622228, 622229, 622234, 622236, 622238, 622240, 622242, 622249, 622251, 622253, 622255, 622257, 622259, 622261, 622263, 622265, 622267, 622269, 622271, 622273, 622275, 622277, 622279, 622285, 622287, 622289, 622291, 622293, 622295, 622297, 622299, 622301, 622303, 622306, 622308, 622312, 622314, 622316, 622369, 622371, 622375, 622378, 622380, 622383, 622385, 622387, 622389, 622393, 622397, 622399, 622401, 622403, 622405, 622407, 622409, 622411, 622415, 622417, 622421, 622423, 622425, 622427, 622429, 622431, 622433, 622435, 622437, 622439, 622441, 622443, 622445, 622447, 622449, 622451, 622453, 622455, 622457, 622459, 622461, 622463, 622465, 622467, 622473, 622477, 622479, 622481, 622483, 622485, 622487, 622489, 622491, 622494, 622495, 622499, 622502, 622504, 622506, 622523, 622525, 622527, 622529, 622531, 622533, 622535, 622537, 622539, 622541, 622543, 622545, 622547, 622549, 622551, 622553, 622561, 622565, 622567, 622569, 622571, 622573, 622575, 622577, 622579, 622583, 622587, 622589, 622591, 622593, 622595, 622599, 622607, 622617, 622621, 622628, 622631, 622633, 622635, 622637, 622639, 622645, 622653, 622657, 622659, 622661, 622663, 622665, 622667, 622669, 622671, 622673, 622675, 622678, 622680, 622686, 622688, 622690, 622699, 622712, 622714, 622716, 622719, 622721, 622723, 622725, 622727, 622729, 622733, 622735, 622737, 622740, 622742, 622744, 622746, 622748, 622750, 622752, 622754, 622756, 622758, 622760, 622762, 622764, 622766, 622768, 622770, 622772, 622774, 622776, 622778, 622780, 622782, 622784, 622786, 622788, 622790, 622792, 622794, 622796, 622798, 622800, 622802, 622804, 622806, 622808, 622810, 622812, 622814, 622816, 622818, 622820, 622823, 622825, 622827, 622829, 622831, 622888, 622906, 622908, 622910, 622912, 622914, 622916, 622918, 622920, 622922, 622924, 622926, 622928, 622930, 622932, 622934, 622936, 622938, 622940, 622942, 622944, 622946, 622948, 622950, 622952, 622954, 622956, 622958, 622960, 622968, 622974, 622976, 622978, 622980, 622982, 622984, 622986, 622988, 622990, 622992, 622994, 622996, 622998, 623000, 623002, 623004, 623006, 623008, 623010, 623012, 623014, 623016, 623018, 623020, 623023, 623025, 623027, 623029, 623031, 623100, 623102, 623104, 623109, 623111, 623113, 623115, 623117, 623118, 623123, 623125, 623127, 623129, 623131, 623133, 623135, 623137, 623139, 623141, 623143, 623145, 623147, 623149, 623151, 623153, 623155, 623157, 623159, 623161, 623163, 623165, 623167, 623169, 623175, 623177, 623181, 623183, 623185, 623187, 623189, 623191, 623193, 623195, 623197, 623199, 623201, 623203, 623205, 623207, 623209, 623211, 623213, 623215, 623217, 623220, 623222, 623224, 623226, 623228]}",,OPCUA_RECURSIVE_BROWSE,True
1786338370000,1786338375000,OPCUA_RECURSIVE_BROWSE,OPCUA_RECURSIVE_BROWSE#c89,"[""OPCUA_RECURSIVE_BROWSE""]","{""OPCUA_RECURSIVE_BROWSE#c89"": [623251, 623253, 623255, 623257, 623259, 623261, 623263, 623265, 623269, 623271, 623273, 623277, 623281, 623283, 623285, 623287, 623289, 623291, 623293, 623295, 623299, 623301, 623303, 623309, 623311, 623313, 623315, 623317, 623319, 623321, 623323, 623325, 623327, 623329, 623331, 623333, 623335, 623337, 623341, 623345, 623347, 623349, 623350, 623354, 623359, 623365, 623369, 623371, 623373, 623375, 623379, 623385, 623391, 623397, 623402, 623404, 623408, 623410, 623412, 623451, 623453, 623455, 623459, 623461, 623463, 623465, 623467, 623469, 623471, 623473, 623475, 623477, 623479, 623481, 623483, 623485, 623487, 623489, 623491, 623493, 623495, 623497, 623499, 623501, 623503, 623505, 623507, 623509, 623511, 623513, 623515, 623517, 623519, 623521, 623523, 623525, 623527, 623529, 623531, 623533, 623535, 623537, 623539, 623545, 623547, 623549, 623551, 623553, 623555, 623557, 623559, 623561, 623566, 623568, 623570, 623572, 623574, 623577, 623638, 623640, 623642, 623644, 623646, 623648, 623650, 623652, 623654, 623656, 623658, 623660, 623662, 623666, 623668, 623670, 623672, 623674, 623676, 623678, 623680, 623682, 623684, 623686, 623688, 623690, 623692, 623694, 623696, 623698, 623700, 623702, 623704, 623706, 623708, 623710, 623712, 623714, 623716, 623718, 623720, 623722, 623724, 623726, 623728, 623730, 623732, 623734, 623736, 623740, 623742, 623744, 623746, 623749, 623751, 623754, 623759, 623761, 623774, 623781, 623783, 623785, 623787, 623789, 623795, 623797, 623799, 623801, 623803, 623805, 623811, 623817, 623823, 623831, 623839, 623845, 623851, 623855, 623857, 623861, 623863, 623865, 623869, 623875, 623880, 623882, 623884, 623886, 623888, 623892, 623894, 623896, 623898, 623901, 623903, 623907, 623909, 623911, 623913, 623915, 623917, 623919, 623923, 623925, 623927, 623929, 623931, 623933, 623935, 623939, 623941, 623943, 623946, 623948, 623950, 623952, 623954, 623968, 623969, 623974, 623976, 623978, 623980, 623982, 623984, 623986, 623988, 623990, 623992, 623994, 623998, 624000, 624002, 624004, 624006, 624008, 624010, 624012, 624016, 624024, 624026, 624028, 624030, 624032, 624034, 624036, 624038, 624040, 624042, 624044, 624046, 624048, 624050, 624052, 624054, 624056, 624058, 624060, 624062, 624064, 624066, 624068, 624070, 624072, 624074, 624076, 624078, 624080, 624082, 624092, 624094, 624097, 624099, 624101, 624103, 624105, 624168, 624170, 624172, 624174, 624176, 624178, 624180, 624182, 624184, 624188, 624192, 624194, 624196, 624198, 624200, 624202, 624204, 624206, 624210, 624212, 624214, 624216, 624218, 624220, 624222, 624224, 624228, 624230, 624232, 624234, 624236, 624238, 624240, 624242, 624244, 624246, 624247, 624250, 624258, 624260, 624262, 624264, 624266, 624268, 624270, 624272, 624274, 624276, 624278, 624280, 624282, 624284, 624286, 624290, 624293, 624299, 624301, 624305, 624307]}",,OPCUA_RECURSIVE_BROWSE,True
1786338375000,1786338380000,OPCUA_RECURSIVE_BROWSE,OPCUA_RECURSIVE_BROWSE#c89,"[""OPCUA_RECURSIVE_BROWSE""]","{""OPCUA_RECURSIVE_BROWSE#c89"": [624362, 624364, 624366, 624368, 624370, 624372, 624374, 624376, 624378, 624382, 624384, 624386, 624388, 624390, 624392, 624394, 624396, 624398, 624400, 624402, 624404, 624406, 624408, 624411, 624413, 624415, 624417, 624419, 624421, 624423, 624425, 624427, 624430, 624432, 624434, 624436, 624438, 624440, 624442, 624444, 624446, 624448, 624450, 624452, 624456, 624464, 624466, 624468, 624470, 624473, 624475, 624477, 624483, 624487, 624491, 624493, 624495, 624497, 624500, 624517, 624519, 624521, 624525, 624527, 624529, 624531, 624533, 624535, 624537, 624539, 624541, 624543, 624545, 624549, 624551, 624553, 624555, 624557, 624561, 624567, 624573, 624579, 624585, 624591, 624597, 624603, 624607, 624609, 624611, 624613, 624615, 624619, 624623, 624625, 624627, 624629, 624631, 624633, 624635, 624637, 624641, 624643, 624645, 624647, 624649, 624651, 624655, 624657, 624659, 624661, 624663, 624665, 624668, 624670, 624672, 624674, 624676, 624693, 624710, 624716]}",,OPCUA_RECURSIVE_BROWSE,True
1786338380000,1786338385000,benign,benign#chunk82,[],{},,,False
1786338385000,1786338390000,benign,benign#chunk82,[],{},,,False
1786338390000,1786338395000,benign,benign#chunk82,[],{},,,False
1786338395000,1786338400000,benign,benign#chunk82,[],{},,,False
1786338400000,1786338405000,benign,benign#chunk82,[],{},,,False
1786338405000,1786338410000,benign,benign#chunk82,[],{},,,False
1786338410000,1786338415000,benign,benign#chunk82,[],{},,,False
1786338415000,1786338420000,benign,benign#chunk83,[],{},,,False
1786338420000,1786338425000,benign,benign#chunk83,[],{},,,False
1786338425000,1786338430000,benign,benign#chunk83,[],{},,,False
1786338430000,1786338435000,benign,benign#chunk83,[],{},,,False
1786338435000,1786338440000,OPCUA_WRITE_DENIED,OPCUA_WRITE_DENIED#c90,"[""OPCUA_WRITE_DENIED""]","{""OPCUA_WRITE_DENIED#c90"": [629964, 629966, 629968, 629971, 629977, 629995, 630013]}",,OPCUA_WRITE_DENIED,True
1786338440000,1786338445000,benign,benign#chunk83,[],{},,,False
1786338445000,1786338450000,benign,benign#chunk83,[],{},,,False
1786338450000,1786338455000,benign,benign#chunk83,[],{},,,False
1786338455000,1786338460000,benign,benign#chunk83,[],{},,,False
1786338460000,1786338465000,benign,benign#chunk83,[],{},,,False
1786338465000,1786338470000,benign,benign#chunk83,[],{},,,False
1786338470000,1786338475000,benign,benign#chunk83,[],{},,,False
1786338475000,1786338480000,benign,benign#chunk83,[],{},,,False
1786338480000,1786338485000,benign,benign#chunk84,[],{},,,False
1786338485000,1786338490000,benign,benign#chunk84,[],{},,,False
1786338490000,1786338495000,benign,benign#chunk84,[],{},,,False
1786338495000,1786338500000,OPCUA_READ_SCRAPING,OPCUA_READ_SCRAPING#c91,"[""OPCUA_READ_SCRAPING""]","{""OPCUA_READ_SCRAPING#c91"": [634852, 634854, 634859, 634861, 634875, 634889, 634891, 634897, 634899, 634904, 634906, 634908, 634910, 634912, 634914, 634923, 634925, 634927, 634932, 634935, 634937, 634946, 634948, 634950, 634952, 634954, 634956, 634989, 634991, 634993, 634995, 634997, 634999, 635004, 635006, 635008, 635010, 635012, 635014, 635017, 635019, 635021, 635023, 635025, 635031, 635050, 635052, 635054, 635056, 635058, 635060, 635065, 635067, 635069, 635071, 635073, 635075, 635083, 635086, 635088, 635090, 635092, 635096, 635143, 635149, 635155, 635156, 635163, 635165, 635167, 635175, 635179, 635181, 635183, 635185, 635187, 635198, 635200, 635202, 635204, 635206, 635208, 635249, 635251, 635253, 635255, 635257, 635259, 635264, 635266, 635268, 635270, 635272, 635274, 635279, 635281, 635283, 635285, 635287, 635289, 635292, 635294, 635296, 635298, 635300, 635302, 635309, 635311, 635315, 635319, 635321, 635323, 635330, 635332, 635334, 635336, 635338, 635340, 635345, 635347, 635349, 635351, 635353, 635355, 635366, 635368, 635370, 635372, 635374, 635380, 635389, 635391, 635393, 635395, 635396, 635401, 635403, 635430, 635434, 635444, 635450, 635454, 635456, 635469, 635471, 635473, 635477, 635479, 635481, 635484, 635486, 635488, 635494, 635496, 635498, 635503, 635505, 635507, 635509, 635511, 635513, 635516, 635518, 635520, 635522, 635524, 635526, 635529, 635531, 635533, 635535, 635537, 635539, 635544, 635546, 635548, 635550, 635552, 635554, 635557, 635559, 635561, 635563, 635569, 635571, 635576, 635578, 635580, 635582, 635584, 635586, 635660, 635682, 635692, 635702, 635704, 635708, 635715, 635716, 635723, 635725, 635727, 635729, 635731, 635734, 635736, 635741, 635743, 635745, 635747]}",,OPCUA_READ_SCRAPING,True
1786338500000,1786338505000,OPCUA_READ_SCRAPING,OPCUA_READ_SCRAPING#c91,"[""OPCUA_READ_SCRAPING""]","{""OPCUA_READ_SCRAPING#c91"": [635778, 635780, 635784, 635790, 635794, 635796, 635807, 635809, 635811, 635813, 635815, 635817, 635825, 635827, 635829, 635831, 635833, 635837, 635842, 635844, 635846, 635848, 635850, 635854, 635859, 635863, 635865, 635867, 635869, 635871, 635879, 635881, 635883, 635885, 635889, 635898, 635901, 635903, 635905, 635907, 635909, 635911, 635919, 635921, 635923, 635925, 635927, 635929, 635944, 635952, 635954, 635956, 635957, 635962, 635964, 635967, 635969, 635971, 635973, 635975, 635977, 635984, 635986, 635989, 635991, 635993, 635995, 636000, 636002, 636004, 636006, 636008, 636012, 636055, 636057, 636059, 636061, 636063, 636067, 636074, 636076, 636078, 636080, 636082, 636084, 636087, 636089, 636091, 636093, 636095, 636097, 636104, 636106, 636108, 636110, 636112, 636114, 636117, 636119, 636121, 636123, 636125, 636129, 636132, 636134, 636136, 636138, 636140, 636142, 636145, 636147, 636149, 636151, 636153, 636155, 636162, 636164, 636166, 636172, 636174, 636175, 636180, 636186, 636188, 636190, 636192, 636194, 636196, 636201, 636203, 636205, 636207, 636209, 636211, 636214, 636216, 636218, 636220, 636222, 636224, 636235, 636237, 636239, 636241, 636243, 636249, 636284, 636286, 636288, 636292, 636300, 636302, 636309, 636311, 636313, 636315, 636317, 636319, 636324, 636326, 636328, 636330, 636332, 636334, 636338, 636340, 636342, 636344, 636346, 636348, 636352, 636354, 636356, 636358, 636360, 636362, 636373, 636379, 636381, 636383, 636385, 636387, 636394, 636395, 636400, 636402, 636404, 636406, 636408, 636411, 636413, 636415, 636417, 636425, 636427, 636430, 636432, 636434, 636437, 636439, 636441, 636445, 636447, 636449, 636451, 636453, 636455, 636466, 636468, 636470, 636474, 636476, 636478, 636485, 636491, 636495, 636497, 636499, 636501, 636516, 636524, 636530, 636536, 636538, 636540, 636547, 636549, 636551, 636553, 636557, 636559, 636562, 636564, 636566, 636568, 636570, 636572, 636575, 636577, 636579, 636581, 636583, 636585, 636588, 636590, 636596, 636602, 636604, 636606, 636613, 636614, 636617, 636621, 636623, 636625, 636627, 636630, 636632, 636634, 636636, 636638, 636640, 636647, 636649, 636651, 636653, 636655, 636657, 636664, 636666, 636668, 636670, 636672, 636674, 636681, 636683, 636685, 636687, 636689, 636691, 636700, 636702, 636704, 636706, 636708, 636710, 636715, 636717, 636719, 636721, 636723, 636725, 636728, 636730, 636732, 636734, 636736, 636740, 636777, 636779, 636781, 636783, 636785, 636787, 636792, 636794, 636796, 636798, 636800, 636802, 636809, 636811, 636813, 636815, 636817, 636819, 636826, 636827, 636832, 636834, 636836, 636838, 636840, 636843, 636845, 636847, 636853, 636855, 636857, 636864, 636868, 636870, 636872]}",,OPCUA_READ_SCRAPING,True
1786338505000,1786338510000,OPCUA_READ_SCRAPING,OPCUA_READ_SCRAPING#c91,"[""OPCUA_READ_SCRAPING""]","{""OPCUA_READ_SCRAPING#c91"": [636874, 636876, 636881, 636883, 636885, 636887, 636889, 636891, 636900, 636902, 636904, 636906, 636908, 636910, 636915, 636917, 636919, 636921, 636923, 636925, 636934, 636936, 636938, 636940, 636942, 636944, 636947, 636949, 636951, 636953, 636955, 636957, 636962, 636964, 636966, 636968, 636970, 636974, 637013, 637015, 637017, 637019, 637021, 637025, 637032, 637034, 637036, 637038, 637040, 637042, 637053, 637054, 637057, 637061, 637063, 637065, 637067, 637075, 637079, 637081, 637083, 637085, 637087, 637090, 637092, 637096, 637098, 637100, 637102, 637105]}",,OPCUA_READ_SCRAPING,True
1786338510000,1786338515000,benign,benign#chunk84,[],{},,,False
1786338515000,1786338520000,benign,benign#chunk84,[],{},,,False
1786338520000,1786338525000,benign,benign#chunk84,[],{},,,False
1786338525000,1786338530000,benign,benign#chunk84,[],{},,,False
1786338530000,1786338535000,benign,benign#chunk84,[],{},,,False
1786338535000,1786338540000,benign,benign#chunk84,[],{},,,False
1786338540000,1786338545000,benign,benign#chunk84,[],{},,,False
1786338545000,1786338550000,benign,benign#chunk84,[],{},,,False
1786338550000,1786338555000,benign,benign#chunk84,[],{},,,False
1786338555000,1786338560000,benign,benign#chunk85,[],{},,,False
1786338560000,1786338565000,benign,benign#chunk85,[],{},,,False
1786338565000,1786338570000,OPCUA_SUBSCRIPTION_FLOOD,OPCUA_SUBSCRIPTION_FLOOD#c92,"[""OPCUA_SUBSCRIPTION_FLOOD""]","{""OPCUA_SUBSCRIPTION_FLOOD#c92"": [642186, 642188, 642192, 642195, 642197, 642211, 642212, 642227, 642313, 642317]}",,OPCUA_SUBSCRIPTION_FLOOD,True
1786338570000,1786338575000,OPCUA_SUBSCRIPTION_FLOOD,OPCUA_SUBSCRIPTION_FLOOD#c92,"[""OPCUA_SUBSCRIPTION_FLOOD""]","{""OPCUA_SUBSCRIPTION_FLOOD#c92"": [642421, 642515, 642592, 642661, 642725]}",,OPCUA_SUBSCRIPTION_FLOOD,True
1786338575000,1786338580000,OPCUA_SUBSCRIPTION_FLOOD,OPCUA_SUBSCRIPTION_FLOOD#c92,"[""OPCUA_SUBSCRIPTION_FLOOD""]","{""OPCUA_SUBSCRIPTION_FLOOD#c92"": [642815, 642895, 642971, 643056, 643057, 643062, 643064]}",,OPCUA_SUBSCRIPTION_FLOOD,True
1786338580000,1786338585000,OPCUA_SUBSCRIPTION_FLOOD,OPCUA_SUBSCRIPTION_FLOOD#c92,[],{},attack_without_in_interval_event_evidence,OPCUA_SUBSCRIPTION_FLOOD,True
1786338585000,1786338590000,benign,benign#chunk85,[],{},,,False
1786338590000,1786338595000,benign,benign#chunk85,[],{},,,False
1786338595000,1786338600000,benign,benign#chunk85,[],{},,,False
1786338600000,1786338605000,benign,benign#chunk85,[],{},,,False
1786338605000,1786338610000,benign,benign#chunk85,[],{},,,False
1786338610000,1786338615000,benign,benign#chunk85,[],{},,,False
1786338615000,1786338620000,benign,benign#chunk85,[],{},,,False
1786338620000,1786338625000,benign,benign#chunk85,[],{},,,False
1786338625000,1786338630000,benign,benign#chunk85,[],{},,,False
1786338630000,1786338635000,benign,benign#chunk85,[],{},,,False
1786338635000,1786338640000,benign,benign#chunk86,[],{},,,False
1786338640000,1786338645000,OPCUA_RECURSIVE_BROWSE,OPCUA_RECURSIVE_BROWSE#c93,"[""OPCUA_RECURSIVE_BROWSE""]","{""OPCUA_RECURSIVE_BROWSE#c93"": [648285, 648287, 648289, 648292, 648294, 648308, 648328, 648330, 648332, 648334, 648336, 648338, 648340, 648342, 648344, 648346, 648348, 648350, 648352, 648354, 648356, 648358, 648360, 648362, 648364, 648366, 648368, 648370, 648372, 648374, 648376, 648378, 648380, 648382, 648386, 648396, 648398, 648400, 648402, 648404, 648406, 648408, 648410, 648412, 648414, 648416, 648418, 648420, 648422, 648424, 648426, 648428, 648430, 648432, 648434, 648436, 648438, 648441, 648443, 648445, 648447, 648449, 648536, 648538, 648540, 648542, 648544, 648546, 648548, 648550, 648552, 648554, 648556, 648558, 648560, 648562, 648564, 648566, 648568, 648570, 648572, 648574, 648576, 648578, 648580, 648582, 648584, 648586, 648588, 648590, 648592, 648594, 648596, 648598, 648599, 648604, 648606, 648608, 648610, 648612, 648614, 648616, 648618, 648620, 648622, 648624, 648626, 648628, 648630, 648632, 648634, 648636, 648638, 648640, 648644, 648646, 648649, 648653, 648655, 648657, 648659, 648700, 648702, 648704, 648706, 648708, 648710, 648716, 648718, 648720, 648722, 648724, 648726, 648728, 648730, 648732, 648734, 648740, 648746, 648750, 648752, 648754, 648756, 648758, 648760, 648762, 648764, 648772, 648780, 648786, 648788, 648790, 648792, 648794, 648796, 648802, 648806, 648812, 648818, 648826, 648828, 648830, 648832, 648834, 648836, 648838, 648846, 648848, 648850, 648852, 648854, 648856, 648858, 648860, 648863, 648865, 648869, 648871, 648873, 648877, 648892, 648894, 648896, 648902, 648904, 648907, 648909, 648911, 648913, 648915, 648917, 648919, 648921, 648923, 648925, 648927, 648929, 648931, 648933, 648935, 648937, 648939, 648941, 648943, 648945, 648947, 648949, 648951, 648953, 648955, 648957, 648959, 648961, 648963, 648965, 648967, 648969, 648971, 648973, 648975, 648977, 648979, 648985, 648987, 648989, 648991, 648993, 648995, 648997, 648999, 649001, 649003, 649005, 649008, 649010, 649012, 649014, 649016, 649063, 649072, 649074, 649076, 649078, 649080, 649082, 649084, 649086, 649088, 649090, 649092, 649094, 649096, 649098, 649100, 649102, 649104, 649106, 649108, 649110, 649112, 649114, 649116, 649118, 649123, 649131, 649135, 649143, 649151, 649155, 649157, 649159, 649161, 649163, 649165, 649167, 649169, 649171, 649173, 649175, 649177, 649179, 649181, 649183, 649185, 649187, 649189, 649191, 649193, 649195, 649197, 649199, 649201, 649204, 649206, 649208, 649210, 649212, 649240, 649264, 649272, 649278, 649284, 649286, 649288, 649290, 649292, 649294, 649296, 649298, 649302, 649304, 649310, 649312, 649314, 649316, 649318, 649320, 649322, 649324, 649326, 649328, 649330, 649332, 649334, 649336, 649338, 649340, 649342, 649344, 649346, 649348, 649350, 649352, 649354, 649356, 649358, 649360, 649362, 649364, 649366, 649368, 649372, 649374, 649376, 649378, 649380, 649382, 649384, 649386, 649388, 649390, 649393, 649395, 649397, 649399, 649401]}",,OPCUA_RECURSIVE_BROWSE,True
1786338645000,1786338650000,OPCUA_RECURSIVE_BROWSE,OPCUA_RECURSIVE_BROWSE#c93,"[""OPCUA_RECURSIVE_BROWSE""]","{""OPCUA_RECURSIVE_BROWSE#c93"": [649432, 649436, 649441, 649443, 649445, 649447, 649449, 649451, 649453, 649455, 649457, 649461, 649463, 649468, 649470, 649472, 649474, 649476, 649478, 649480, 649482, 649484, 649486, 649488, 649490, 649492, 649498, 649500, 649502, 649504, 649508, 649517, 649528, 649530, 649531, 649540, 649542, 649544, 649546, 649548, 649550, 649552, 649554, 649556, 649558, 649560, 649562, 649564, 649566, 649568, 649570, 649574, 649578, 649580, 649583, 649585, 649587, 649589, 649591, 649654, 649656, 649658, 649660, 649662, 649664, 649666, 649668, 649670, 649672, 649674, 649676, 649678, 649680, 649682, 649684, 649686, 649688, 649690, 649692, 649694, 649698, 649700, 649702, 649704, 649706, 649708, 649710, 649712, 649714, 649716, 649718, 649720, 649722, 649724, 649726, 649728, 649730, 649734, 649738, 649740, 649742, 649746, 649748, 649750, 649752, 649754, 649760, 649764, 649766, 649768, 649770, 649772, 649775, 649777, 649779, 649781, 649783, 649785, 649834, 649836, 649838, 649840, 649842, 649844, 649846, 649848, 649850, 649852, 649854, 649856, 649858, 649860, 649862, 649864, 649866, 649868, 649870, 649872, 649878, 649880, 649882, 649884, 649886, 649888, 649890, 649892, 649894, 649896, 649898, 649900, 649902, 649904, 649906, 649908, 649910, 649912, 649918, 649920, 649922, 649924, 649926, 649928, 649930, 649932, 649934, 649936, 649938, 649940, 649942, 649944, 649946, 649949, 649951, 649953, 649955, 649961, 649980, 649986, 649988, 649990, 649992, 649994, 649996, 649998, 650000, 650002, 650004, 650006, 650008, 650010, 650012, 650014, 650018, 650026, 650028, 650030, 650032, 650036, 650042, 650048, 650054, 650060, 650066, 650073, 650077, 650079, 650081, 650083, 650085, 650087, 650090, 650094, 650098, 650100, 650102, 650104, 650106, 650108, 650110, 650114, 650118, 650120, 650122, 650124, 650126, 650128, 650130, 650132, 650134, 650138, 650141, 650143, 650145, 650147, 650149, 650176, 650179, 650181, 650183, 650185, 650187, 650189, 650191, 650193, 650195, 650197, 650199, 650201, 650203, 650205, 650207, 650209, 650211, 650213, 650215, 650217, 650219, 650221, 650223, 650225, 650227, 650229, 650231, 650233, 650235, 650237, 650239, 650241, 650243, 650245, 650247, 650249, 650251, 650253, 650255, 650257, 650259, 650261, 650263, 650265, 650267, 650269, 650271, 650273, 650275, 650277, 650283, 650285, 650287, 650290, 650292, 650294, 650296, 650300, 650363, 650365, 650367, 650369, 650371, 650373, 650375, 650377, 650381, 650383, 650385, 650387, 650389, 650391, 650393, 650395, 650397, 650399, 650401, 650403, 650405, 650407, 650409, 650411, 650412, 650417, 650419, 650421, 650423, 650425, 650427, 650429, 650431, 650433, 650435, 650437, 650439, 650441, 650443, 650445, 650447, 650449, 650451, 650453, 650455, 650457, 650459, 650461, 650463, 650465, 650467, 650469, 650471, 650473, 650476, 650478, 650480, 650482, 650484]}",,OPCUA_RECURSIVE_BROWSE,True
1786338650000,1786338655000,OPCUA_RECURSIVE_BROWSE,OPCUA_RECURSIVE_BROWSE#c93,"[""OPCUA_RECURSIVE_BROWSE""]","{""OPCUA_RECURSIVE_BROWSE#c93"": [650512, 650514, 650516, 650522, 650528, 650534, 650538, 650542, 650550, 650556, 650562, 650568, 650572, 650574, 650576, 650578, 650580, 650582, 650588, 650590, 650592, 650594, 650596, 650598, 650600, 650602, 650604, 650606, 650610, 650614, 650616, 650618, 650620, 650622, 650628, 650630, 650632, 650634, 650636, 650638, 650640, 650642, 650644, 650652, 650654, 650656, 650658, 650660, 650662, 650664, 650666, 650668, 650669, 650673, 650676, 650678, 650680, 650682, 650684, 650711, 650713, 650717, 650719, 650721, 650723, 650725, 650727, 650729, 650731, 650733, 650735, 650737, 650739, 650741, 650743, 650745, 650747, 650749, 650755, 650757, 650759, 650761, 650763, 650765, 650767, 650769, 650771, 650773, 650775, 650777, 650779, 650781, 650783, 650785, 650787, 650789, 650791, 650795, 650797, 650799, 650801, 650803, 650805, 650807, 650809, 650811, 650815, 650817, 650819, 650821, 650823, 650825, 650832, 650836, 650842, 650848, 650854, 650883, 650894, 650896, 650898, 650900, 650902, 650904, 650906, 650908, 650910, 650912, 650914, 650916, 650918, 650920, 650922, 650924, 650926, 650928, 650934, 650936, 650938, 650940, 650942, 650944, 650946, 650948, 650950, 650952, 650954, 650956, 650958, 650960, 650962, 650965, 650967, 650969, 650971, 650973, 650975, 650977, 650980, 650982, 650984, 650986, 650988, 650990, 650992, 650994, 650996, 650998, 651000, 651002, 651004, 651007, 651009, 651011, 651017, 651019, 651078, 651087, 651089, 651091, 651093, 651097, 651101, 651103, 651105, 651107, 651109, 651111, 651113, 651115, 651117, 651119, 651121, 651123, 651125, 651127, 651129, 651131, 651133, 651135, 651137, 651139, 651141, 651143, 651145, 651147, 651149, 651151, 651153, 651155, 651157, 651159, 651161, 651163, 651165, 651173, 651175, 651177, 651179, 651181, 651183, 651185, 651187, 651189, 651191, 651193, 651195, 651197, 651199, 651201, 651204, 651206, 651208, 651210, 651212, 651227, 651229, 651231, 651237, 651239, 651241, 651243, 651244, 651249, 651251, 651253, 651255, 651257, 651261, 651263, 651267, 651273, 651279, 651285, 651291, 651297, 651307, 651313, 651317, 651319, 651321, 651323, 651325, 651327, 651331, 651335, 651337, 651339, 651341, 651343, 651345, 651347, 651349, 651353, 651355, 651357, 651359, 651361, 651363, 651365, 651367, 651369, 651371, 651373, 651375, 651377, 651381, 651383, 651385, 651388, 651390, 651392, 651394, 651396, 651415, 651421, 651423, 651425, 651427, 651429, 651431, 651433, 651435, 651437, 651439, 651443, 651445, 651447, 651451, 651453, 651455, 651457, 651459, 651461, 651463, 651465, 651467, 651469, 651471, 651473, 651475, 651477, 651479, 651481, 651483, 651485, 651487, 651489, 651491, 651493, 651495, 651497, 651509, 651511, 651512, 651518, 651520, 651522, 651524, 651526, 651528, 651532, 651534, 651537, 651539, 651541, 651543, 651545, 651548, 651550, 651552, 651554, 651556, 651607, 651609, 651612, 651622, 651624]}",,OPCUA_RECURSIVE_BROWSE,True
1786338655000,1786338660000,OPCUA_RECURSIVE_BROWSE,OPCUA_RECURSIVE_BROWSE#c93,"[""OPCUA_RECURSIVE_BROWSE""]","{""OPCUA_RECURSIVE_BROWSE#c93"": [651626, 651628, 651630, 651632, 651638, 651640, 651642, 651644, 651646, 651648, 651650, 651654, 651656, 651658, 651660, 651662, 651664, 651666, 651668, 651670, 651672, 651674, 651676, 651678, 651680, 651682, 651684, 651686, 651688, 651690, 651692, 651694, 651696, 651698, 651700, 651702, 651704, 651706, 651708, 651710, 651714, 651716, 651718, 651720, 651722, 651724, 651726, 651732, 651735, 651737, 651739, 651741, 651743, 651754, 651827, 651829, 651831, 651833, 651835, 651837, 651839, 651842, 651844, 651846, 651848, 651850, 651852, 651854, 651856, 651858, 651860, 651862, 651864, 651866, 651868, 651872, 651874, 651876, 651878, 651880, 651882, 651884, 651886, 651888, 651890, 651892, 651894, 651896, 651898, 651900, 651902, 651904, 651906, 651908, 651914, 651916, 651918, 651920, 651922, 651924, 651926, 651928, 651930, 651932, 651934, 651936, 651938, 651941, 651943, 651945, 651947, 651949, 651964, 651975, 651977]}",,OPCUA_RECURSIVE_BROWSE,True
1786338660000,1786338665000,benign,benign#chunk86,[],{},,,False
1786338665000,1786338670000,benign,benign#chunk86,[],{},,,False
1786338670000,1786338675000,benign,benign#chunk86,[],{},,,False
1786338675000,1786338680000,benign,benign#chunk86,[],{},,,False
1786338680000,1786338685000,benign,benign#chunk86,[],{},,,False
1786338685000,1786338690000,benign,benign#chunk86,[],{},,,False
1786338690000,1786338695000,benign,benign#chunk86,[],{},,,False
1786338695000,1786338700000,benign,benign#chunk86,[],{},,,False
1786338700000,1786338705000,benign,benign#chunk86,[],{},,,False
1786338705000,1786338710000,benign,benign#chunk86,[],{},,,False
1786338710000,1786338715000,benign,benign#chunk86,[],{},,,False
1786338715000,1786338720000,OPCUA_NODE_BROWSE,OPCUA_NODE_BROWSE#c94,"[""OPCUA_NODE_BROWSE""]","{""OPCUA_NODE_BROWSE#c94"": [656782, 656784, 656788, 656791, 656795, 656809, 656823, 656825, 656830, 656835, 656837, 656847, 656849, 656851, 656853, 656855, 656857, 656861, 656863, 656865, 656867, 656869, 656871, 656873]}",,OPCUA_NODE_BROWSE,True
1786338720000,1786338725000,benign,benign#chunk87,[],{},,,False
1786338725000,1786338730000,benign,benign#chunk87,[],{},,,False
1786338730000,1786338735000,benign,benign#chunk87,[],{},,,False
1786338735000,1786338740000,benign,benign#chunk87,[],{},,,False
1786338740000,1786338745000,benign,benign#chunk87,[],{},,,False
1786338745000,1786338750000,benign,benign#chunk87,[],{},,,False
1786338750000,1786338755000,benign,benign#chunk87,[],{},,,False
1786338755000,1786338760000,benign,benign#chunk87,[],{},,,False
1786338760000,1786338765000,benign,benign#chunk87,[],{},,,False
1786338765000,1786338770000,benign,benign#chunk87,[],{},,,False
1786338770000,1786338775000,benign,benign#chunk87,[],{},,,False
1786338775000,1786338780000,OPCUA_SLOWLORIS,OPCUA_SLOWLORIS#c95,"[""OPCUA_SLOWLORIS""]","{""OPCUA_SLOWLORIS#c95"": [661809, 661811, 661814, 661819, 661833, 661847, 661850, 661856, 661874, 661888, 661891, 661896, 661911, 661925, 661928, 661933, 661948, 661962, 661966, 661973, 661991, 662005, 662008, 662014, 662028, 662042, 662045, 662050, 662065, 662079, 662082, 662091, 662110, 662124, 662129, 662134, 662151, 662165, 662168, 662173, 662194, 662208, 662211, 662213, 662224, 662225, 662247, 662263, 662269, 662271, 662273, 662275, 662281, 662288, 662294, 662353, 662355, 662359, 662362, 662365, 662368, 662393, 662398, 662401, 662407, 662487, 662492, 662497, 662508, 662513, 662517, 662525, 662548, 662553, 662563, 662629, 662631, 662637, 662639, 662643]}",,OPCUA_SLOWLORIS,True
1786338780000,1786338785000,OPCUA_SLOWLORIS,OPCUA_SLOWLORIS#c95,"[""OPCUA_SLOWLORIS""]","{""OPCUA_SLOWLORIS#c95"": [662646, 662649, 662652, 662657, 662671, 662731, 662733, 662743, 662744, 662749, 662769, 662772, 662778, 662785, 662802, 662861, 662862, 662879, 662880, 662885, 662886, 662891, 662902, 662905, 662920, 662985, 662986, 663013, 663014, 663037, 663038, 663049, 663052, 663066, 663084, 663298, 663299, 663308, 663309, 663318, 663320, 663335, 663361, 663365, 663383, 663413, 663414]}",,OPCUA_SLOWLORIS,True
1786338785000,1786338790000,OPCUA_SLOWLORIS,OPCUA_SLOWLORIS#c95,"[""OPCUA_SLOWLORIS""]","{""OPCUA_SLOWLORIS#c95"": [663419, 663420, 663431, 663432, 663438, 663442, 663443, 663485, 663531, 663532, 663537, 663538, 663552, 663553, 663558, 663563, 663564, 663575, 663642, 663643, 663647, 663648, 663655, 663656, 663665, 663668, 663669, 663680, 663743, 663744, 663749, 663750, 663755, 663756, 663761, 663764, 663765, 663776, 663862, 663863, 663868, 663869, 663874, 663875, 663880, 663883, 663884, 663894]}",,OPCUA_SLOWLORIS,True
1786338790000,1786338795000,OPCUA_SLOWLORIS,OPCUA_SLOWLORIS#c95,"[""OPCUA_SLOWLORIS""]","{""OPCUA_SLOWLORIS#c95"": [663967, 663968, 663973, 663974, 663979, 663980, 663996, 663998, 663999, 664019, 664087, 664088, 664091, 664092, 664099, 664100, 664109, 664110, 664111, 664126, 664198, 664199, 664200, 664201, 664214, 664215, 664224, 664225, 664226, 664243, 664306, 664307, 664308, 664309, 664320, 664321, 664326, 664327, 664328, 664339, 664400, 664401, 664402, 664403, 664416, 664417, 664424, 664425, 664426, 664437]}",,OPCUA_SLOWLORIS,True
1786338795000,1786338800000,OPCUA_SLOWLORIS,OPCUA_SLOWLORIS#c95,"[""OPCUA_SLOWLORIS""]","{""OPCUA_SLOWLORIS#c95"": [664475, 664476, 664477, 664478, 664499, 664500, 664525, 664526, 664527, 664544, 664580, 664581, 664582, 664583, 664592, 664593, 664604, 664605, 664606, 664661, 664686, 664687, 664688, 664689, 664702, 664703, 664708, 664709, 664710, 664731, 664732, 664739, 664745, 664751, 664757, 664765, 664771, 664780, 664786, 664792, 664834, 664835, 664836, 664837, 664844, 664845, 664856, 664857, 664858, 664877, 664949, 664950, 664951, 664952, 664957, 664958, 664969, 664970, 664971, 664988]}",,OPCUA_SLOWLORIS,True
1786338800000,1786338805000,OPCUA_SLOWLORIS,OPCUA_SLOWLORIS#c95,"[""OPCUA_SLOWLORIS""]","{""OPCUA_SLOWLORIS#c95"": [665136, 665137, 665138, 665139, 665148, 665149, 665158, 665159, 665160, 665181, 665260, 665261, 665262, 665263, 665268, 665269, 665279, 665280, 665281, 665299, 665366, 665367, 665368, 665369, 665370, 665371, 665386, 665387, 665388, 665403, 665475, 665476, 665477, 665478, 665479, 665480, 665495, 665496, 665497, 665510, 665558, 665559, 665560, 665561, 665562, 665563, 665604, 665605, 665606, 665623]}",,OPCUA_SLOWLORIS,True
1786338805000,1786338810000,OPCUA_SLOWLORIS,OPCUA_SLOWLORIS#c95,"[""OPCUA_SLOWLORIS""]","{""OPCUA_SLOWLORIS#c95"": [665650, 665652, 665653, 665654, 665655, 665656, 665669, 665672, 665673, 665727, 665772, 665774, 665775, 665781, 665782, 665783, 665784, 665785, 665786, 665853, 665880, 665881, 665882, 665887, 665888, 665889, 665890, 665891, 665892, 665959, 665992, 665993, 665994, 666005, 666006, 666007, 666010, 666011, 666012, 666037, 666108, 666109, 666110, 666117, 666118, 666119, 666120, 666121, 666122, 666145]}",,OPCUA_SLOWLORIS,True
1786338810000,1786338815000,OPCUA_SLOWLORIS,OPCUA_SLOWLORIS#c95,"[""OPCUA_SLOWLORIS""]","{""OPCUA_SLOWLORIS#c95"": [666217, 666218, 666219, 666230, 666231, 666232, 666233, 666234, 666235, 666260, 666324, 666325, 666326, 666337, 666338, 666339, 666340, 666341, 666342, 666358, 666437, 666438, 666439, 666456, 666457, 666458, 666459, 666460, 666461, 666481, 666557, 666558, 666559, 666574, 666575, 666578, 666579, 666580, 666581, 666594, 666664, 666665, 666666, 666682, 666683, 666690, 666691, 666692, 666693, 666704]}",,OPCUA_SLOWLORIS,True
1786338815000,1786338820000,OPCUA_SLOWLORIS,OPCUA_SLOWLORIS#c95,"[""OPCUA_SLOWLORIS""]","{""OPCUA_SLOWLORIS#c95"": [666761, 666762, 666763, 666788, 666789, 666796, 666797, 666798, 666799, 666814, 666839, 666840, 666841, 666868, 666869, 666904, 666905, 666906, 666907, 666922, 666968, 666969, 666970, 666985, 666986, 667009, 667010, 667011, 667012, 667020, 667027, 667029, 667034, 667036, 667061, 667063, 667068, 667070, 667089, 667090, 667092, 667099, 667101, 667120, 667122, 667128, 667130, 667157, 667159, 667164]}",,OPCUA_SLOWLORIS,True
1786338820000,1786338825000,benign,benign#chunk87,[],{},,,False
1786338825000,1786338830000,benign,benign#chunk88,[],{},,,False
1786338830000,1786338835000,benign,benign#chunk88,[],{},,,False
1786338835000,1786338840000,benign,benign#chunk88,[],{},,,False
1786338840000,1786338845000,benign,benign#chunk88,[],{},,,False
1786338845000,1786338850000,benign,benign#chunk88,[],{},,,False
1786338850000,1786338855000,benign,benign#chunk88,[],{},,,False
1786338855000,1786338860000,benign,benign#chunk88,[],{},,,False
1786338860000,1786338865000,benign,benign#chunk88,[],{},,,False
1786338865000,1786338870000,benign,benign#chunk88,[],{},,,False
1786338870000,1786338875000,benign,benign#chunk88,[],{},,,False
1786338875000,1786338880000,OPCUA_WRITE_DENIED,OPCUA_WRITE_DENIED#c96,"[""OPCUA_WRITE_DENIED""]","{""OPCUA_WRITE_DENIED#c96"": [672220, 672222, 672224, 672227, 672229, 672243, 672257, 672261]}",,OPCUA_WRITE_DENIED,True
1786338880000,1786338885000,benign,benign#chunk88,[],{},,,False
1786338885000,1786338890000,benign,benign#chunk88,[],{},,,False
1786338890000,1786338895000,benign,benign#chunk89,[],{},,,False
1786338895000,1786338900000,benign,benign#chunk89,[],{},,,False
1786338900000,1786338905000,benign,benign#chunk89,[],{},,,False
1786338905000,1786338910000,benign,benign#chunk89,[],{},,,False
1786338910000,1786338915000,benign,benign#chunk89,[],{},,,False
1786338915000,1786338920000,benign,benign#chunk89,[],{},,,False
1786338920000,1786338925000,benign,benign#chunk89,[],{},,,False
1786338925000,1786338930000,benign,benign#chunk89,[],{},,,False
1786338930000,1786338935000,benign,benign#chunk89,[],{},,,False
1786338935000,1786338940000,OPCUA_SESSION_BURST,OPCUA_SESSION_BURST#c97,"[""OPCUA_SESSION_BURST""]","{""OPCUA_SESSION_BURST#c97"": [677204, 677212, 677214, 677216, 677219, 677221, 677235, 677245]}",,OPCUA_SESSION_BURST,True
1786338940000,1786338945000,OPCUA_SESSION_BURST,OPCUA_SESSION_BURST#c97,"[""OPCUA_SESSION_BURST""]","{""OPCUA_SESSION_BURST#c97"": [677289, 677292, 677294, 677296, 677299, 677305, 677319, 677333, 677424, 677429, 677435, 677443, 677446, 677450, 677466, 677480, 677525, 677528, 677530, 677532, 677535, 677537, 677555, 677565, 677672, 677675, 677677, 677679, 677684, 677686, 677700, 677716]}",,OPCUA_SESSION_BURST,True
1786338945000,1786338950000,benign,benign#chunk89,[],{},,OPCUA_SESSION_BURST,False
1786338950000,1786338955000,benign,benign#chunk89,[],{},,,False
1786338955000,1786338960000,benign,benign#chunk89,[],{},,,False
1786338960000,1786338965000,benign,benign#chunk90,[],{},,,False
1786338965000,1786338970000,benign,benign#chunk90,[],{},,,False
1786338970000,1786338975000,benign,benign#chunk90,[],{},,,False
1786338975000,1786338980000,benign,benign#chunk90,[],{},,,False
1786338980000,1786338985000,benign,benign#chunk90,[],{},,,False
1786338985000,1786338990000,benign,benign#chunk90,[],{},,,False
1786338990000,1786338995000,benign,benign#chunk90,[],{},,,False
1786338995000,1786339000000,benign,benign#chunk90,[],{},,,False
1786339000000,1786339005000,benign,benign#chunk90,[],{},,,False
1786339005000,1786339010000,OPCUA_SUBSCRIPTION_FLOOD,OPCUA_SUBSCRIPTION_FLOOD#c98,"[""OPCUA_SUBSCRIPTION_FLOOD""]","{""OPCUA_SUBSCRIPTION_FLOOD#c98"": [683420, 683422, 683424, 683427, 683433, 683449, 683450, 683453]}",,OPCUA_SUBSCRIPTION_FLOOD,True
1786339010000,1786339015000,OPCUA_SUBSCRIPTION_FLOOD,OPCUA_SUBSCRIPTION_FLOOD#c98,"[""OPCUA_SUBSCRIPTION_FLOOD""]","{""OPCUA_SUBSCRIPTION_FLOOD#c98"": [683545, 683554, 683659, 683780, 683873, 683874, 683954]}",,OPCUA_SUBSCRIPTION_FLOOD,True
1786339015000,1786339020000,OPCUA_SUBSCRIPTION_FLOOD,OPCUA_SUBSCRIPTION_FLOOD#c98,"[""OPCUA_SUBSCRIPTION_FLOOD""]","{""OPCUA_SUBSCRIPTION_FLOOD#c98"": [684036, 684116, 684197, 684268, 684359, 684360, 684365, 684367]}",,OPCUA_SUBSCRIPTION_FLOOD,True
1786339020000,1786339025000,OPCUA_SUBSCRIPTION_FLOOD,OPCUA_SUBSCRIPTION_FLOOD#c98,[],{},attack_without_in_interval_event_evidence,OPCUA_SUBSCRIPTION_FLOOD,True
1786339025000,1786339030000,benign,benign#chunk90,[],{},,,False
1786339030000,1786339035000,benign,benign#chunk90,[],{},,,False
1786339035000,1786339040000,benign,benign#chunk90,[],{},,,False
1786339040000,1786339045000,benign,benign#chunk91,[],{},,,False
1786339045000,1786339050000,benign,benign#chunk91,[],{},,,False
1786339050000,1786339055000,benign,benign#chunk91,[],{},,,False
1786339055000,1786339060000,benign,benign#chunk91,[],{},,,False
1786339060000,1786339065000,benign,benign#chunk91,[],{},,,False
1786339065000,1786339070000,benign,benign#chunk91,[],{},,,False
1786339070000,1786339075000,benign,benign#chunk91,[],{},,,False
1786339075000,1786339080000,benign,benign#chunk91,[],{},,,False
1786339080000,1786339085000,OPCUA_WRITE_DENIED,OPCUA_WRITE_DENIED#c99,"[""OPCUA_WRITE_DENIED""]","{""OPCUA_WRITE_DENIED#c99"": [689526, 689528, 689531, 689533, 689547, 689561]}",,OPCUA_WRITE_DENIED,True
1786339085000,1786339090000,benign,benign#chunk91,[],{},,,False
1786339090000,1786339095000,benign,benign#chunk91,[],{},,,False
1786339095000,1786339100000,benign,benign#chunk91,[],{},,,False
1786339100000,1786339105000,benign,benign#chunk91,[],{},,,False
1786339105000,1786339110000,benign,benign#chunk92,[],{},,,False
1786339110000,1786339115000,benign,benign#chunk92,[],{},,,False
1786339115000,1786339120000,benign,benign#chunk92,[],{},,,False
1786339120000,1786339125000,benign,benign#chunk92,[],{},,,False
1786339125000,1786339130000,benign,benign#chunk92,[],{},,,False
1786339130000,1786339135000,benign,benign#chunk92,[],{},,,False
1786339135000,1786339140000,benign,benign#chunk92,[],{},,,False
1786339140000,1786339145000,OPCUA_WRITE_DENIED,OPCUA_WRITE_DENIED#c100,"[""OPCUA_WRITE_DENIED""]","{""OPCUA_WRITE_DENIED#c100"": [694371, 694373, 694376, 694378, 694392, 694406, 694408]}",,OPCUA_WRITE_DENIED,True
1786339145000,1786339150000,benign,benign#chunk92,[],{},,,False
1786339150000,1786339155000,benign,benign#chunk92,[],{},,,False
1786339155000,1786339160000,benign,benign#chunk92,[],{},,,False
1786339160000,1786339165000,benign,benign#chunk92,[],{},,,False
1786339165000,1786339170000,benign,benign#chunk92,[],{},,,False
1786339170000,1786339175000,benign,benign#chunk93,[],{},,,False
1786339175000,1786339180000,benign,benign#chunk93,[],{},,,False
1786339180000,1786339185000,benign,benign#chunk93,[],{},,,False
1786339185000,1786339190000,benign,benign#chunk93,[],{},,,False
1786339190000,1786339195000,benign,benign#chunk93,[],{},,,False
1786339195000,1786339200000,benign,benign#chunk93,[],{},,,False
1786339200000,1786339205000,OPCUA_NODE_BROWSE,OPCUA_NODE_BROWSE#c101,"[""OPCUA_NODE_BROWSE""]","{""OPCUA_NODE_BROWSE#c101"": [699412, 699414, 699417, 699419, 699435, 699453, 699455, 699457, 699459, 699461, 699463, 699465, 699467, 699469, 699471, 699473, 699475, 699477, 699479, 699481, 699483]}",,OPCUA_NODE_BROWSE,True
1786339205000,1786339210000,benign,benign#chunk93,[],{},,,False
1786339210000,1786339215000,benign,benign#chunk93,[],{},,,False
1786339215000,1786339220000,benign,benign#chunk93,[],{},,,False
1786339220000,1786339225000,benign,benign#chunk93,[],{},,,False
1786339225000,1786339230000,benign,benign#chunk93,[],{},,,False
1786339230000,1786339235000,benign,benign#chunk93,[],{},,,False
1786339235000,1786339240000,benign,benign#chunk94,[],{},,,False
1786339240000,1786339245000,benign,benign#chunk94,[],{},,,False
1786339245000,1786339250000,benign,benign#chunk94,[],{},,,False
1786339250000,1786339255000,benign,benign#chunk94,[],{},,,False
1786339255000,1786339260000,benign,benign#chunk94,[],{},,,False
1786339260000,1786339265000,OPCUA_INVALID_WRITE,OPCUA_INVALID_WRITE#c102,"[""OPCUA_INVALID_WRITE""]","{""OPCUA_INVALID_WRITE#c102"": [704459, 704461, 704463, 704466, 704468, 704482, 704496, 704498]}",,OPCUA_INVALID_WRITE,True
1786339265000,1786339270000,benign,benign#chunk94,[],{},,,False
1786339270000,1786339275000,benign,benign#chunk94,[],{},,,False
1786339275000,1786339280000,benign,benign#chunk94,[],{},,,False
1786339280000,1786339285000,benign,benign#chunk94,[],{},,,False
1786339285000,1786339290000,benign,benign#chunk94,[],{},,,False
1786339290000,1786339295000,benign,benign#chunk94,[],{},,,False
1786339295000,1786339300000,benign,benign#chunk94,[],{},,,False
1786339300000,1786339305000,benign,benign#chunk95,[],{},,,False
1786339305000,1786339310000,benign,benign#chunk95,[],{},,,False
1786339310000,1786339315000,benign,benign#chunk95,[],{},,,False
1786339315000,1786339320000,benign,benign#chunk95,[],{},,,False
1786339320000,1786339325000,OPCUA_SUBSCRIPTION_FLOOD,OPCUA_SUBSCRIPTION_FLOOD#c103,"[""OPCUA_SUBSCRIPTION_FLOOD""]","{""OPCUA_SUBSCRIPTION_FLOOD#c103"": [709484, 709486, 709488, 709491, 709505, 709519, 709520, 709523]}",,OPCUA_SUBSCRIPTION_FLOOD,True
1786339325000,1786339330000,OPCUA_SUBSCRIPTION_FLOOD,OPCUA_SUBSCRIPTION_FLOOD#c103,"[""OPCUA_SUBSCRIPTION_FLOOD""]","{""OPCUA_SUBSCRIPTION_FLOOD#c103"": [709619, 709624, 709913, 710025, 710103, 710332]}",,OPCUA_SUBSCRIPTION_FLOOD,True
1786339330000,1786339335000,OPCUA_SUBSCRIPTION_FLOOD,OPCUA_SUBSCRIPTION_FLOOD#c103,"[""OPCUA_SUBSCRIPTION_FLOOD""]","{""OPCUA_SUBSCRIPTION_FLOOD#c103"": [710445, 710495, 710588, 710658, 710741, 710747, 710755, 710757]}",,OPCUA_SUBSCRIPTION_FLOOD,True
1786339335000,1786339340000,OPCUA_SUBSCRIPTION_FLOOD,OPCUA_SUBSCRIPTION_FLOOD#c103,[],{},attack_without_in_interval_event_evidence,OPCUA_SUBSCRIPTION_FLOOD,True
1786339340000,1786339345000,benign,benign#chunk95,[],{},,,False
1786339345000,1786339350000,benign,benign#chunk95,[],{},,,False
1786339350000,1786339355000,benign,benign#chunk95,[],{},,,False
1786339355000,1786339360000,benign,benign#chunk95,[],{},,,False
1786339360000,1786339365000,benign,benign#chunk95,[],{},,,False
1786339365000,1786339370000,benign,benign#chunk95,[],{},,,False
1786339370000,1786339375000,benign,benign#chunk95,[],{},,,False
1786339375000,1786339380000,benign,benign#chunk95,[],{},,,False
1786339380000,1786339385000,benign,benign#chunk96,[],{},,,False
1786339385000,1786339390000,benign,benign#chunk96,[],{},,,False
1786339390000,1786339395000,benign,benign#chunk96,[],{},,,False
1786339395000,1786339400000,OPCUA_SESSION_BURST,OPCUA_SESSION_BURST#c104,"[""OPCUA_SESSION_BURST""]","{""OPCUA_SESSION_BURST#c104"": [715889, 715897, 715901, 715903, 715906, 715908, 715922, 715934, 715984, 715987, 715989, 715991, 715994, 715998, 716018, 716032, 716097, 716100, 716102, 716104, 716107, 716109, 716123, 716137]}",,OPCUA_SESSION_BURST,True
1786339400000,1786339405000,OPCUA_SESSION_BURST,OPCUA_SESSION_BURST#c104,"[""OPCUA_SESSION_BURST""]","{""OPCUA_SESSION_BURST#c104"": [716261, 716264, 716266, 716268, 716271, 716273, 716287, 716301, 716496, 716499, 716501, 716503, 716506, 716508, 716522, 716532]}",,OPCUA_SESSION_BURST,True
1786339405000,1786339410000,benign,benign#chunk96,[],{},,OPCUA_SESSION_BURST,False
1786339410000,1786339415000,benign,benign#chunk96,[],{},,,False
1786339415000,1786339420000,benign,benign#chunk96,[],{},,,False
1786339420000,1786339425000,benign,benign#chunk96,[],{},,,False
1786339425000,1786339430000,benign,benign#chunk96,[],{},,,False
1786339430000,1786339435000,benign,benign#chunk96,[],{},,,False
1786339435000,1786339440000,benign,benign#chunk96,[],{},,,False
1786339440000,1786339445000,benign,benign#chunk96,[],{},,,False
1786339445000,1786339450000,benign,benign#chunk96,[],{},,,False
1786339450000,1786339455000,benign,benign#chunk97,[],{},,,False
1786339455000,1786339460000,benign,benign#chunk97,[],{},,,False
1786339460000,1786339465000,benign,benign#chunk97,[],{},,,False
1786339465000,1786339470000,OPCUA_INVALID_WRITE,OPCUA_INVALID_WRITE#c105,"[""OPCUA_INVALID_WRITE""]","{""OPCUA_INVALID_WRITE#c105"": [721850, 721852, 721854, 721857, 721859, 721875, 721895, 721897]}",,OPCUA_INVALID_WRITE,True
1786339470000,1786339475000,benign,benign#chunk97,[],{},,,False
1786339475000,1786339480000,benign,benign#chunk97,[],{},,,False
1786339480000,1786339485000,benign,benign#chunk97,[],{},,,False
1786339485000,1786339490000,benign,benign#chunk97,[],{},,,False
1786339490000,1786339495000,benign,benign#chunk97,[],{},,,False
1786339495000,1786339500000,benign,benign#chunk97,[],{},,,False
1786339500000,1786339505000,benign,benign#chunk97,[],{},,,False
1786339505000,1786339510000,benign,benign#chunk97,[],{},,,False
1786339510000,1786339515000,benign,benign#chunk97,[],{},,,False
1786339515000,1786339520000,benign,benign#chunk98,[],{},,,False
1786339520000,1786339525000,benign,benign#chunk98,[],{},,,False
1786339525000,1786339530000,OPCUA_PROTOCOL_FUZZ,OPCUA_PROTOCOL_FUZZ#c106,"[""OPCUA_PROTOCOL_FUZZ""]","{""OPCUA_PROTOCOL_FUZZ#c106"": [726894, 727086, 727119]}",,OPCUA_PROTOCOL_FUZZ,True
1786339530000,1786339535000,OPCUA_PROTOCOL_FUZZ,OPCUA_PROTOCOL_FUZZ#c106,"[""OPCUA_PROTOCOL_FUZZ""]","{""OPCUA_PROTOCOL_FUZZ#c106"": [727223]}",,OPCUA_PROTOCOL_FUZZ,True
1786339535000,1786339540000,benign,benign#chunk98,[],{},,,False
1786339540000,1786339545000,benign,benign#chunk98,[],{},,,False
1786339545000,1786339550000,benign,benign#chunk98,[],{},,,False
1786339550000,1786339555000,benign,benign#chunk98,[],{},,,False
1786339555000,1786339560000,benign,benign#chunk98,[],{},,,False
1786339560000,1786339565000,benign,benign#chunk98,[],{},,,False
1786339565000,1786339570000,benign,benign#chunk98,[],{},,,False
1786339570000,1786339575000,benign,benign#chunk98,[],{},,,False
1786339575000,1786339580000,benign,benign#chunk98,[],{},,,False
1786339580000,1786339585000,benign,benign#chunk98,[],{},,,False
1786339585000,1786339590000,benign,benign#chunk99,[],{},,,False
1786339590000,1786339595000,OPCUA_SUBSCRIPTION_FLOOD,OPCUA_SUBSCRIPTION_FLOOD#c107,"[""OPCUA_SUBSCRIPTION_FLOOD""]","{""OPCUA_SUBSCRIPTION_FLOOD#c107"": [732396, 732398, 732400, 732403, 732405, 732419, 732420, 732423, 732514, 732522]}",,OPCUA_SUBSCRIPTION_FLOOD,True
1786339595000,1786339600000,OPCUA_SUBSCRIPTION_FLOOD,OPCUA_SUBSCRIPTION_FLOOD#c107,"[""OPCUA_SUBSCRIPTION_FLOOD""]","{""OPCUA_SUBSCRIPTION_FLOOD#c107"": [732590, 732693, 732812, 732820, 732918, 732994]}",,OPCUA_SUBSCRIPTION_FLOOD,True
1786339600000,1786339605000,OPCUA_SUBSCRIPTION_FLOOD,OPCUA_SUBSCRIPTION_FLOOD#c107,"[""OPCUA_SUBSCRIPTION_FLOOD""]","{""OPCUA_SUBSCRIPTION_FLOOD#c107"": [733090, 733181, 733238, 733301, 733302, 733307, 733310]}",,OPCUA_SUBSCRIPTION_FLOOD,True
1786339605000,1786339610000,OPCUA_SUBSCRIPTION_FLOOD,OPCUA_SUBSCRIPTION_FLOOD#c107,[],{},attack_without_in_interval_event_evidence,OPCUA_SUBSCRIPTION_FLOOD,True
1786339610000,1786339615000,benign,benign#chunk99,[],{},,,False
1786339615000,1786339620000,benign,benign#chunk99,[],{},,,False
1786339620000,1786339625000,benign,benign#chunk99,[],{},,,False
1786339625000,1786339630000,benign,benign#chunk99,[],{},,,False
1786339630000,1786339635000,benign,benign#chunk99,[],{},,,False
1786339635000,1786339640000,benign,benign#chunk99,[],{},,,False
1786339640000,1786339645000,benign,benign#chunk99,[],{},,,False
1786339645000,1786339650000,benign,benign#chunk99,[],{},,,False
1786339650000,1786339655000,benign,benign#chunk99,[],{},,,False
1786339655000,1786339660000,benign,benign#chunk99,[],{},,,False
1786339660000,1786339665000,benign,benign#chunk99,[],{},,,False
1786339665000,1786339670000,OPCUA_INVALID_WRITE,OPCUA_INVALID_WRITE#c108,"[""OPCUA_INVALID_WRITE""]","{""OPCUA_INVALID_WRITE#c108"": [738491, 738493, 738495, 738498, 738500, 738514, 738528, 738530]}",,OPCUA_INVALID_WRITE,True
1786339670000,1786339675000,benign,benign#chunk100,[],{},,,False
1786339675000,1786339680000,benign,benign#chunk100,[],{},,,False
1786339680000,1786339685000,benign,benign#chunk100,[],{},,,False
1786339685000,1786339690000,benign,benign#chunk100,[],{},,,False
1786339690000,1786339695000,benign,benign#chunk100,[],{},,,False
1786339695000,1786339700000,benign,benign#chunk100,[],{},,,False
1786339700000,1786339705000,benign,benign#chunk100,[],{},,,False
1786339705000,1786339710000,benign,benign#chunk100,[],{},,,False
1786339710000,1786339715000,benign,benign#chunk100,[],{},,,False
1786339715000,1786339720000,benign,benign#chunk100,[],{},,,False
1786339720000,1786339725000,benign,benign#chunk100,[],{},,,False
1786339725000,1786339730000,OPCUA_RECURSIVE_BROWSE,OPCUA_RECURSIVE_BROWSE#c109,"[""OPCUA_RECURSIVE_BROWSE""]","{""OPCUA_RECURSIVE_BROWSE#c109"": [743485, 743487, 743495, 743497, 743521, 743540, 743546, 743555, 743562, 743572, 743578, 743580, 743584, 743588, 743592, 743594, 743596, 743598, 743600, 743602, 743604, 743609, 743611, 743613, 743617, 743623, 743625, 743627, 743629, 743631, 743633, 743635, 743637, 743639, 743641, 743651, 743653, 743655, 743657, 743659, 743661, 743663, 743665, 743667, 743669, 743671, 743673, 743675, 743677, 743679, 743681, 743683, 743685, 743687, 743689, 743691, 743694, 743696, 743698, 743700, 743702, 743722, 743724, 743726, 743728, 743730, 743732, 743734, 743736, 743738, 743740, 743742, 743744, 743748, 743750, 743752, 743754, 743756, 743762, 743766, 743768, 743770, 743772, 743773, 743779, 743781, 743783, 743785, 743787, 743789, 743791, 743793, 743795, 743797, 743799, 743801, 743803, 743805, 743807, 743809, 743813, 743815, 743817, 743819, 743821, 743823, 743825, 743827, 743829, 743831, 743835, 743841, 743843, 743845, 743847, 743850, 743852, 743854, 743856, 743860, 743921, 743923, 743925, 743927, 743929, 743931, 743933, 743935, 743937, 743939, 743941, 743943, 743945, 743947, 743949, 743951, 743953, 743955, 743957, 743959, 743961, 743963, 743965, 743967, 743969, 743971, 743973, 743975, 743977, 743979, 743985, 743987, 743989, 743991, 743993, 743995, 743997, 743999, 744005, 744007, 744009, 744011, 744013, 744015, 744017, 744019, 744021, 744023, 744025, 744027, 744029, 744031, 744033, 744036, 744038, 744040, 744042, 744044, 744046, 744151, 744153, 744155, 744157, 744159, 744161, 744167, 744171, 744173, 744175, 744177, 744179, 744181, 744183, 744185, 744187, 744189, 744191, 744193, 744195, 744197, 744199, 744201, 744203, 744205, 744207, 744211, 744213, 744215, 744217, 744219, 744221, 744224, 744226, 744228, 744230, 744232, 744234, 744236, 744238, 744240, 744243, 744245, 744247, 744249, 744251, 744253, 744255, 744257, 744259, 744261, 744263, 744265, 744272, 744274, 744276, 744278, 744280, 744298, 744317, 744319, 744321, 744323, 744325, 744327, 744329, 744331, 744333, 744335, 744337, 744339, 744341, 744345, 744351, 744357, 744363, 744369, 744375, 744381, 744389, 744391, 744395, 744405, 744411, 744413, 744415, 744419, 744423, 744425, 744427, 744429, 744431, 744433, 744435, 744441, 744450, 744452, 744456, 744460, 744462, 744464, 744466, 744468, 744470, 744472, 744474, 744476, 744478, 744480, 744482, 744484, 744486, 744489, 744491, 744493, 744495, 744497, 744519, 744522, 744524, 744526, 744528, 744530, 744532, 744534, 744536, 744538, 744542, 744546, 744548, 744550, 744552, 744554, 744556, 744558, 744560, 744564, 744566, 744568, 744570, 744572, 744574, 744576, 744578, 744580, 744582, 744584, 744588, 744590, 744592, 744594, 744596, 744598, 744600, 744602, 744604, 744606, 744608, 744610, 744612, 744614, 744616, 744618, 744620, 744622, 744624, 744626, 744628, 744630, 744632, 744634, 744637, 744639, 744641, 744643, 744645]}",,OPCUA_RECURSIVE_BROWSE,True
1786339730000,1786339735000,OPCUA_RECURSIVE_BROWSE,OPCUA_RECURSIVE_BROWSE#c109,"[""OPCUA_RECURSIVE_BROWSE""]","{""OPCUA_RECURSIVE_BROWSE#c109"": [744706, 744708, 744710, 744714, 744716, 744718, 744720, 744722, 744724, 744726, 744728, 744730, 744732, 744734, 744736, 744738, 744740, 744742, 744743, 744748, 744752, 744756, 744758, 744760, 744762, 744764, 744766, 744768, 744770, 744772, 744774, 744776, 744778, 744780, 744782, 744784, 744786, 744788, 744790, 744792, 744794, 744796, 744798, 744800, 744802, 744804, 744806, 744808, 744814, 744816, 744818, 744820, 744822, 744824, 744827, 744829, 744833, 744837, 744839, 744904, 744906, 744908, 744910, 744912, 744914, 744916, 744918, 744920, 744922, 744924, 744926, 744928, 744930, 744932, 744934, 744936, 744938, 744940, 744942, 744944, 744946, 744948, 744950, 744952, 744954, 744956, 744958, 744960, 744962, 744964, 744966, 744968, 744970, 744972, 744974, 744976, 744978, 744980, 744982, 744984, 744986, 744988, 744990, 744992, 744994, 744996, 744998, 745000, 745002, 745004, 745006, 745008, 745011, 745013, 745015, 745017, 745019, 745020, 745043, 745051, 745053, 745055, 745057, 745059, 745061, 745063, 745065, 745067, 745069, 745071, 745073, 745075, 745077, 745079, 745081, 745083, 745085, 745087, 745089, 745091, 745093, 745099, 745105, 745111, 745117, 745123, 745129, 745135, 745141, 745145, 745147, 745149, 745151, 745153, 745157, 745164, 745172, 745174, 745176, 745178, 745180, 745182, 745184, 745188, 745190, 745192, 745194, 745196, 745198, 745200, 745202, 745209, 745211, 745213, 745215, 745217, 745224, 745237, 745239, 745241, 745243, 745245, 745247, 745249, 745251, 745253, 745255, 745259, 745265, 745267, 745269, 745271, 745273, 745275, 745277, 745281, 745283, 745285, 745287, 745289, 745291, 745293, 745295, 745297, 745299, 745301, 745303, 745311, 745313, 745315, 745317, 745319, 745321, 745323, 745325, 745327, 745329, 745331, 745333, 745335, 745337, 745339, 745341, 745343, 745345, 745347, 745349, 745351, 745353, 745355, 745358, 745362, 745371, 745374, 745378, 745424, 745431, 745433, 745435, 745437, 745439, 745441, 745443, 745445, 745447, 745449, 745453, 745457, 745459, 745461, 745463, 745465, 745467, 745469, 745471, 745475, 745477, 745479, 745481, 745483, 745485, 745487, 745489, 745491, 745493, 745495, 745499, 745501, 745503, 745505, 745507, 745509, 745511, 745513, 745515, 745517, 745519, 745521, 745523, 745525, 745527, 745529, 745531, 745533, 745537, 745545, 745547, 745549, 745551, 745554, 745556, 745558, 745560, 745562, 745613, 745615, 745617, 745619, 745621, 745625, 745627, 745629, 745630, 745636, 745638, 745640, 745642, 745644, 745646, 745648, 745650, 745652, 745658, 745660, 745662, 745664, 745666, 745668, 745670, 745672, 745674, 745676, 745678, 745680, 745682, 745684, 745686, 745688, 745690, 745692, 745694, 745696, 745698, 745700, 745702, 745704, 745706, 745708, 745710, 745720, 745722, 745724, 745728, 745732, 745736, 745738, 745740, 745742, 745745, 745747, 745749, 745751, 745753]}",,OPCUA_RECURSIVE_BROWSE,True
1786339735000,1786339740000,OPCUA_RECURSIVE_BROWSE,OPCUA_RECURSIVE_BROWSE#c109,"[""OPCUA_RECURSIVE_BROWSE""]","{""OPCUA_RECURSIVE_BROWSE#c109"": [745787, 745789, 745791, 745793, 745795, 745797, 745799, 745801, 745803, 745805, 745807, 745809, 745811, 745813, 745815, 745817, 745819, 745821, 745823, 745825, 745827, 745829, 745831, 745833, 745835, 745837, 745839, 745841, 745843, 745845, 745847, 745849, 745851, 745853, 745855, 745857, 745859, 745863, 745873, 745879, 745885, 745891, 745897, 745903, 745904, 745917, 745921, 745923, 745925, 745927, 745929, 745933, 745937, 745939, 745942, 745944, 745946, 745948, 745950, 745976, 745978, 745980, 745982, 745984, 745986, 745988, 745990, 745994, 745996, 745998, 746000, 746002, 746004, 746006, 746008, 746010, 746013, 746015, 746018, 746021, 746023, 746025, 746027, 746029, 746031, 746033, 746035, 746037, 746039, 746041, 746043, 746045, 746047, 746049, 746051, 746053, 746055, 746057, 746059, 746062, 746064, 746066, 746068, 746070, 746072, 746074, 746076, 746078, 746080, 746086, 746088, 746090, 746093, 746095, 746097, 746099, 746101, 746106, 746153, 746161, 746165, 746167, 746169, 746171, 746173, 746175, 746177, 746179, 746181, 746183, 746185, 746187, 746189, 746191, 746193, 746195, 746197, 746199, 746201, 746207, 746209, 746211, 746213, 746215, 746217, 746219, 746221, 746223, 746225, 746227, 746229, 746231, 746233, 746235, 746237, 746239, 746241, 746243, 746245, 746247, 746249, 746251, 746253, 746255, 746257, 746259, 746261, 746263, 746265, 746267, 746269, 746274, 746276, 746278, 746280, 746282, 746301, 746304, 746306, 746308, 746310, 746312, 746314, 746316, 746318, 746320, 746322, 746324, 746326, 746328, 746330, 746338, 746349, 746356, 746363, 746370, 746376, 746382, 746388, 746392, 746394, 746396, 746398, 746400, 746402, 746404, 746406, 746408, 746412, 746414, 746416, 746418, 746420, 746424, 746428, 746430, 746432, 746434, 746436, 746438, 746440, 746442, 746444, 746446, 746448, 746450, 746452, 746454, 746456, 746458, 746461, 746463, 746465, 746469, 746471, 746498, 746499, 746504, 746506, 746508, 746510, 746512, 746514, 746516, 746518, 746520, 746522, 746524, 746526, 746528, 746530, 746532, 746534, 746536, 746538, 746540, 746542, 746544, 746546, 746548, 746550, 746552, 746554, 746556, 746558, 746560, 746562, 746564, 746566, 746568, 746570, 746572, 746574, 746576, 746578, 746580, 746582, 746584, 746586, 746588, 746590, 746592, 746596, 746600, 746602, 746604, 746606, 746608, 746610, 746613, 746617, 746619, 746621, 746623, 746696, 746698, 746700, 746702, 746704, 746706, 746708, 746710, 746712, 746714, 746716, 746718, 746720, 746722, 746724, 746726, 746728, 746730, 746732, 746734, 746736, 746738, 746740, 746742, 746744, 746746, 746748, 746750, 746752, 746754, 746756, 746758, 746760, 746762, 746764, 746766, 746768, 746770, 746771, 746776, 746778, 746780, 746782, 746784, 746786, 746788, 746790, 746792, 746794, 746796, 746798, 746800, 746802, 746804, 746807, 746809, 746811, 746813, 746815, 746897, 746899, 746901, 746903, 746905]}",,OPCUA_RECURSIVE_BROWSE,True
1786339740000,1786339745000,OPCUA_RECURSIVE_BROWSE,OPCUA_RECURSIVE_BROWSE#c109,"[""OPCUA_RECURSIVE_BROWSE""]","{""OPCUA_RECURSIVE_BROWSE#c109"": [746907, 746909, 746911, 746913, 746915, 746917, 746919, 746921, 746923, 746925, 746927, 746929, 746931, 746933, 746935, 746937, 746939, 746941, 746943, 746945, 746947, 746949, 746951, 746953, 746955, 746957, 746959, 746961, 746963, 746965, 746967, 746969, 746971, 746973, 746975, 746977, 746979, 746981, 746983, 746985, 746987, 746989, 746993, 746995, 746997, 746999, 747001, 747003, 747006, 747008, 747010, 747012, 747016, 747023, 747054, 747056, 747058, 747060, 747062, 747064, 747066, 747068, 747070, 747074, 747076, 747080, 747082, 747084, 747086, 747088, 747090, 747092, 747094, 747102, 747104, 747108, 747112, 747114, 747116, 747118, 747120, 747122, 747124, 747126, 747128, 747130, 747132, 747134, 747136, 747138, 747140, 747142, 747146, 747148, 747150, 747152, 747154, 747156, 747162, 747168, 747174, 747180, 747186, 747192, 747200, 747202, 747204, 747207, 747209, 747213, 747219, 747223, 747230, 747233, 747235]}",,OPCUA_RECURSIVE_BROWSE,True
1786339745000,1786339750000,benign,benign#chunk100,[],{},,,False
1786339750000,1786339755000,benign,benign#chunk101,[],{},,,False
1786339755000,1786339760000,benign,benign#chunk101,[],{},,,False
1786339760000,1786339765000,benign,benign#chunk101,[],{},,,False
1786339765000,1786339770000,benign,benign#chunk101,[],{},,,False
1786339770000,1786339775000,benign,benign#chunk101,[],{},,,False
1786339775000,1786339780000,benign,benign#chunk101,[],{},,,False
1786339780000,1786339785000,benign,benign#chunk101,[],{},,,False
1786339785000,1786339790000,benign,benign#chunk101,[],{},,,False
1786339790000,1786339795000,benign,benign#chunk101,[],{},,,False
1786339795000,1786339800000,benign,benign#chunk101,[],{},,,False
1786339800000,1786339805000,OPCUA_WRITE_DENIED,OPCUA_WRITE_DENIED#c110,"[""OPCUA_WRITE_DENIED""]","{""OPCUA_WRITE_DENIED#c110"": [752256, 752258, 752260, 752263, 752265, 752279, 752299, 752301]}",,OPCUA_WRITE_DENIED,True
1786339805000,1786339810000,benign,benign#chunk101,[],{},,,False
1786339810000,1786339815000,benign,benign#chunk101,[],{},,,False
1786339815000,1786339820000,benign,benign#chunk102,[],{},,,False
1786339820000,1786339825000,benign,benign#chunk102,[],{},,,False
1786339825000,1786339830000,benign,benign#chunk102,[],{},,,False
1786339830000,1786339835000,benign,benign#chunk102,[],{},,,False
1786339835000,1786339840000,benign,benign#chunk102,[],{},,,False
1786339840000,1786339845000,benign,benign#chunk102,[],{},,,False
1786339845000,1786339850000,benign,benign#chunk102,[],{},,,False
1786339850000,1786339855000,benign,benign#chunk102,[],{},,,False
1786339855000,1786339860000,benign,benign#chunk102,[],{},,,False
1786339860000,1786339865000,OPCUA_WRITE_DENIED,OPCUA_WRITE_DENIED#c111,"[""OPCUA_WRITE_DENIED""]","{""OPCUA_WRITE_DENIED#c111"": [757184, 757186, 757189, 757197, 757217, 757231, 757233]}",,OPCUA_WRITE_DENIED,True
1786339865000,1786339870000,benign,benign#chunk102,[],{},,,False
1786339870000,1786339875000,benign,benign#chunk102,[],{},,,False
1786339875000,1786339880000,benign,benign#chunk102,[],{},,,False
1786339880000,1786339885000,benign,benign#chunk103,[],{},,,False
1786339885000,1786339890000,benign,benign#chunk103,[],{},,,False
1786339890000,1786339895000,benign,benign#chunk103,[],{},,,False
1786339895000,1786339900000,benign,benign#chunk103,[],{},,,False
1786339900000,1786339905000,benign,benign#chunk103,[],{},,,False
1786339905000,1786339910000,benign,benign#chunk103,[],{},,,False
1786339910000,1786339915000,benign,benign#chunk103,[],{},,,False
1786339915000,1786339920000,benign,benign#chunk103,[],{},,,False
1786339920000,1786339925000,OPCUA_BEHAVIORAL_PROFILING,OPCUA_BEHAVIORAL_PROFILING#c112,"[""OPCUA_BEHAVIORAL_PROFILING""]","{""OPCUA_BEHAVIORAL_PROFILING#c112"": [762651, 762653, 762656, 762658, 762670, 762671, 762678, 762698, 762704, 762706, 762708, 762710, 762823, 762835, 762895, 762995, 762999]}",,OPCUA_BEHAVIORAL_PROFILING,True
1786339925000,1786339930000,OPCUA_BEHAVIORAL_PROFILING,OPCUA_BEHAVIORAL_PROFILING#c112,"[""OPCUA_BEHAVIORAL_PROFILING""]","{""OPCUA_BEHAVIORAL_PROFILING#c112"": [763083, 763146, 763198, 763201, 763307, 763476]}",,OPCUA_BEHAVIORAL_PROFILING,True
1786339930000,1786339935000,OPCUA_BEHAVIORAL_PROFILING,OPCUA_BEHAVIORAL_PROFILING#c112,"[""OPCUA_BEHAVIORAL_PROFILING""]","{""OPCUA_BEHAVIORAL_PROFILING#c112"": [763571, 763572, 763654, 763735, 763821, 763822, 763908]}",,OPCUA_BEHAVIORAL_PROFILING,True
1786339935000,1786339940000,OPCUA_BEHAVIORAL_PROFILING,OPCUA_BEHAVIORAL_PROFILING#c112,"[""OPCUA_BEHAVIORAL_PROFILING""]","{""OPCUA_BEHAVIORAL_PROFILING#c112"": [763995, 764032, 764123, 764202, 764279]}",,OPCUA_BEHAVIORAL_PROFILING,True
1786339940000,1786339945000,OPCUA_BEHAVIORAL_PROFILING,OPCUA_BEHAVIORAL_PROFILING#c112,"[""OPCUA_BEHAVIORAL_PROFILING""]","{""OPCUA_BEHAVIORAL_PROFILING#c112"": [764454, 764525, 764530, 764617, 764707, 764788, 764795]}",,OPCUA_BEHAVIORAL_PROFILING,True
1786339945000,1786339950000,OPCUA_BEHAVIORAL_PROFILING,OPCUA_BEHAVIORAL_PROFILING#c112,"[""OPCUA_BEHAVIORAL_PROFILING""]","{""OPCUA_BEHAVIORAL_PROFILING#c112"": [764879, 764975, 765020, 765027, 765101, 765172]}",,OPCUA_BEHAVIORAL_PROFILING,True
1786339950000,1786339955000,OPCUA_BEHAVIORAL_PROFILING,OPCUA_BEHAVIORAL_PROFILING#c112,"[""OPCUA_BEHAVIORAL_PROFILING""]","{""OPCUA_BEHAVIORAL_PROFILING#c112"": [765251, 765260, 765339, 765432, 765497, 765570]}",,OPCUA_BEHAVIORAL_PROFILING,True
1786339955000,1786339960000,OPCUA_BEHAVIORAL_PROFILING,OPCUA_BEHAVIORAL_PROFILING#c112,"[""OPCUA_BEHAVIORAL_PROFILING""]","{""OPCUA_BEHAVIORAL_PROFILING#c112"": [765682, 765753, 765848, 765878, 765910, 765950, 765954, 765956]}",,OPCUA_BEHAVIORAL_PROFILING,True
1786339960000,1786339965000,benign,benign#chunk103,[],{},,,False
1786339965000,1786339970000,benign,benign#chunk103,[],{},,,False
1786339970000,1786339975000,benign,benign#chunk103,[],{},,,False
1786339975000,1786339980000,benign,benign#chunk103,[],{},,,False
1786339980000,1786339985000,benign,benign#chunk104,[],{},,,False
1786339985000,1786339990000,benign,benign#chunk104,[],{},,,False
1786339990000,1786339995000,benign,benign#chunk104,[],{},,,False
1786339995000,1786340000000,benign,benign#chunk104,[],{},,,False
1786340000000,1786340005000,benign,benign#chunk104,[],{},,,False
1786340005000,1786340010000,benign,benign#chunk104,[],{},,,False
1786340010000,1786340015000,benign,benign#chunk104,[],{},,,False
1786340015000,1786340020000,OPCUA_WRITE_DENIED,OPCUA_WRITE_DENIED#c113,"[""OPCUA_WRITE_DENIED""]","{""OPCUA_WRITE_DENIED#c113"": [770881, 770883, 770886, 770892, 770906, 770922, 770926]}",,OPCUA_WRITE_DENIED,True
1786340020000,1786340025000,benign,benign#chunk104,[],{},,,False
1786340025000,1786340030000,benign,benign#chunk104,[],{},,,False
1786340030000,1786340035000,benign,benign#chunk104,[],{},,,False
1786340035000,1786340040000,benign,benign#chunk104,[],{},,,False
1786340040000,1786340045000,benign,benign#chunk104,[],{},,,False
1786340045000,1786340050000,benign,benign#chunk105,[],{},,,False
1786340050000,1786340055000,benign,benign#chunk105,[],{},,,False
1786340055000,1786340060000,benign,benign#chunk105,[],{},,,False
1786340060000,1786340065000,benign,benign#chunk105,[],{},,,False
1786340065000,1786340070000,benign,benign#chunk105,[],{},,,False
1786340070000,1786340075000,benign,benign#chunk105,[],{},,,False
1786340075000,1786340080000,OPCUA_NODE_BROWSE,OPCUA_NODE_BROWSE#c114,"[""OPCUA_NODE_BROWSE""]","{""OPCUA_NODE_BROWSE#c114"": [776600, 776602, 776605, 776607, 776621, 776637, 776639, 776641, 776643, 776645, 776647, 776649, 776651, 776653, 776655, 776661, 776663, 776665, 776667, 776669, 776671, 776673, 776675]}",,OPCUA_NODE_BROWSE,True
1786340080000,1786340085000,OPCUA_NODE_BROWSE,OPCUA_NODE_BROWSE#c114,[],{},attack_without_in_interval_event_evidence,OPCUA_NODE_BROWSE,True
1786340085000,1786340090000,benign,benign#chunk105,[],{},,,False
1786340090000,1786340095000,benign,benign#chunk105,[],{},,,False
1786340095000,1786340100000,benign,benign#chunk105,[],{},,,False
1786340100000,1786340105000,benign,benign#chunk105,[],{},,,False
1786340105000,1786340110000,benign,benign#chunk105,[],{},,,False
1786340110000,1786340115000,benign,benign#chunk105,[],{},,,False
1786340115000,1786340120000,benign,benign#chunk106,[],{},,,False
1786340120000,1786340125000,benign,benign#chunk106,[],{},,,False
1786340125000,1786340130000,benign,benign#chunk106,[],{},,,False
1786340130000,1786340135000,benign,benign#chunk106,[],{},,,False
1786340135000,1786340140000,benign,benign#chunk106,[],{},,,False
1786340140000,1786340145000,OPCUA_SESSION_BURST,OPCUA_SESSION_BURST#c115,"[""OPCUA_SESSION_BURST""]","{""OPCUA_SESSION_BURST#c115"": [781836, 781842, 781844, 781846, 781849, 781851, 781869, 781879, 781926, 781929, 781931, 781935, 781938, 781940, 781954, 781970, 782063, 782066, 782068, 782070, 782073, 782075, 782091, 782103, 782160, 782164, 782166, 782168, 782173, 782175, 782189, 782203, 782303, 782306, 782308, 782310, 782313, 782315, 782329, 782339]}",,OPCUA_SESSION_BURST,True
1786340145000,1786340150000,benign,benign#chunk106,[],{},,OPCUA_SESSION_BURST,False
1786340150000,1786340155000,benign,benign#chunk106,[],{},,,False
1786340155000,1786340160000,benign,benign#chunk106,[],{},,,False
1786340160000,1786340165000,benign,benign#chunk106,[],{},,,False
1786340165000,1786340170000,benign,benign#chunk106,[],{},,,False
1786340170000,1786340175000,benign,benign#chunk106,[],{},,,False
1786340175000,1786340180000,benign,benign#chunk106,[],{},,,False
1786340180000,1786340185000,benign,benign#chunk107,[],{},,,False
1786340185000,1786340190000,benign,benign#chunk107,[],{},,,False
1786340190000,1786340195000,benign,benign#chunk107,[],{},,,False
1786340195000,1786340200000,benign,benign#chunk107,[],{},,,False
1786340200000,1786340205000,benign,benign#chunk107,[],{},,,False
1786340205000,1786340210000,OPCUA_ENDPOINT_DISCOVERY,OPCUA_ENDPOINT_DISCOVERY#c116,"[""OPCUA_ENDPOINT_DISCOVERY""]","{""OPCUA_ENDPOINT_DISCOVERY#c116"": [787901, 787903, 787906, 787911, 787925, 787927]}",,OPCUA_ENDPOINT_DISCOVERY,True
1786340210000,1786340215000,OPCUA_ENDPOINT_DISCOVERY,OPCUA_ENDPOINT_DISCOVERY#c116,"[""OPCUA_ENDPOINT_DISCOVERY""]","{""OPCUA_ENDPOINT_DISCOVERY#c116"": [787943]}",,OPCUA_ENDPOINT_DISCOVERY,True
1786340215000,1786340220000,benign,benign#chunk107,[],{},,,False
1786340220000,1786340225000,benign,benign#chunk107,[],{},,,False
1786340225000,1786340230000,benign,benign#chunk107,[],{},,,False
1786340230000,1786340235000,benign,benign#chunk107,[],{},,,False
1786340235000,1786340240000,benign,benign#chunk107,[],{},,,False
1786340240000,1786340245000,benign,benign#chunk107,[],{},,,True
1786340245000,1786340250000,benign,benign#chunk107,[],{},,,False
1786340250000,1786340255000,benign,benign#chunk108,[],{},,,False
1786340255000,1786340260000,benign,benign#chunk108,[],{},,,False
1786340260000,1786340265000,benign,benign#chunk108,[],{},,,False
1786340265000,1786340270000,benign,benign#chunk108,[],{},,,False
1786340270000,1786340275000,OPCUA_READ_SCRAPING,OPCUA_READ_SCRAPING#c117,"[""OPCUA_READ_SCRAPING""]","{""OPCUA_READ_SCRAPING#c117"": [793248, 793254, 793257, 793259, 793273, 793287, 793289, 793291, 793293, 793296, 793298, 793300, 793302, 793304, 793306, 793317, 793319, 793321, 793323, 793325, 793327, 793334, 793336, 793340, 793348, 793354, 793360, 793383, 793387, 793391, 793393, 793395, 793397, 793404, 793406, 793408, 793410, 793412, 793414, 793421, 793423, 793425, 793429, 793431, 793433, 793448, 793450, 793452, 793454, 793456, 793462, 793467, 793469, 793471, 793473, 793475, 793477, 793480, 793482, 793486, 793488, 793490, 793492, 793495, 793497, 793499, 793501, 793502, 793505, 793509, 793512, 793514, 793516, 793518, 793520, 793522, 793525, 793527, 793529, 793531, 793533, 793535, 793539, 793541, 793543, 793545, 793547, 793549, 793552, 793554, 793556, 793558, 793562, 793564, 793567, 793571, 793583, 793596, 793602, 793608, 793629, 793631, 793635, 793641, 793645, 793647, 793658, 793660, 793662, 793664, 793666, 793668, 793685, 793687, 793689, 793691, 793693, 793695, 793698, 793700, 793708, 793710, 793712, 793714, 793717, 793719, 793721, 793723, 793729, 793731, 793738, 793740, 793742, 793744, 793746, 793748, 793750, 793761, 793763, 793765, 793767, 793769, 793775, 793778, 793780, 793782, 793784, 793786, 793788, 793793, 793795, 793797, 793799, 793801, 793803, 793808, 793810, 793812, 793814, 793816, 793818, 793821, 793824, 793826, 793828, 793830, 793832, 793841, 793845, 793849, 793851, 793853, 793855, 793868, 793878, 793884, 793892, 793902, 793906, 793919, 793921, 793923, 793927, 793931, 793933, 793940, 793942, 793944, 793946, 793948, 793950, 793953, 793955, 793957, 793959, 793961, 793963, 793966, 793967, 793972, 793974, 793976, 793978, 793980, 793983, 793985, 793987, 793989, 793991, 793993, 793996, 793998, 794000, 794002, 794004, 794006, 794009, 794011, 794013, 794015, 794017, 794019, 794022, 794024, 794026, 794028, 794030, 794032, 794039, 794041, 794043, 794045, 794047, 794049, 794054, 794056, 794058, 794060, 794064, 794066, 794073, 794075, 794081, 794085, 794087, 794089, 794102, 794104, 794106, 794108, 794114, 794120, 794151, 794155, 794157, 794159, 794161, 794163, 794168, 794170, 794172, 794174, 794176, 794178, 794181, 794182, 794187, 794189, 794191, 794193, 794195, 794198, 794200, 794202, 794204, 794206, 794208, 794213, 794215, 794217, 794219, 794221, 794223, 794226, 794228, 794230, 794236, 794238, 794240, 794243, 794245, 794247, 794249, 794251, 794253, 794258, 794260, 794262, 794264, 794266, 794268, 794273, 794275, 794277, 794279, 794281, 794283, 794294, 794300, 794302, 794304, 794306, 794308, 794312, 794314, 794318, 794320, 794322, 794325, 794342, 794350, 794358, 794364, 794370, 794372]}",,OPCUA_READ_SCRAPING,True
1786340275000,1786340280000,OPCUA_READ_SCRAPING,OPCUA_READ_SCRAPING#c117,"[""OPCUA_READ_SCRAPING""]","{""OPCUA_READ_SCRAPING#c117"": [794379, 794381, 794383, 794387, 794389, 794391, 794393, 794395, 794397, 794399, 794401, 794403, 794405, 794408, 794410, 794412, 794414, 794416, 794418, 794425, 794427, 794429, 794431, 794433, 794435, 794442, 794444, 794446, 794448, 794450, 794452, 794455, 794457, 794459, 794461, 794463, 794465, 794470, 794472, 794474, 794476, 794478, 794480, 794483, 794485, 794487, 794489, 794491, 794493, 794514, 794516, 794518, 794520, 794522, 794524, 794529, 794531, 794533, 794535, 794537, 794539, 794542, 794544, 794546, 794548, 794550, 794552, 794577, 794585, 794591, 794593, 794595, 794597, 794603, 794605, 794607, 794611, 794613, 794615, 794617, 794624, 794626, 794628, 794630, 794632, 794634, 794639, 794641, 794645, 794647, 794649, 794651, 794656, 794658, 794660, 794662, 794664, 794666, 794669, 794671, 794673, 794675, 794677, 794679, 794691, 794693, 794695, 794697, 794699, 794701, 794706, 794708, 794710, 794712, 794714, 794716, 794737, 794739, 794741, 794743, 794745, 794747, 794754, 794756, 794758, 794760, 794762, 794764, 794767, 794769, 794771, 794773, 794775, 794777, 794789, 794791, 794793, 794795, 794797, 794799, 794811, 794812, 794821, 794827, 794833, 794840, 794851, 794862, 794864, 794866, 794868, 794870, 794876, 794879, 794881, 794883, 794885, 794887, 794889, 794894, 794896, 794898, 794900, 794902, 794904, 794907, 794909, 794911, 794913, 794915, 794917, 794920, 794922, 794924, 794926, 794928, 794930, 794933, 794935, 794937, 794939, 794941, 794943, 794962, 794964, 794966, 794968, 794970, 794972, 794981, 794983, 794985, 794987, 794989, 794991, 794994, 794996, 794998, 795000, 795006, 795008, 795011, 795013, 795015, 795017, 795019, 795021, 795023, 795027, 795029, 795031, 795033, 795035, 795037, 795082, 795086, 795088, 795090, 795092, 795096, 795106, 795110, 795112, 795114, 795116, 795118, 795121, 795123, 795125, 795127, 795129, 795131, 795134, 795136, 795138, 795140, 795142, 795144, 795147, 795149, 795151, 795153, 795155, 795157, 795162, 795166, 795168, 795170, 795174, 795184, 795201, 795205, 795207, 795209, 795211, 795213, 795220, 795222, 795224, 795226, 795228, 795232, 795239, 795241, 795243, 795245, 795247, 795249, 795254, 795256, 795258, 795260, 795262, 795264, 795267, 795268, 795273, 795275, 795277, 795279, 795281, 795284, 795286, 795288, 795290, 795292, 795294, 795331]}",,OPCUA_READ_SCRAPING,True
1786340280000,1786340285000,benign,benign#chunk108,[],{},,,False
1786340285000,1786340290000,benign,benign#chunk108,[],{},,,False
1786340290000,1786340295000,benign,benign#chunk108,[],{},,,False
1786340295000,1786340300000,benign,benign#chunk108,[],{},,,False
1786340300000,1786340305000,benign,benign#chunk108,[],{},,,True
1786340305000,1786340310000,benign,benign#chunk108,[],{},,,False
1786340310000,1786340315000,benign,benign#chunk108,[],{},,,False
1786340315000,1786340320000,benign,benign#chunk108,[],{},,,False
1786340320000,1786340325000,benign,benign#chunk109,[],{},,,False
1786340325000,1786340330000,benign,benign#chunk109,[],{},,,False
1786340330000,1786340335000,benign,benign#chunk109,[],{},,,True
1786340335000,1786340340000,OPCUA_READ_SCRAPING,OPCUA_READ_SCRAPING#c118,"[""OPCUA_READ_SCRAPING""]","{""OPCUA_READ_SCRAPING#c118"": [800583, 800585, 800592, 800594, 800613, 800637, 800641, 800649, 800651, 800657, 800660, 800662, 800664, 800666, 800668, 800676, 800678, 800680, 800682, 800684, 800686, 800693, 800697, 800699, 800701, 800703, 800705, 800727, 800729, 800731, 800733, 800735, 800737, 800746, 800748, 800750, 800752, 800754, 800756, 800771, 800773, 800775, 800777, 800779, 800781]}",,OPCUA_READ_SCRAPING,True
1786340340000,1786340345000,OPCUA_READ_SCRAPING,OPCUA_READ_SCRAPING#c118,"[""OPCUA_READ_SCRAPING""]","{""OPCUA_READ_SCRAPING#c118"": [800784, 800786, 800788, 800790, 800792, 800794, 800810, 800812, 800814, 800816, 800818, 800820, 800823, 800825, 800829, 800831, 800833, 800837, 800840, 800842, 800844, 800850, 800852, 800854, 800856, 800859, 800861, 800863, 800865, 800867, 800869, 800894, 800900, 800904, 800908, 800910, 800912, 800925, 800927, 800929, 800933, 800936, 800944, 800950, 800952, 800954, 800956, 800958, 800962, 800969, 800971, 800973, 800975, 800981, 800983, 800992, 800994, 800996, 800998, 801000, 801002, 801011, 801013, 801015, 801017, 801019, 801021, 801024, 801026, 801028, 801030, 801032, 801034, 801039, 801041, 801043, 801045, 801047, 801049, 801052, 801054, 801058, 801074, 801080, 801082, 801085, 801086, 801089, 801093, 801095, 801097, 801099, 801106, 801108, 801110, 801112, 801114, 801116, 801119, 801121, 801123, 801125, 801127, 801129, 801160, 801164, 801174, 801182, 801184, 801186, 801189, 801191, 801197, 801199, 801201, 801203, 801212, 801214, 801216, 801218, 801220, 801222, 801229, 801231, 801233, 801235, 801237, 801239, 801246, 801248, 801250, 801252, 801254, 801256, 801261, 801263, 801265, 801267, 801269, 801271, 801278, 801280, 801282, 801284, 801286, 801288, 801295, 801297, 801299, 801301, 801303, 801305, 801310, 801311, 801316, 801318, 801320, 801322, 801325, 801330, 801332, 801334, 801336, 801338, 801340, 801343, 801345, 801347, 801349, 801351, 801353, 801356, 801358, 801360, 801362, 801370, 801376, 801409, 801415, 801419, 801425, 801429, 801431, 801444, 801446, 801448, 801450, 801452, 801454, 801459, 801461, 801467, 801469, 801471, 801473, 801476, 801478, 801480, 801482, 801484, 801486, 801489, 801491, 801493, 801495, 801497, 801499, 801502, 801504, 801506, 801508, 801510, 801512, 801515, 801517, 801519, 801521, 801523, 801525, 801527, 801530, 801533, 801542, 801544, 801546, 801548, 801551, 801553, 801555, 801557, 801559, 801561, 801564, 801566, 801568, 801570, 801572, 801574, 801585, 801587, 801589, 801591, 801593, 801595, 801608, 801610, 801612, 801614, 801616, 801620, 801657, 801659, 801661, 801665, 801669, 801671, 801680, 801684, 801686, 801688, 801690, 801692, 801695, 801703, 801708, 801710, 801712, 801714, 801717, 801719, 801721, 801723, 801725, 801727, 801730, 801734, 801736, 801738, 801740, 801742, 801745, 801746, 801749, 801753, 801755, 801757, 801759, 801765, 801768, 801770, 801772, 801774, 801776, 801779, 801781, 801783, 801785, 801787, 801789, 801797, 801799, 801801, 801803, 801805, 801807, 801817, 801821, 801831, 801837, 801839, 801841, 801854, 801860, 801862, 801864, 801866, 801869, 801872, 801874, 801876, 801884, 801888, 801894]}",,OPCUA_READ_SCRAPING,True
1786340345000,1786340350000,OPCUA_READ_SCRAPING,OPCUA_READ_SCRAPING#c118,"[""OPCUA_READ_SCRAPING""]","{""OPCUA_READ_SCRAPING#c118"": [801927, 801931, 801933, 801935, 801937, 801939, 801944, 801946, 801948, 801950, 801952, 801954, 801957, 801959, 801961, 801963, 801965, 801967, 801970, 801972, 801974, 801976, 801978, 801980, 801986, 801988, 801990, 801992, 801994, 801996, 801998, 802005, 802007, 802009, 802011, 802013, 802015, 802018, 802020, 802022, 802024, 802026, 802028, 802035, 802037, 802039, 802041, 802043, 802045, 802060, 802064, 802066, 802068, 802070, 802072, 802079, 802081, 802083, 802085, 802087, 802089, 802094, 802096, 802098, 802100, 802102, 802104, 802111, 802115, 802121, 802127, 802133, 802139, 802158, 802160, 802162, 802164, 802166, 802168, 802173, 802177, 802179, 802181, 802183, 802185, 802188, 802190, 802192, 802194, 802196, 802198, 802200, 802207, 802209, 802211, 802213, 802215, 802217, 802220, 802224, 802226, 802228, 802230, 802232, 802235, 802237, 802239, 802241, 802243, 802245, 802248, 802252, 802260, 802262, 802264, 802266, 802271, 802273, 802279, 802281, 802283, 802285, 802288, 802290, 802292, 802294, 802300, 802302, 802305, 802307, 802309, 802311, 802313, 802315, 802322, 802324, 802326, 802328, 802330, 802332, 802373, 802375, 802377, 802381, 802385, 802387, 802396, 802398, 802400, 802402, 802404, 802406, 802411, 802412, 802417, 802419, 802421, 802423, 802425, 802430, 802432, 802434, 802436, 802438, 802440, 802443, 802445, 802447, 802449, 802451, 802453, 802457, 802459, 802462, 802464, 802466, 802468, 802497, 802499, 802501, 802503, 802505, 802507, 802520, 802522, 802524, 802526, 802528, 802530, 802533, 802535, 802537, 802539, 802541, 802543, 802548, 802550, 802552, 802554, 802556, 802558, 802561, 802563, 802565, 802567, 802569, 802571, 802580, 802582, 802586, 802592, 802600, 802606, 802629, 802633, 802637, 802639, 802641, 802643, 802648, 802649, 802654, 802656, 802658, 802660, 802662, 802666, 802668, 802670, 802672, 802674, 802676, 802681, 802683, 802685, 802687, 802689, 802691, 802694, 802696, 802698, 802700, 802702, 802704, 802719, 802721]}",,OPCUA_READ_SCRAPING,True
1786340350000,1786340355000,benign,benign#chunk109,[],{},,,False
1786340355000,1786340360000,benign,benign#chunk109,[],{},,,False
1786340360000,1786340365000,benign,benign#chunk109,[],{},,,True
1786340365000,1786340370000,benign,benign#chunk109,[],{},,,False
1786340370000,1786340375000,benign,benign#chunk109,[],{},,,False
1786340375000,1786340380000,benign,benign#chunk109,[],{},,,False
1786340380000,1786340385000,benign,benign#chunk109,[],{},,,False
1786340385000,1786340390000,benign,benign#chunk109,[],{},,,False
1786340390000,1786340395000,benign,benign#chunk109,[],{},,,True
1786340395000,1786340400000,benign,benign#chunk110,[],{},,,False
1786340400000,1786340405000,benign,benign#chunk110,[],{},,,False
1786340405000,1786340410000,OPCUA_NODE_BROWSE,OPCUA_NODE_BROWSE#c119,"[""OPCUA_NODE_BROWSE""]","{""OPCUA_NODE_BROWSE#c119"": [807729, 807731, 807734, 807736, 807756, 807771, 807773, 807775, 807777, 807779, 807781, 807783, 807785, 807787, 807789, 807791, 807793, 807795, 807797, 807799, 807801, 807803, 807805]}",,OPCUA_NODE_BROWSE,True
1786340410000,1786340415000,benign,benign#chunk110,[],{},,,False
1786340415000,1786340420000,benign,benign#chunk110,[],{},,,False
1786340420000,1786340425000,benign,benign#chunk110,[],{},,,True
1786340425000,1786340430000,benign,benign#chunk110,[],{},,,False
1786340430000,1786340435000,benign,benign#chunk110,[],{},,,False
1786340435000,1786340440000,benign,benign#chunk110,[],{},,,False
1786340440000,1786340445000,benign,benign#chunk110,[],{},,,False
1786340445000,1786340450000,benign,benign#chunk110,[],{},,,False
1786340450000,1786340455000,benign,benign#chunk110,[],{},,,True
1786340455000,1786340460000,benign,benign#chunk110,[],{},,,False
1786340460000,1786340465000,benign,benign#chunk111,[],{},,,False
1786340465000,1786340470000,OPCUA_RECURSIVE_BROWSE,OPCUA_RECURSIVE_BROWSE#c120,"[""OPCUA_RECURSIVE_BROWSE""]","{""OPCUA_RECURSIVE_BROWSE#c120"": [812984, 812987, 812989, 813015, 813033, 813035, 813037, 813039, 813041, 813043, 813045, 813047, 813049, 813055, 813057, 813059, 813061, 813063, 813065, 813067, 813073, 813079, 813085, 813091, 813097, 813103, 813109, 813123, 813127, 813129, 813131, 813133, 813135, 813137, 813141, 813145, 813147, 813149, 813151, 813153, 813155, 813157, 813161, 813163, 813165, 813167, 813169, 813171, 813173, 813175, 813177, 813179, 813181, 813183, 813185, 813188, 813190, 813192, 813194, 813196, 813219, 813221, 813223, 813229, 813231, 813233, 813235, 813237, 813239, 813241, 813243, 813245, 813247, 813249, 813251, 813253, 813255, 813257, 813259, 813261, 813263, 813265, 813267, 813268, 813273, 813275, 813277, 813279, 813281, 813283, 813285, 813287, 813289, 813291, 813293, 813295, 813297]}",,OPCUA_RECURSIVE_BROWSE,True
1786340470000,1786340475000,OPCUA_RECURSIVE_BROWSE,OPCUA_RECURSIVE_BROWSE#c120,"[""OPCUA_RECURSIVE_BROWSE""]","{""OPCUA_RECURSIVE_BROWSE#c120"": [813299, 813301, 813303, 813305, 813311, 813313, 813315, 813317, 813319, 813321, 813323, 813325, 813327, 813329, 813331, 813333, 813335, 813338, 813340, 813342, 813344, 813346, 813409, 813411, 813413, 813415, 813417, 813419, 813421, 813423, 813425, 813437, 813449, 813457, 813459, 813461, 813467, 813469, 813471, 813473, 813475, 813477, 813479, 813481, 813483, 813485, 813487, 813489, 813491, 813493, 813495, 813497, 813499, 813501, 813503, 813507, 813509, 813511, 813513, 813515, 813517, 813519, 813521, 813523, 813525, 813527, 813529, 813531, 813533, 813535, 813537, 813541, 813543, 813545, 813547, 813548, 813553, 813555, 813557, 813559, 813561, 813612, 813614, 813616, 813618, 813620, 813622, 813624, 813626, 813628, 813630, 813632, 813634, 813636, 813638, 813640, 813642, 813648, 813650, 813652, 813654, 813656, 813658, 813660, 813662, 813664, 813666, 813670, 813672, 813674, 813676, 813678, 813680, 813684, 813686, 813688, 813690, 813692, 813694, 813696, 813698, 813700, 813702, 813704, 813706, 813708, 813710, 813712, 813714, 813716, 813722, 813728, 813730, 813732, 813735, 813737, 813739, 813741, 813743, 813746, 813763, 813765, 813767, 813769, 813771, 813773, 813775, 813777, 813779, 813781, 813783, 813787, 813789, 813793, 813795, 813797, 813799, 813807, 813817, 813823, 813829, 813835, 813841, 813847, 813851, 813853, 813855, 813857, 813859, 813861, 813863, 813865, 813871, 813873, 813875, 813877, 813879, 813881, 813883, 813885, 813887, 813891, 813893, 813897, 813899, 813903, 813905, 813907, 813909, 813915, 813917, 813919, 813921, 813924, 813926, 813928, 813930, 813934, 813943, 813953, 813955, 813957, 813959, 813961, 813963, 813965, 813967, 813969, 813971, 813973, 813975, 813977, 813979, 813981, 813983, 813985, 813987, 813989, 813991, 813993, 813997, 813999, 814001, 814003, 814005, 814007, 814009, 814011, 814015, 814017, 814023, 814025, 814027, 814029, 814031, 814033, 814035, 814037, 814039, 814041, 814043, 814045, 814047, 814049, 814051, 814053, 814055, 814057, 814059, 814061, 814063, 814065, 814070, 814072, 814074, 814076, 814078, 814135, 814137, 814139, 814141, 814142, 814147, 814149, 814151, 814153, 814155, 814157, 814159, 814161, 814163, 814165, 814167, 814169, 814171, 814173, 814175, 814177, 814179, 814181, 814183, 814189, 814191, 814193, 814195, 814197, 814199, 814201, 814203, 814205, 814207, 814209, 814211, 814213, 814217, 814219, 814221, 814223, 814225, 814227, 814229, 814231, 814233, 814235, 814237, 814243, 814245, 814247, 814249, 814251, 814253, 814256, 814258, 814260, 814262, 814264, 814325, 814327, 814329, 814333, 814335, 814337, 814339, 814341, 814343, 814345, 814347, 814349, 814351, 814353, 814355, 814357, 814359, 814361, 814363, 814365, 814367, 814369, 814371, 814373, 814375, 814377, 814379, 814381, 814383, 814385, 814387, 814389, 814391, 814393, 814395, 814397, 814399, 814401, 814403, 814405, 814407, 814409, 814410, 814415, 814417, 814419, 814421, 814423, 814425, 814427, 814429, 814431, 814433]}",,OPCUA_RECURSIVE_BROWSE,True
1786340475000,1786340480000,OPCUA_RECURSIVE_BROWSE,OPCUA_RECURSIVE_BROWSE#c120,"[""OPCUA_RECURSIVE_BROWSE""]","{""OPCUA_RECURSIVE_BROWSE#c120"": [814435, 814438, 814440, 814442, 814444, 814446, 814471, 814473, 814475, 814477, 814479, 814481, 814483, 814485, 814487, 814489, 814495, 814498, 814500, 814502, 814504, 814506, 814509, 814511, 814515, 814517, 814519, 814521, 814523, 814525, 814527, 814529, 814531, 814533, 814535, 814537, 814539, 814541, 814543, 814545, 814551, 814553, 814555, 814561, 814565, 814571, 814577, 814585, 814589, 814597, 814603, 814609, 814611, 814615, 814617, 814619, 814621, 814623, 814625, 814630, 814632, 814634, 814636, 814638, 814641, 814662, 814664, 814666, 814668, 814670, 814672, 814674, 814676, 814678, 814680, 814682, 814684, 814686, 814688, 814690, 814692, 814694, 814696, 814698, 814700, 814702, 814704, 814706, 814708, 814710, 814712, 814714, 814716, 814718, 814720, 814722, 814724, 814726, 814728, 814730, 814732, 814734, 814736, 814738, 814740, 814742, 814744, 814748, 814752, 814754, 814756, 814758, 814760, 814762, 814764, 814768, 814770, 814772, 814775, 814777, 814779, 814781, 814783, 814826, 814851, 814853, 814855, 814857, 814861, 814863, 814865, 814867, 814869, 814871, 814873, 814875, 814877, 814879, 814881, 814883, 814885, 814887, 814889, 814891, 814893, 814895, 814899, 814901, 814903, 814907, 814909, 814911, 814913, 814915, 814917, 814919, 814921, 814923, 814925, 814927, 814929, 814931, 814933, 814935, 814937, 814939, 814941, 814943, 814945, 814947, 814949, 814951, 814953, 814955, 814957, 814959, 814961, 814966, 814970, 814972, 814974, 814976, 815017, 815020, 815022, 815024, 815026, 815028, 815034, 815042, 815046, 815052, 815058, 815064, 815070, 815076, 815080, 815082, 815084, 815086, 815088, 815096, 815100, 815102, 815104, 815106, 815108, 815110, 815112, 815114, 815116, 815118, 815122, 815124, 815126, 815128, 815130, 815132, 815134, 815136, 815138, 815142, 815144, 815146, 815148, 815150, 815152, 815154, 815156, 815158, 815160, 815162, 815164, 815166, 815168, 815170, 815173, 815175, 815177, 815179, 815181, 815202, 815204, 815206, 815208, 815210, 815212, 815214, 815216, 815218, 815220, 815222, 815224, 815226, 815228, 815232, 815234, 815235, 815240, 815242, 815244, 815246, 815248, 815250, 815252, 815254, 815256, 815258, 815260, 815262, 815264, 815275, 815277, 815279, 815281, 815283, 815285, 815287, 815291, 815295, 815297, 815299, 815301, 815303, 815305, 815307, 815309, 815311, 815313, 815315, 815317, 815319, 815321, 815323, 815325, 815328, 815330, 815332, 815334, 815336, 815391, 815393, 815395, 815397, 815399, 815401, 815405, 815407, 815409, 815411, 815419, 815421, 815423, 815425, 815427, 815429, 815431, 815433, 815435, 815437, 815439, 815441, 815443, 815445, 815447, 815449, 815451, 815453, 815455, 815457, 815461, 815463, 815465, 815467, 815469, 815471, 815473, 815475, 815477, 815479, 815481, 815483, 815485, 815487, 815489, 815491, 815493, 815495, 815497, 815499, 815501, 815502, 815507, 815509, 815512, 815514, 815516, 815523, 815538]}",,OPCUA_RECURSIVE_BROWSE,True
1786340480000,1786340485000,OPCUA_RECURSIVE_BROWSE,OPCUA_RECURSIVE_BROWSE#c120,"[""OPCUA_RECURSIVE_BROWSE""]","{""OPCUA_RECURSIVE_BROWSE#c120"": [815671, 815673, 815675, 815677, 815679, 815683, 815685, 815687, 815689, 815691, 815693, 815695, 815697, 815699, 815701, 815703, 815705, 815707, 815709, 815711, 815713, 815715, 815717, 815719, 815721, 815723, 815727, 815729, 815731, 815733, 815735, 815737, 815739, 815741, 815747, 815749, 815751, 815753, 815755, 815757, 815759, 815761, 815765, 815767, 815773, 815781, 815787, 815789, 815791, 815793, 815795, 815797, 815799, 815802, 815804, 815806, 815808, 815810, 815815, 815827, 815831, 815833, 815835, 815837, 815839, 815841, 815843, 815845, 815847, 815849, 815851, 815857, 815859, 815861, 815863, 815865, 815867, 815869, 815871, 815873, 815875, 815877, 815879, 815883, 815889, 815895, 815901, 815907, 815913, 815919, 815925, 815929, 815931, 815933, 815935, 815937, 815941, 815947, 815949, 815951, 815953, 815955, 815957, 815959, 815963, 815967, 815969, 815971, 815973, 815975, 815977, 815979, 815982, 815984, 815986, 815988, 815990, 816007, 816018, 816020, 816022, 816024, 816026, 816029, 816031, 816033, 816035, 816037, 816039, 816041, 816043, 816045, 816048, 816050, 816052, 816056, 816058, 816060, 816064, 816066, 816068, 816070, 816072, 816074, 816080, 816082, 816084, 816086, 816088, 816090, 816092, 816094, 816096, 816098, 816100, 816102, 816106, 816108, 816110, 816112, 816114, 816116, 816118, 816120, 816122, 816124, 816126, 816128, 816130, 816132, 816134, 816137, 816139, 816141, 816143, 816147, 816214, 816215, 816220, 816222, 816224, 816226, 816228, 816230, 816232, 816234, 816236, 816238, 816241, 816244, 816246, 816248, 816250, 816252, 816254, 816256, 816258, 816262, 816266, 816268, 816270, 816272, 816274, 816276, 816278, 816280, 816282, 816284, 816286, 816288, 816290, 816292, 816294, 816296, 816298, 816300, 816302, 816304, 816306, 816310, 816314, 816316, 816318, 816325, 816327, 816330, 816332, 816334, 816336, 816338, 816343, 816345, 816347, 816349, 816351, 816425, 816427, 816429, 816431, 816433, 816435, 816437, 816439, 816441, 816443, 816445, 816447, 816449, 816451, 816453, 816455, 816457, 816459, 816461, 816463, 816465, 816467, 816469, 816471, 816473, 816475, 816477, 816479, 816481, 816483, 816485, 816487, 816489, 816491, 816492, 816497, 816499, 816501, 816503, 816505, 816507, 816509, 816511, 816513, 816515, 816517, 816519, 816521, 816523, 816525, 816527, 816529, 816531, 816533, 816536, 816538, 816540, 816544, 816548, 816570, 816572, 816574, 816576, 816578, 816580, 816582, 816584, 816586, 816588, 816590, 816592, 816594, 816596, 816598, 816600, 816602, 816604, 816606, 816608, 816610, 816612, 816614, 816620, 816626, 816632, 816642, 816656, 816662, 816668, 816674, 816678, 816680, 816682, 816684, 816686, 816690, 816694, 816696, 816698, 816700, 816702, 816704, 816708, 816710, 816712, 816714, 816716, 816718, 816720, 816722, 816724, 816726, 816729, 816731, 816733, 816735, 816737, 816741]}",,OPCUA_RECURSIVE_BROWSE,True
1786340485000,1786340490000,OPCUA_RECURSIVE_BROWSE,OPCUA_RECURSIVE_BROWSE#c120,"[""OPCUA_RECURSIVE_BROWSE""]","{""OPCUA_RECURSIVE_BROWSE#c120"": [816762]}",,OPCUA_RECURSIVE_BROWSE,True
1786340490000,1786340495000,benign,benign#chunk111,[],{},,,False
1786340495000,1786340500000,benign,benign#chunk111,[],{},,,False
1786340500000,1786340505000,benign,benign#chunk111,[],{},,,False
1786340505000,1786340510000,benign,benign#chunk111,[],{},,,False
1786340510000,1786340515000,benign,benign#chunk111,[],{},,,False
1786340515000,1786340520000,benign,benign#chunk111,[],{},,,False
1786340520000,1786340525000,benign,benign#chunk111,[],{},,,False
1786340525000,1786340530000,benign,benign#chunk111,[],{},,,False
1786340530000,1786340535000,benign,benign#chunk111,[],{},,,False
1786340535000,1786340540000,benign,benign#chunk111,[],{},,,False
1786340540000,1786340545000,benign,benign#chunk111,[],{},,,False
1786340545000,1786340550000,OPCUA_BEHAVIORAL_PROFILING,OPCUA_BEHAVIORAL_PROFILING#c121,"[""OPCUA_BEHAVIORAL_PROFILING""]","{""OPCUA_BEHAVIORAL_PROFILING#c121"": [821859, 821861, 821864, 821866, 821882, 821883, 821898, 821900, 821902, 821904, 821906, 821908, 821991, 821995, 822086, 822181, 822197, 822242]}",,OPCUA_BEHAVIORAL_PROFILING,True
1786340550000,1786340555000,OPCUA_BEHAVIORAL_PROFILING,OPCUA_BEHAVIORAL_PROFILING#c121,"[""OPCUA_BEHAVIORAL_PROFILING""]","{""OPCUA_BEHAVIORAL_PROFILING#c121"": [822317, 822392, 822481, 822555, 822639]}",,OPCUA_BEHAVIORAL_PROFILING,True
1786340555000,1786340560000,OPCUA_BEHAVIORAL_PROFILING,OPCUA_BEHAVIORAL_PROFILING#c121,"[""OPCUA_BEHAVIORAL_PROFILING""]","{""OPCUA_BEHAVIORAL_PROFILING#c121"": [822712, 822788, 822789, 822865, 822962, 823058, 823059]}",,OPCUA_BEHAVIORAL_PROFILING,True
1786340560000,1786340565000,OPCUA_BEHAVIORAL_PROFILING,OPCUA_BEHAVIORAL_PROFILING#c121,"[""OPCUA_BEHAVIORAL_PROFILING""]","{""OPCUA_BEHAVIORAL_PROFILING#c121"": [823141, 823189, 823319, 823320, 823428, 823512]}",,OPCUA_BEHAVIORAL_PROFILING,True
1786340565000,1786340570000,OPCUA_BEHAVIORAL_PROFILING,OPCUA_BEHAVIORAL_PROFILING#c121,"[""OPCUA_BEHAVIORAL_PROFILING""]","{""OPCUA_BEHAVIORAL_PROFILING#c121"": [823603, 823606, 823682, 823759, 823838, 823933]}",,OPCUA_BEHAVIORAL_PROFILING,True
1786340570000,1786340575000,OPCUA_BEHAVIORAL_PROFILING,OPCUA_BEHAVIORAL_PROFILING#c121,"[""OPCUA_BEHAVIORAL_PROFILING""]","{""OPCUA_BEHAVIORAL_PROFILING#c121"": [824016, 824110, 824197, 824233, 824234, 824321]}",,OPCUA_BEHAVIORAL_PROFILING,True
1786340575000,1786340580000,OPCUA_BEHAVIORAL_PROFILING,OPCUA_BEHAVIORAL_PROFILING#c121,"[""OPCUA_BEHAVIORAL_PROFILING""]","{""OPCUA_BEHAVIORAL_PROFILING#c121"": [824426, 824517, 824520, 824609, 824693, 824769, 824770]}",,OPCUA_BEHAVIORAL_PROFILING,True
1786340580000,1786340585000,OPCUA_BEHAVIORAL_PROFILING,OPCUA_BEHAVIORAL_PROFILING#c121,"[""OPCUA_BEHAVIORAL_PROFILING""]","{""OPCUA_BEHAVIORAL_PROFILING#c121"": [824859, 824935, 824989, 824990, 825064, 825068, 825070]}",,OPCUA_BEHAVIORAL_PROFILING,True
1786340585000,1786340590000,benign,benign#chunk112,[],{},,,False
1786340590000,1786340595000,benign,benign#chunk112,[],{},,,False
1786340595000,1786340600000,benign,benign#chunk112,[],{},,,False
1786340600000,1786340605000,benign,benign#chunk112,[],{},,,False
1786340605000,1786340610000,benign,benign#chunk112,[],{},,,False
1786340610000,1786340615000,benign,benign#chunk112,[],{},,,False
1786340615000,1786340620000,benign,benign#chunk112,[],{},,,False
1786340620000,1786340625000,benign,benign#chunk112,[],{},,,False
1786340625000,1786340630000,benign,benign#chunk112,[],{},,,False
1786340630000,1786340635000,benign,benign#chunk112,[],{},,,False
1786340635000,1786340640000,benign,benign#chunk112,[],{},,,False
1786340640000,1786340645000,OPCUA_WRITE_DENIED,OPCUA_WRITE_DENIED#c122,"[""OPCUA_WRITE_DENIED""]","{""OPCUA_WRITE_DENIED#c122"": [830063, 830065, 830068, 830070, 830084, 830102, 830104]}",,OPCUA_WRITE_DENIED,True
1786340645000,1786340650000,benign,benign#chunk112,[],{},,,False
1786340650000,1786340655000,benign,benign#chunk113,[],{},,,False
1786340655000,1786340660000,benign,benign#chunk113,[],{},,,False
1786340660000,1786340665000,benign,benign#chunk113,[],{},,,False
1786340665000,1786340670000,benign,benign#chunk113,[],{},,,False
1786340670000,1786340675000,benign,benign#chunk113,[],{},,,False
1786340675000,1786340680000,benign,benign#chunk113,[],{},,,False
1786340680000,1786340685000,benign,benign#chunk113,[],{},,,False
1786340685000,1786340690000,benign,benign#chunk113,[],{},,,False
1786340690000,1786340695000,benign,benign#chunk113,[],{},,,False
1786340695000,1786340700000,benign,benign#chunk113,[],{},,,False
1786340700000,1786340705000,OPCUA_SLOWLORIS,OPCUA_SLOWLORIS#c123,"[""OPCUA_SLOWLORIS""]","{""OPCUA_SLOWLORIS#c123"": [835116, 835120, 835123, 835132, 835146, 835164, 835167, 835177, 835195, 835199, 835214, 835220, 835240, 835254, 835269, 835275, 835291, 835293, 835308, 835316, 835330, 835346, 835349, 835354, 835375, 835377, 835392, 835401, 835416, 835430, 835433, 835438, 835453, 835467, 835470, 835475, 835496, 835512, 835516, 835521, 835535, 835549, 835554, 835556, 835567, 835568, 835586, 835600, 835610, 835612, 835614, 835616, 835618, 835620, 835624, 835661, 835664, 835673, 835695, 835700, 835734, 835738, 835745]}",,OPCUA_SLOWLORIS,True
1786340705000,1786340710000,OPCUA_SLOWLORIS,OPCUA_SLOWLORIS#c123,"[""OPCUA_SLOWLORIS""]","{""OPCUA_SLOWLORIS#c123"": [835751, 835759, 835816, 835819, 835830, 835832, 835836, 835840, 835842, 835863, 835885, 835889, 835941, 835948, 835957, 835958, 835965, 835968, 835970, 835974, 835991, 835992, 836060, 836069, 836072, 836073, 836080, 836083, 836085, 836089, 836094, 836095, 836160, 836177, 836182, 836183, 836188, 836191, 836195, 836201, 836226, 836227, 836288, 836295, 836300, 836301, 836308, 836311, 836318]}",,OPCUA_SLOWLORIS,True
1786340710000,1786340715000,OPCUA_SLOWLORIS,OPCUA_SLOWLORIS#c123,"[""OPCUA_SLOWLORIS""]","{""OPCUA_SLOWLORIS#c123"": [836321, 836324, 836325, 836396, 836403, 836406, 836407, 836416, 836423, 836427, 836431, 836436, 836438, 836500, 836510, 836518, 836519, 836524, 836529, 836533, 836536, 836540, 836541, 836612, 836613, 836618, 836619, 836628, 836631, 836636, 836638, 836642, 836643, 836710, 836711, 836721, 836722, 836727, 836730, 836733, 836735, 836741, 836742, 836781, 836782, 836815, 836816, 836825, 836830]}",,OPCUA_SLOWLORIS,True
1786340715000,1786340720000,OPCUA_SLOWLORIS,OPCUA_SLOWLORIS#c123,"[""OPCUA_SLOWLORIS""]","{""OPCUA_SLOWLORIS#c123"": [836833, 836835, 836839, 836840, 836877, 836878, 836888, 836889, 836894, 836913, 836936, 836940, 836944, 836945, 836978, 836979, 836984, 836985, 836992, 836997, 837000, 837007, 837030, 837031, 837086, 837087, 837092, 837093, 837096, 837101, 837104, 837111, 837114, 837115, 837193, 837194, 837208, 837209, 837210, 837219, 837226, 837229, 837234, 837235, 837310, 837311, 837320, 837321, 837322, 837329]}",,OPCUA_SLOWLORIS,True
1786340720000,1786340725000,OPCUA_SLOWLORIS,OPCUA_SLOWLORIS#c123,"[""OPCUA_SLOWLORIS""]","{""OPCUA_SLOWLORIS#c123"": [837380, 837433, 837436, 837437, 837524, 837525, 837535, 837536, 837537, 837541, 837547, 837550, 837553, 837554, 837673, 837674, 837692, 837693, 837694, 837698, 837708, 837710, 837718, 837719, 837810, 837811, 837828, 837829, 837830, 837837, 837840, 837842, 837850, 837851, 837928, 837929, 837940, 837941, 837942, 837949, 837952, 837955, 837958, 837959, 837960, 837964, 837966, 837968, 837970, 837972, 837976, 837978, 837980, 837982, 838029, 838030, 838071, 838072, 838073]}",,OPCUA_SLOWLORIS,True
1786340725000,1786340730000,OPCUA_SLOWLORIS,OPCUA_SLOWLORIS#c123,"[""OPCUA_SLOWLORIS""]","{""OPCUA_SLOWLORIS#c123"": [838082, 838085, 838090, 838093, 838094, 838131, 838132, 838145, 838146, 838148, 838178, 838185, 838190, 838197, 838198, 838242, 838243, 838250, 838251, 838252, 838257, 838287, 838309, 838314, 838315, 838345, 838346, 838357, 838358, 838359, 838366, 838368, 838384, 838409, 838410, 838445, 838446, 838453, 838454, 838455, 838464, 838465, 838470, 838473, 838474, 838562, 838563, 838568, 838569, 838570]}",,OPCUA_SLOWLORIS,True
1786340730000,1786340735000,OPCUA_SLOWLORIS,OPCUA_SLOWLORIS#c123,"[""OPCUA_SLOWLORIS""]","{""OPCUA_SLOWLORIS#c123"": [838577, 838578, 838585, 838590, 838591, 838680, 838681, 838686, 838687, 838688, 838695, 838696, 838701, 838706, 838707, 838784, 838785, 838790, 838791, 838792, 838799, 838800, 838809, 838816, 838817, 838937, 838938, 838943, 838944, 838945, 838963, 838964, 838969, 838972, 838973, 839048, 839049, 839054, 839055, 839056, 839063, 839064, 839077, 839086, 839087, 839164, 839165]}",,OPCUA_SLOWLORIS,True
1786340735000,1786340740000,OPCUA_SLOWLORIS,OPCUA_SLOWLORIS#c123,"[""OPCUA_SLOWLORIS""]","{""OPCUA_SLOWLORIS#c123"": [839176, 839177, 839178, 839184, 839185, 839197, 839200, 839201, 839238, 839239, 839273, 839276, 839277, 839291, 839292, 839312, 839319, 839320, 839353, 839354, 839359, 839360, 839361, 839369, 839370, 839408, 839421, 839422, 839468, 839469, 839478, 839479, 839480, 839483, 839484, 839493, 839498, 839499, 839572, 839573, 839580, 839581, 839582, 839583, 839584, 839595, 839598, 839599, 839671, 839672]}",,OPCUA_SLOWLORIS,True
1786340740000,1786340745000,OPCUA_SLOWLORIS,OPCUA_SLOWLORIS#c123,"[""OPCUA_SLOWLORIS""]","{""OPCUA_SLOWLORIS#c123"": [839677, 839678, 839679, 839683, 839684, 839696, 839699, 839700, 839787, 839788, 839793, 839794, 839795, 839799, 839800, 839808, 839811, 839812, 839886, 839887, 839897, 839898, 839899, 839903, 839904, 839914, 839919, 839920, 840002, 840003, 840008, 840009, 840010, 840015, 840016, 840027, 840030, 840032, 840100, 840101, 840111, 840112, 840113, 840122, 840123, 840132, 840133, 840135, 840138, 840157, 840159, 840164, 840166, 840188, 840190, 840195, 840197, 840198, 840199, 840216, 840218, 840223, 840225, 840246, 840248, 840257, 840259, 840278]}",,OPCUA_SLOWLORIS,True
1786340745000,1786340750000,benign,benign#chunk113,[],{},,,False
1786340750000,1786340755000,benign,benign#chunk113,[],{},,,False
1786340755000,1786340760000,benign,benign#chunk114,[],{},,,False
1786340760000,1786340765000,benign,benign#chunk114,[],{},,,False
1786340765000,1786340770000,benign,benign#chunk114,[],{},,,False
1786340770000,1786340775000,benign,benign#chunk114,[],{},,,False
1786340775000,1786340780000,benign,benign#chunk114,[],{},,,False
1786340780000,1786340785000,benign,benign#chunk114,[],{},,,False
1786340785000,1786340790000,benign,benign#chunk114,[],{},,,False
1786340790000,1786340795000,benign,benign#chunk114,[],{},,,False
1786340795000,1786340800000,benign,benign#chunk114,[],{},,,False
1786340800000,1786340805000,OPCUA_ENDPOINT_DISCOVERY,OPCUA_ENDPOINT_DISCOVERY#c124,"[""OPCUA_ENDPOINT_DISCOVERY""]","{""OPCUA_ENDPOINT_DISCOVERY#c124"": [845394, 845396, 845399, 845404, 845420, 845434]}",,OPCUA_ENDPOINT_DISCOVERY,True
1786340805000,1786340810000,benign,benign#chunk114,[],{},,,False
1786340810000,1786340815000,benign,benign#chunk114,[],{},,,False
1786340815000,1786340820000,benign,benign#chunk114,[],{},,,False
1786340820000,1786340825000,benign,benign#chunk115,[],{},,,False
1786340825000,1786340830000,benign,benign#chunk115,[],{},,,False
1786340830000,1786340835000,benign,benign#chunk115,[],{},,,True
1786340835000,1786340840000,benign,benign#chunk115,[],{},,,False
1786340840000,1786340845000,benign,benign#chunk115,[],{},,,False
1786340845000,1786340850000,benign,benign#chunk115,[],{},,,False
1786340850000,1786340855000,benign,benign#chunk115,[],{},,,False
1786340855000,1786340860000,benign,benign#chunk115,[],{},,,False
1786340860000,1786340865000,OPCUA_INVALID_WRITE,OPCUA_INVALID_WRITE#c125,"[""OPCUA_INVALID_WRITE""]","{""OPCUA_INVALID_WRITE#c125"": [850478, 850480, 850485, 850487, 850503, 850523, 850527]}",,OPCUA_INVALID_WRITE,True
1786340865000,1786340870000,benign,benign#chunk115,[],{},,,False
1786340870000,1786340875000,benign,benign#chunk115,[],{},,,False
1786340875000,1786340880000,benign,benign#chunk115,[],{},,,False
1786340880000,1786340885000,benign,benign#chunk115,[],{},,,False
1786340885000,1786340890000,benign,benign#chunk116,[],{},,,False
1786340890000,1786340895000,benign,benign#chunk116,[],{},,,True
1786340895000,1786340900000,benign,benign#chunk116,[],{},,,False
1786340900000,1786340905000,benign,benign#chunk116,[],{},,,False
1786340905000,1786340910000,benign,benign#chunk116,[],{},,,False
1786340910000,1786340915000,benign,benign#chunk116,[],{},,,False
1786340915000,1786340920000,benign,benign#chunk116,[],{},,,False
1786340920000,1786340925000,OPCUA_NODE_BROWSE,OPCUA_NODE_BROWSE#c126,"[""OPCUA_NODE_BROWSE""]","{""OPCUA_NODE_BROWSE#c126"": [855332, 855338, 855341, 855345, 855363, 855377, 855379, 855383, 855387, 855391, 855393, 855395, 855397, 855399, 855401, 855403, 855405, 855407, 855411, 855415, 855417, 855419]}",,OPCUA_NODE_BROWSE,True
1786340925000,1786340930000,benign,benign#chunk116,[],{},,,False
1786340930000,1786340935000,benign,benign#chunk116,[],{},,,False
1786340935000,1786340940000,benign,benign#chunk116,[],{},,,False
1786340940000,1786340945000,benign,benign#chunk116,[],{},,,False
1786340945000,1786340950000,benign,benign#chunk116,[],{},,,False
1786340950000,1786340955000,benign,benign#chunk117,[],{},,,True
1786340955000,1786340960000,benign,benign#chunk117,[],{},,,False
1786340960000,1786340965000,benign,benign#chunk117,[],{},,,False
1786340965000,1786340970000,benign,benign#chunk117,[],{},,,False
1786340970000,1786340975000,benign,benign#chunk117,[],{},,,False
1786340975000,1786340980000,benign,benign#chunk117,[],{},,,False
1786340980000,1786340985000,OPCUA_SESSION_BURST,OPCUA_SESSION_BURST#c127,[],{},attack_without_in_interval_event_evidence,OPCUA_SESSION_BURST,True
1786340985000,1786340990000,OPCUA_SESSION_BURST,OPCUA_SESSION_BURST#c127,"[""OPCUA_SESSION_BURST""]","{""OPCUA_SESSION_BURST#c127"": [860724, 860727, 860731, 860733, 860738, 860740, 860754, 860764, 860822, 860825, 860827, 860829, 860832, 860834, 860854, 860868, 860945, 860948, 860950, 860952, 860955, 860959, 860973, 860987, 861030, 861033, 861035, 861037, 861040, 861044, 861062, 861076, 861175, 861178, 861180, 861182, 861185, 861187, 861201, 861217]}",,OPCUA_SESSION_BURST,True
1786340990000,1786340995000,benign,benign#chunk117,[],{},,OPCUA_SESSION_BURST,False
1786340995000,1786341000000,benign,benign#chunk117,[],{},,,False
1786341000000,1786341005000,benign,benign#chunk117,[],{},,,False
1786341005000,1786341010000,benign,benign#chunk117,[],{},,,False
1786341010000,1786341015000,benign,benign#chunk117,[],{},,,True
1786341015000,1786341020000,benign,benign#chunk117,[],{},,,False
1786341020000,1786341025000,benign,benign#chunk118,[],{},,,False
1786341025000,1786341030000,benign,benign#chunk118,[],{},,,False
1786341030000,1786341035000,benign,benign#chunk118,[],{},,,False
1786341035000,1786341040000,benign,benign#chunk118,[],{},,,False
1786341040000,1786341045000,benign,benign#chunk118,[],{},,,True
1786341045000,1786341050000,benign,benign#chunk118,[],{},,,False
1786341050000,1786341055000,OPCUA_SLOWLORIS,OPCUA_SLOWLORIS#c128,"[""OPCUA_SLOWLORIS""]","{""OPCUA_SLOWLORIS#c128"": [866584, 866586, 866589, 866594, 866612, 866626, 866633, 866639, 866653, 866667, 866679, 866684, 866699, 866713, 866716, 866721, 866740, 866750, 866757, 866773, 866789, 866803, 866808, 866814, 866828, 866842, 866845, 866851]}",,OPCUA_SLOWLORIS,True
1786341055000,1786341060000,OPCUA_SLOWLORIS,OPCUA_SLOWLORIS#c128,"[""OPCUA_SLOWLORIS""]","{""OPCUA_SLOWLORIS#c128"": [866873, 866887, 866890, 866896, 866910, 866924, 866927, 866935, 866949, 866963, 866966, 866974, 866992, 867006, 867009, 867011, 867026, 867027, 867045, 867059, 867061, 867063, 867065, 867067, 867069, 867072, 867074, 867147, 867151, 867159, 867160, 867167, 867170, 867173, 867184, 867187, 867189, 867277, 867278, 867283, 867284, 867289, 867292, 867308, 867310, 867314, 867323, 867393, 867394, 867415, 867416, 867435, 867439, 867455, 867456, 867461, 867465, 867498, 867499, 867504, 867505, 867534, 867542, 867560, 867561, 867568, 867572, 867599, 867600, 867603, 867604, 867611, 867613]}",,OPCUA_SLOWLORIS,True
1786341060000,1786341065000,OPCUA_SLOWLORIS,OPCUA_SLOWLORIS#c128,"[""OPCUA_SLOWLORIS""]","{""OPCUA_SLOWLORIS#c128"": [867651, 867652, 867673, 867675, 867709, 867710, 867711, 867712, 867721, 867724, 867741, 867742, 867757, 867766, 867825, 867826, 867827, 867828, 867851, 867852, 867866, 867867, 867874, 867880, 867955, 867956, 867957, 867958, 867975, 867976, 867985, 867986, 867993, 867996, 868061, 868062, 868063, 868064, 868073, 868074, 868085, 868086, 868093, 868096, 868171, 868172, 868173, 868174, 868183, 868184]}",,OPCUA_SLOWLORIS,True
1786341065000,1786341070000,OPCUA_SLOWLORIS,OPCUA_SLOWLORIS#c128,"[""OPCUA_SLOWLORIS""]","{""OPCUA_SLOWLORIS#c128"": [868195, 868196, 868203, 868205, 868300, 868301, 868302, 868303, 868312, 868313, 868322, 868323, 868334, 868336, 868398, 868400, 868401, 868402, 868410, 868411, 868420, 868421, 868432, 868437, 868497, 868499, 868500, 868501, 868509, 868510, 868521, 868522, 868533, 868537, 868595, 868596, 868597, 868598, 868613, 868614, 868627, 868628, 868635, 868637, 868659, 868660, 868661, 868662, 868707, 868708]}",,OPCUA_SLOWLORIS,True
1786341070000,1786341075000,OPCUA_SLOWLORIS,OPCUA_SLOWLORIS#c128,"[""OPCUA_SLOWLORIS""]","{""OPCUA_SLOWLORIS#c128"": [868724, 868725, 868744, 868746, 868796, 868797, 868798, 868799, 868808, 868809, 868850, 868851, 868866, 868868, 868896, 868897, 868898, 868899, 868908, 868909, 868930, 868931, 868936, 868954, 869010, 869011, 869012, 869013, 869018, 869019, 869032, 869033, 869038, 869043, 869116, 869117, 869118, 869119, 869128, 869129, 869138, 869139, 869146, 869153, 869224, 869225, 869226, 869227]}",,OPCUA_SLOWLORIS,True
1786341075000,1786341080000,OPCUA_SLOWLORIS,OPCUA_SLOWLORIS#c128,"[""OPCUA_SLOWLORIS""]","{""OPCUA_SLOWLORIS#c128"": [869238, 869239, 869246, 869247, 869252, 869258, 869259, 869261, 869264, 869266, 869268, 869270, 869272, 869274, 869276, 869278, 869356, 869357, 869358, 869359, 869368, 869369, 869380, 869381, 869386, 869397, 869467, 869468, 869469, 869470, 869477, 869478, 869499, 869500, 869507, 869510, 869573, 869574, 869575, 869576, 869585, 869586, 869599, 869600, 869610, 869616, 869680, 869681, 869682, 869683, 869698, 869699, 869712, 869713, 869720, 869723]}",,OPCUA_SLOWLORIS,True
1786341080000,1786341085000,OPCUA_SLOWLORIS,OPCUA_SLOWLORIS#c128,"[""OPCUA_SLOWLORIS""]","{""OPCUA_SLOWLORIS#c128"": [869757, 869758, 869759, 869760, 869782, 869784, 869918, 869919, 869926, 869929, 869973, 869974, 869975, 869976, 869977, 869978, 870029, 870030, 870041, 870043, 870069, 870070, 870071, 870072, 870073, 870074, 870094, 870095, 870137, 870138, 870173, 870174, 870179, 870180, 870181, 870182, 870195, 870196, 870204, 870205, 870272, 870273, 870278, 870279, 870280, 870281, 870292, 870293, 870302, 870303]}",,OPCUA_SLOWLORIS,True
1786341085000,1786341090000,OPCUA_SLOWLORIS,OPCUA_SLOWLORIS#c128,"[""OPCUA_SLOWLORIS""]","{""OPCUA_SLOWLORIS#c128"": [870372, 870373, 870386, 870387, 870388, 870389, 870398, 870399, 870412, 870413, 870503, 870504, 870509, 870510, 870511, 870512, 870527, 870528, 870539, 870540, 870605, 870606, 870615, 870616, 870617, 870618, 870627, 870628, 870639, 870640, 870715, 870716, 870723, 870724, 870725, 870726, 870732, 870733, 870747, 870748, 870828, 870830, 870861, 870862, 870863, 870864, 870871, 870872, 870881, 870882]}",,OPCUA_SLOWLORIS,True
1786341090000,1786341095000,OPCUA_SLOWLORIS,OPCUA_SLOWLORIS#c128,"[""OPCUA_SLOWLORIS""]","{""OPCUA_SLOWLORIS#c128"": [870982, 870983, 870990, 870991, 870992, 870993, 871000, 871001, 871016, 871017, 871094, 871095, 871122, 871123, 871124, 871125, 871126, 871127, 871159, 871162, 871198, 871199, 871212, 871213, 871214, 871215, 871216, 871217, 871238, 871239, 871315, 871316, 871325, 871326, 871329, 871330, 871331, 871332, 871345, 871346, 871427, 871428, 871435, 871436, 871447, 871448, 871449, 871450, 871459, 871460]}",,OPCUA_SLOWLORIS,True
1786341095000,1786341100000,OPCUA_SLOWLORIS,OPCUA_SLOWLORIS#c128,"[""OPCUA_SLOWLORIS""]","{""OPCUA_SLOWLORIS#c128"": [871531, 871532, 871545, 871546, 871551, 871552, 871553, 871554, 871555, 871559, 871564, 871570, 871572, 871581, 871582, 871583, 871585, 871606, 871608, 871619, 871621, 871642, 871644, 871649, 871651, 871670, 871672, 871677, 871679, 871696]}",,OPCUA_SLOWLORIS,True
1786341100000,1786341105000,benign,benign#chunk118,[],{},,,False
1786341105000,1786341110000,benign,benign#chunk118,[],{},,,False
1786341110000,1786341115000,benign,benign#chunk118,[],{},,,False
1786341115000,1786341120000,benign,benign#chunk118,[],{},,,False
1786341120000,1786341125000,benign,benign#chunk118,[],{},,,False
1786341125000,1786341130000,benign,benign#chunk118,[],{},,,False
1786341130000,1786341135000,benign,benign#chunk119,[],{},,,False
1786341135000,1786341140000,benign,benign#chunk119,[],{},,,False
1786341140000,1786341145000,benign,benign#chunk119,[],{},,,False
1786341145000,1786341150000,benign,benign#chunk119,[],{},,,False
1786341150000,1786341155000,benign,benign#chunk119,[],{},,,False
1786341155000,1786341160000,OPCUA_INVALID_WRITE,OPCUA_INVALID_WRITE#c129,"[""OPCUA_INVALID_WRITE""]","{""OPCUA_INVALID_WRITE#c129"": [876970, 876972, 876975, 876977, 876991, 877011]}",,OPCUA_INVALID_WRITE,True
1786341160000,1786341165000,benign,benign#chunk119,[],{},,,False
1786341165000,1786341170000,benign,benign#chunk119,[],{},,,False
1786341170000,1786341175000,benign,benign#chunk119,[],{},,,False
1786341175000,1786341180000,benign,benign#chunk119,[],{},,,False
1786341180000,1786341185000,benign,benign#chunk119,[],{},,,False
1786341185000,1786341190000,benign,benign#chunk119,[],{},,,False
1786341190000,1786341195000,benign,benign#chunk119,[],{},,,False
1786341195000,1786341200000,benign,benign#chunk120,[],{},,,False
1786341200000,1786341205000,benign,benign#chunk120,[],{},,,False
1786341205000,1786341210000,benign,benign#chunk120,[],{},,,False
1786341210000,1786341215000,benign,benign#chunk120,[],{},,,False
1786341215000,1786341220000,OPCUA_SLOWLORIS,OPCUA_SLOWLORIS#c130,"[""OPCUA_SLOWLORIS""]","{""OPCUA_SLOWLORIS#c130"": [881855, 881857, 881860, 881866, 881884, 881892, 881903, 881908, 881923, 881939, 881942, 881951, 881966, 881980, 881983, 881989, 882007, 882023, 882036, 882042, 882060, 882072, 882083, 882094, 882112, 882124, 882138, 882143, 882165, 882167, 882183, 882193, 882207, 882211, 882226, 882234, 882248, 882258, 882269, 882277, 882293, 882305, 882312, 882315, 882327, 882328, 882346, 882360, 882366, 882368, 882370, 882372, 882374, 882377, 882379, 882410, 882415, 882417, 882424, 882432, 882437, 882442, 882445, 882449, 882457, 882548, 882562, 882563, 882568, 882577, 882580, 882583, 882586, 882590, 882594, 882675, 882683, 882684, 882685, 882703, 882707, 882713, 882716, 882718, 882722, 882779, 882784, 882785, 882786, 882802, 882804, 882810, 882813, 882814]}",,OPCUA_SLOWLORIS,True
1786341220000,1786341225000,OPCUA_SLOWLORIS,OPCUA_SLOWLORIS#c130,"[""OPCUA_SLOWLORIS""]","{""OPCUA_SLOWLORIS#c130"": [882819, 882891, 882896, 882897, 882898, 882913, 882917, 882925, 882933, 882934, 882940, 882997, 883004, 883005, 883006, 883023, 883024, 883029, 883032, 883033, 883042, 883106, 883115, 883116, 883117, 883130, 883131, 883138, 883143, 883144, 883153, 883178, 883213, 883214, 883215, 883238, 883239, 883248, 883253, 883254, 883263, 883283, 883289, 883290, 883291, 883349, 883350, 883357, 883362, 883363]}",,OPCUA_SLOWLORIS,True
1786341225000,1786341230000,OPCUA_SLOWLORIS,OPCUA_SLOWLORIS#c130,"[""OPCUA_SLOWLORIS""]","{""OPCUA_SLOWLORIS#c130"": [883381, 883398, 883408, 883409, 883410, 883449, 883450, 883496, 883501, 883502, 883511, 883528, 883529, 883530, 883531, 883556, 883557, 883562, 883599, 883600, 883609, 883632, 883633, 883634, 883635, 883661, 883662, 883667, 883670, 883680, 883702, 883735, 883736, 883737, 883738, 883761, 883762, 883767, 883770, 883773, 883776, 883833, 883836, 883837, 883838, 883853, 883854, 883861]}",,OPCUA_SLOWLORIS,True
1786341230000,1786341235000,OPCUA_SLOWLORIS,OPCUA_SLOWLORIS#c130,"[""OPCUA_SLOWLORIS""]","{""OPCUA_SLOWLORIS#c130"": [883864, 883867, 883870, 883954, 883955, 883956, 883957, 883973, 883974, 883981, 883984, 883991, 883997, 884068, 884069, 884070, 884071, 884088, 884089, 884094, 884101, 884104, 884113, 884174, 884175, 884176, 884177, 884194, 884195, 884204, 884209, 884212, 884215, 884270, 884271, 884272, 884273, 884294, 884295, 884302, 884305, 884312, 884319, 884350, 884351, 884352, 884353, 884378, 884379, 884416]}",,OPCUA_SLOWLORIS,True
1786341235000,1786341240000,OPCUA_SLOWLORIS,OPCUA_SLOWLORIS#c130,"[""OPCUA_SLOWLORIS""]","{""OPCUA_SLOWLORIS#c130"": [884421, 884425, 884429, 884458, 884459, 884460, 884461, 884471, 884472, 884519, 884528, 884531, 884533, 884534, 884537, 884539, 884542, 884544, 884546, 884548, 884550, 884552, 884556, 884593, 884594, 884595, 884596, 884605, 884606, 884619, 884656, 884660, 884670, 884712, 884713, 884714, 884715, 884724, 884725, 884738, 884741, 884775, 884783, 884810, 884811, 884812, 884813, 884826, 884827, 884839, 884842, 884847, 884853, 884922, 884923, 884924, 884925, 884934, 884935, 884948]}",,OPCUA_SLOWLORIS,True
1786341240000,1786341245000,OPCUA_SLOWLORIS,OPCUA_SLOWLORIS#c130,"[""OPCUA_SLOWLORIS""]","{""OPCUA_SLOWLORIS#c130"": [884955, 884958, 884960, 885066, 885067, 885068, 885069, 885070, 885071, 885100, 885103, 885110, 885111, 885170, 885171, 885172, 885173, 885174, 885175, 885194, 885199, 885208, 885209, 885289, 885290, 885291, 885292, 885293, 885294, 885315, 885318, 885323, 885324, 885388, 885389, 885390, 885391, 885392, 885393, 885412, 885415, 885421, 885422, 885491, 885492, 885493, 885494, 885495, 885496]}",,OPCUA_SLOWLORIS,True
1786341245000,1786341250000,OPCUA_SLOWLORIS,OPCUA_SLOWLORIS#c130,"[""OPCUA_SLOWLORIS""]","{""OPCUA_SLOWLORIS#c130"": [885515, 885518, 885521, 885522, 885595, 885596, 885601, 885602, 885603, 885604, 885629, 885635, 885648, 885649, 885696, 885697, 885722, 885723, 885724, 885725, 885750, 885763, 885770, 885771, 885800, 885801, 885806, 885807, 885808, 885809, 885818, 885831, 885862, 885863, 885898, 885899, 885904, 885905, 885906, 885907, 885914, 885929, 885932, 885933]}",,OPCUA_SLOWLORIS,True
1786341250000,1786341255000,OPCUA_SLOWLORIS,OPCUA_SLOWLORIS#c130,"[""OPCUA_SLOWLORIS""]","{""OPCUA_SLOWLORIS#c130"": [886013, 886014, 886017, 886018, 886019, 886026, 886027, 886044, 886047, 886048, 886143, 886144, 886145, 886146, 886147, 886153, 886154, 886170, 886173, 886174, 886244, 886245, 886246, 886247, 886252, 886253, 886254, 886275, 886280, 886281, 886350, 886351, 886352, 886353, 886384, 886385, 886386, 886414, 886419, 886420, 886517, 886518, 886519, 886520, 886525, 886526, 886527, 886542, 886547, 886548]}",,OPCUA_SLOWLORIS,True
1786341255000,1786341260000,OPCUA_SLOWLORIS,OPCUA_SLOWLORIS#c130,"[""OPCUA_SLOWLORIS""]","{""OPCUA_SLOWLORIS#c130"": [886647, 886648, 886649, 886650, 886656, 886657, 886658, 886674, 886681, 886682, 886757, 886758, 886759, 886760, 886767, 886768, 886769, 886784, 886786, 886790, 886792, 886819, 886821, 886826, 886828, 886853, 886855, 886864, 886865, 886866, 886868, 886885, 886887, 886894, 886896, 886913, 886915, 886924, 886926, 886943]}",,OPCUA_SLOWLORIS,True
1786341260000,1786341265000,benign,benign#chunk120,[],{},,,False
1786341265000,1786341270000,benign,benign#chunk120,[],{},,,False
1786341270000,1786341275000,benign,benign#chunk120,[],{},,,False
1786341275000,1786341280000,benign,benign#chunk120,[],{},,,False
1786341280000,1786341285000,benign,benign#chunk120,[],{},,,False
1786341285000,1786341290000,benign,benign#chunk120,[],{},,,False
1786341290000,1786341295000,benign,benign#chunk120,[],{},,,False
1786341295000,1786341300000,benign,benign#chunk120,[],{},,,False
1786341300000,1786341305000,benign,benign#chunk121,[],{},,,False
1786341305000,1786341310000,benign,benign#chunk121,[],{},,,False
1786341310000,1786341315000,benign,benign#chunk121,[],{},,,False
1786341315000,1786341320000,OPCUA_SLOWLORIS,OPCUA_SLOWLORIS#c131,"[""OPCUA_SLOWLORIS""]","{""OPCUA_SLOWLORIS#c131"": [891985, 891987, 891990, 891995, 892009, 892023, 892026, 892032, 892046, 892064, 892071, 892077, 892091, 892105, 892108, 892113, 892128, 892142, 892145, 892150, 892165, 892179, 892190, 892196, 892210, 892222, 892229, 892235, 892249, 892263, 892266, 892272, 892286, 892300, 892307, 892316, 892335, 892349, 892356, 892362, 892376, 892392, 892397, 892403, 892418, 892419, 892441, 892455, 892457, 892459, 892463, 892469, 892478, 892484, 892489, 892541, 892545, 892547, 892560, 892563, 892568, 892575, 892577, 892589, 892594, 892653, 892660, 892661, 892699, 892701, 892709, 892712, 892713, 892722, 892725, 892782, 892791, 892792, 892797, 892798, 892803, 892808, 892809, 892818, 892821]}",,OPCUA_SLOWLORIS,True
1786341320000,1786341325000,OPCUA_SLOWLORIS,OPCUA_SLOWLORIS#c131,"[""OPCUA_SLOWLORIS""]","{""OPCUA_SLOWLORIS#c131"": [892977, 892984, 892985, 892992, 892993, 893009, 893012, 893013, 893026, 893029, 893094, 893110, 893111, 893118, 893119, 893124, 893127, 893128, 893137, 893140, 893167, 893199, 893200, 893220, 893221, 893228, 893231, 893232, 893241, 893245, 893280, 893282, 893283, 893313, 893314, 893333, 893338, 893339, 893356, 893359, 893388, 893391, 893392, 893397, 893398, 893419, 893443, 893444, 893460, 893465]}",,OPCUA_SLOWLORIS,True
1786341325000,1786341330000,OPCUA_SLOWLORIS,OPCUA_SLOWLORIS#c131,"[""OPCUA_SLOWLORIS""]","{""OPCUA_SLOWLORIS#c131"": [893490, 893494, 893495, 893505, 893506, 893512, 893516, 893517, 893560, 893567, 893603, 893604, 893605, 893612, 893613, 893620, 893625, 893626, 893639, 893666, 893709, 893710, 893711, 893720, 893721, 893725, 893733, 893734, 893739, 893744, 893807, 893808, 893809, 893818, 893819, 893822, 893827, 893828, 893837, 893840, 893899, 893900, 893901, 893910, 893911, 893914, 893927, 893928, 893933, 893936]}",,OPCUA_SLOWLORIS,True
1786341330000,1786341335000,OPCUA_SLOWLORIS,OPCUA_SLOWLORIS#c131,"[""OPCUA_SLOWLORIS""]","{""OPCUA_SLOWLORIS#c131"": [894014, 894015, 894016, 894025, 894026, 894027, 894038, 894039, 894044, 894049, 894124, 894126, 894127, 894136, 894137, 894138, 894159, 894160, 894168, 894177, 894259, 894261, 894262, 894272, 894273, 894274, 894295, 894296, 894299, 894308, 894338, 894339, 894340, 894388, 894389, 894390, 894406, 894407, 894408, 894420, 894442, 894443, 894444, 894453, 894454, 894455, 894504, 894505, 894506, 894519]}",,OPCUA_SLOWLORIS,True
1786341335000,1786341340000,OPCUA_SLOWLORIS,OPCUA_SLOWLORIS#c131,"[""OPCUA_SLOWLORIS""]","{""OPCUA_SLOWLORIS#c131"": [894554, 894555, 894556, 894560, 894561, 894562, 894584, 894585, 894586, 894627, 894656, 894657, 894658, 894661, 894662, 894663, 894678, 894679, 894680, 894690, 894691, 894694, 894696, 894700, 894706, 894714, 894720, 894728, 894734, 894742, 894792, 894793, 894794, 894795, 894796, 894797, 894817, 894818, 894819, 894827, 894901, 894902, 894914, 894915, 894916, 894917, 894929, 894930, 894931, 894938, 895001, 895002, 895009, 895010, 895011, 895012, 895025, 895026, 895027, 895034]}",,OPCUA_SLOWLORIS,True
1786341340000,1786341345000,OPCUA_SLOWLORIS,OPCUA_SLOWLORIS#c131,"[""OPCUA_SLOWLORIS""]","{""OPCUA_SLOWLORIS#c131"": [895102, 895103, 895111, 895112, 895113, 895114, 895130, 895131, 895132, 895139, 895214, 895215, 895218, 895219, 895220, 895221, 895236, 895237, 895238, 895247, 895330, 895331, 895336, 895337, 895338, 895339, 895352, 895353, 895354, 895363, 895434, 895435, 895440, 895441, 895442, 895443, 895452, 895453, 895454, 895463, 895532, 895533, 895540, 895541, 895542, 895543, 895552, 895553, 895554, 895561]}",,OPCUA_SLOWLORIS,True
1786341345000,1786341350000,OPCUA_SLOWLORIS,OPCUA_SLOWLORIS#c131,"[""OPCUA_SLOWLORIS""]","{""OPCUA_SLOWLORIS#c131"": [895648, 895649, 895660, 895661, 895662, 895663, 895672, 895673, 895674, 895701, 895733, 895734, 895761, 895762, 895763, 895764, 895793, 895794, 895795, 895806, 895863, 895864, 895869, 895870, 895871, 895872, 895881, 895882, 895883, 895900, 895962, 895963, 895971, 895972, 895973, 895974, 895984, 895985, 895986, 895997, 896063, 896064, 896070, 896071, 896072, 896073, 896087, 896088, 896089, 896096]}",,OPCUA_SLOWLORIS,True
1786341350000,1786341355000,OPCUA_SLOWLORIS,OPCUA_SLOWLORIS#c131,"[""OPCUA_SLOWLORIS""]","{""OPCUA_SLOWLORIS#c131"": [896175, 896176, 896181, 896182, 896183, 896184, 896197, 896198, 896199, 896206, 896276, 896277, 896286, 896287, 896288, 896289, 896298, 896299, 896300, 896309, 896393, 896394, 896399, 896400, 896401, 896402, 896413, 896414, 896415, 896424, 896496, 896497, 896502, 896503, 896504, 896505, 896514, 896515, 896516, 896523, 896602, 896603, 896612, 896613, 896614, 896615, 896652, 896653, 896654]}",,OPCUA_SLOWLORIS,True
1786341355000,1786341360000,OPCUA_SLOWLORIS,OPCUA_SLOWLORIS#c131,"[""OPCUA_SLOWLORIS""]","{""OPCUA_SLOWLORIS#c131"": [896658, 896758, 896761, 896772, 896773, 896774, 896775, 896792, 896793, 896794, 896798, 896859, 896860, 896887, 896888, 896889, 896890, 896913, 896914, 896915, 896922, 896923, 896925, 896927, 896939, 896941, 896954, 896956, 896965, 896967, 896982, 896985, 896998, 897000, 897013, 897015, 897032, 897034, 897043, 897045, 897062]}",,OPCUA_SLOWLORIS,True
1786341360000,1786341365000,benign,benign#chunk121,[],{},,,False
1786341365000,1786341370000,benign,benign#chunk121,[],{},,,False
1786341370000,1786341375000,benign,benign#chunk121,[],{},,,False
1786341375000,1786341380000,benign,benign#chunk121,[],{},,,False
1786341380000,1786341385000,benign,benign#chunk121,[],{},,,False
1786341385000,1786341390000,benign,benign#chunk121,[],{},,,False
1786341390000,1786341395000,benign,benign#chunk121,[],{},,,False
1786341395000,1786341400000,benign,benign#chunk121,[],{},,,False
1786341400000,1786341405000,benign,benign#chunk121,[],{},,,False
1786341405000,1786341410000,benign,benign#chunk122,[],{},,,False
1786341410000,1786341415000,benign,benign#chunk122,[],{},,,False
1786341415000,1786341420000,OPCUA_PROTOCOL_FUZZ,OPCUA_PROTOCOL_FUZZ#c132,"[""OPCUA_PROTOCOL_FUZZ""]","{""OPCUA_PROTOCOL_FUZZ#c132"": [902230]}",,OPCUA_PROTOCOL_FUZZ,True
1786341420000,1786341425000,OPCUA_PROTOCOL_FUZZ,OPCUA_PROTOCOL_FUZZ#c132,"[""OPCUA_PROTOCOL_FUZZ""]","{""OPCUA_PROTOCOL_FUZZ#c132"": [902481, 902522, 902570]}",,OPCUA_PROTOCOL_FUZZ,True
1786341425000,1786341430000,benign,benign#chunk122,[],{},,,False
1786341430000,1786341435000,benign,benign#chunk122,[],{},,,False
1786341435000,1786341440000,benign,benign#chunk122,[],{},,,False
1786341440000,1786341445000,benign,benign#chunk122,[],{},,,False
1786341445000,1786341450000,benign,benign#chunk122,[],{},,,False
1786341450000,1786341455000,benign,benign#chunk122,[],{},,,False
1786341455000,1786341460000,benign,benign#chunk122,[],{},,,False
1786341460000,1786341465000,benign,benign#chunk122,[],{},,,False
1786341465000,1786341470000,benign,benign#chunk122,[],{},,,False
1786341470000,1786341475000,benign,benign#chunk122,[],{},,,False
1786341475000,1786341480000,benign,benign#chunk123,[],{},,,False
1786341480000,1786341485000,OPCUA_NODE_BROWSE,OPCUA_NODE_BROWSE#c133,"[""OPCUA_NODE_BROWSE""]","{""OPCUA_NODE_BROWSE#c133"": [907516, 907518, 907521, 907523, 907541, 907555, 907559, 907561, 907563, 907565, 907567, 907569, 907571, 907573, 907575, 907577, 907579, 907581, 907583, 907585, 907587, 907589, 907591]}",,OPCUA_NODE_BROWSE,True
1786341485000,1786341490000,benign,benign#chunk123,[],{},,,False
1786341490000,1786341495000,benign,benign#chunk123,[],{},,,False
1786341495000,1786341500000,benign,benign#chunk123,[],{},,,False
1786341500000,1786341505000,benign,benign#chunk123,[],{},,,False
1786341505000,1786341510000,benign,benign#chunk123,[],{},,,False
1786341510000,1786341515000,benign,benign#chunk123,[],{},,,False
1786341515000,1786341520000,benign,benign#chunk123,[],{},,,False
1786341520000,1786341525000,benign,benign#chunk123,[],{},,,False
1786341525000,1786341530000,benign,benign#chunk123,[],{},,,False
1786341530000,1786341535000,benign,benign#chunk123,[],{},,,False
1786341535000,1786341540000,benign,benign#chunk123,[],{},,,False
1786341540000,1786341545000,OPCUA_SESSION_BURST,OPCUA_SESSION_BURST#c134,"[""OPCUA_SESSION_BURST""]","{""OPCUA_SESSION_BURST#c134"": [912813, 912819, 912823, 912825, 912828, 912830, 912844, 912860, 912945, 912948, 912950, 912952, 912955, 912957, 912983, 912997]}",,OPCUA_SESSION_BURST,True
1786341545000,1786341550000,OPCUA_SESSION_BURST,OPCUA_SESSION_BURST#c134,"[""OPCUA_SESSION_BURST""]","{""OPCUA_SESSION_BURST#c134"": [913043, 913046, 913048, 913050, 913053, 913055, 913069, 913083, 913160, 913163, 913165, 913167, 913170, 913172, 913190, 913204, 913271, 913274, 913276, 913280, 913283, 913285, 913299, 913313]}",,OPCUA_SESSION_BURST,True
1786341550000,1786341555000,benign,benign#chunk124,[],{},,OPCUA_SESSION_BURST,False
1786341555000,1786341560000,benign,benign#chunk124,[],{},,,False
1786341560000,1786341565000,benign,benign#chunk124,[],{},,,False
1786341565000,1786341570000,benign,benign#chunk124,[],{},,,False
1786341570000,1786341575000,benign,benign#chunk124,[],{},,,False
1786341575000,1786341580000,benign,benign#chunk124,[],{},,,False
1786341580000,1786341585000,benign,benign#chunk124,[],{},,,False
1786341585000,1786341590000,benign,benign#chunk124,[],{},,,False
1786341590000,1786341595000,benign,benign#chunk124,[],{},,,False
1786341595000,1786341600000,benign,benign#chunk124,[],{},,,False
1786341600000,1786341605000,benign,benign#chunk124,[],{},,,False
1786341605000,1786341610000,benign,benign#chunk124,[],{},,,False
1786341610000,1786341615000,OPCUA_BEHAVIORAL_PROFILING,OPCUA_BEHAVIORAL_PROFILING#c135,"[""OPCUA_BEHAVIORAL_PROFILING""]","{""OPCUA_BEHAVIORAL_PROFILING#c135"": [918639, 918641, 918646, 918648, 918658, 918659, 918674, 918688, 918690, 918692, 918694, 918696, 918781, 918789, 918884, 918973]}",,OPCUA_BEHAVIORAL_PROFILING,True
1786341615000,1786341620000,OPCUA_BEHAVIORAL_PROFILING,OPCUA_BEHAVIORAL_PROFILING#c135,"[""OPCUA_BEHAVIORAL_PROFILING""]","{""OPCUA_BEHAVIORAL_PROFILING#c135"": [919056, 919133, 919216, 919288, 919293]}",,OPCUA_BEHAVIORAL_PROFILING,True
1786341620000,1786341625000,OPCUA_BEHAVIORAL_PROFILING,OPCUA_BEHAVIORAL_PROFILING#c135,"[""OPCUA_BEHAVIORAL_PROFILING""]","{""OPCUA_BEHAVIORAL_PROFILING#c135"": [919422, 919597, 919656, 919681, 919750, 919827, 919895]}",,OPCUA_BEHAVIORAL_PROFILING,True
1786341625000,1786341630000,OPCUA_BEHAVIORAL_PROFILING,OPCUA_BEHAVIORAL_PROFILING#c135,"[""OPCUA_BEHAVIORAL_PROFILING""]","{""OPCUA_BEHAVIORAL_PROFILING#c135"": [919909, 920051, 920163, 920263, 920268, 920378]}",,OPCUA_BEHAVIORAL_PROFILING,True
1786341630000,1786341635000,OPCUA_BEHAVIORAL_PROFILING,OPCUA_BEHAVIORAL_PROFILING#c135,"[""OPCUA_BEHAVIORAL_PROFILING""]","{""OPCUA_BEHAVIORAL_PROFILING#c135"": [920459, 920544, 920627, 920716, 920777]}",,OPCUA_BEHAVIORAL_PROFILING,True
1786341635000,1786341640000,OPCUA_BEHAVIORAL_PROFILING,OPCUA_BEHAVIORAL_PROFILING#c135,"[""OPCUA_BEHAVIORAL_PROFILING""]","{""OPCUA_BEHAVIORAL_PROFILING#c135"": [920824, 920924, 920934, 921009, 921089, 921170, 921178]}",,OPCUA_BEHAVIORAL_PROFILING,True
1786341640000,1786341645000,OPCUA_BEHAVIORAL_PROFILING,OPCUA_BEHAVIORAL_PROFILING#c135,"[""OPCUA_BEHAVIORAL_PROFILING""]","{""OPCUA_BEHAVIORAL_PROFILING#c135"": [921250, 921349, 921443, 921470, 921545, 921625]}",,OPCUA_BEHAVIORAL_PROFILING,True
1786341645000,1786341650000,OPCUA_BEHAVIORAL_PROFILING,OPCUA_BEHAVIORAL_PROFILING#c135,"[""OPCUA_BEHAVIORAL_PROFILING""]","{""OPCUA_BEHAVIORAL_PROFILING#c135"": [921659, 921669, 921749, 921833, 921916, 921985]}",,OPCUA_BEHAVIORAL_PROFILING,True
1786341650000,1786341655000,OPCUA_BEHAVIORAL_PROFILING,OPCUA_BEHAVIORAL_PROFILING#c135,"[""OPCUA_BEHAVIORAL_PROFILING""]","{""OPCUA_BEHAVIORAL_PROFILING#c135"": [922062, 922066, 922068]}",,OPCUA_BEHAVIORAL_PROFILING,True
1786341655000,1786341660000,benign,benign#chunk125,[],{},,,False
1786341660000,1786341665000,benign,benign#chunk125,[],{},,,False
1786341665000,1786341670000,benign,benign#chunk125,[],{},,,False
1786341670000,1786341675000,benign,benign#chunk125,[],{},,,False
1786341675000,1786341680000,benign,benign#chunk125,[],{},,,False
1786341680000,1786341685000,benign,benign#chunk125,[],{},,,False
1786341685000,1786341690000,benign,benign#chunk125,[],{},,,False
1786341690000,1786341695000,benign,benign#chunk125,[],{},,,False
1786341695000,1786341700000,benign,benign#chunk125,[],{},,,False
1786341700000,1786341705000,benign,benign#chunk125,[],{},,,False
1786341705000,1786341710000,benign,benign#chunk125,[],{},,,False
1786341710000,1786341715000,OPCUA_SLOWLORIS,OPCUA_SLOWLORIS#c136,"[""OPCUA_SLOWLORIS""]","{""OPCUA_SLOWLORIS#c136"": [927323, 927325, 927328, 927333, 927347, 927361, 927364, 927370, 927386, 927406, 927411, 927421, 927435, 927449, 927452, 927457, 927472, 927486, 927489, 927496, 927511, 927531, 927534, 927539, 927555, 927569, 927572, 927577, 927594, 927604, 927613, 927619, 927633, 927651, 927654, 927660, 927674, 927688, 927693, 927699, 927717, 927731, 927738, 927741, 927743, 927744, 927768, 927788, 927808, 927812, 927816, 927819, 927821, 927823, 927826, 927878, 927881, 927887, 927890, 927894, 927897, 927900, 927905, 927909, 927912, 927974, 927998, 928008, 928011, 928017, 928022, 928024, 928038, 928039, 928044, 928122, 928141, 928142, 928149, 928154, 928157, 928159, 928165, 928166, 928169, 928236, 928243, 928244, 928248, 928254, 928257, 928258, 928269, 928270, 928271]}",,OPCUA_SLOWLORIS,True
1786341715000,1786341720000,OPCUA_SLOWLORIS,OPCUA_SLOWLORIS#c136,"[""OPCUA_SLOWLORIS""]","{""OPCUA_SLOWLORIS#c136"": [928347, 928356, 928357, 928360, 928373, 928377, 928378, 928392, 928393, 928394, 928449, 928470, 928471, 928476, 928483, 928485, 928486, 928494, 928495, 928496, 928529, 928556, 928557, 928576, 928587, 928588, 928589, 928598, 928599, 928600, 928634, 928636, 928637, 928645, 928682, 928683, 928684, 928697, 928698, 928699, 928732, 928733, 928734, 928743, 928746, 928747, 928748, 928793, 928794, 928795]}",,OPCUA_SLOWLORIS,True
1786341720000,1786341725000,OPCUA_SLOWLORIS,OPCUA_SLOWLORIS#c136,"[""OPCUA_SLOWLORIS""]","{""OPCUA_SLOWLORIS#c136"": [928836, 928837, 928838, 928847, 928850, 928851, 928852, 928887, 928888, 928889, 928956, 928957, 928958, 928969, 928983, 928984, 928985, 928994, 928995, 928996, 929082, 929083, 929084, 929102, 929105, 929106, 929107, 929131, 929132, 929133, 929227, 929228, 929229, 929242, 929243, 929244, 929245, 929260, 929261, 929262, 929327, 929328, 929329, 929342, 929343, 929344, 929345, 929367, 929368, 929369]}",,OPCUA_SLOWLORIS,True
1786341725000,1786341730000,OPCUA_SLOWLORIS,OPCUA_SLOWLORIS#c136,"[""OPCUA_SLOWLORIS""]","{""OPCUA_SLOWLORIS#c136"": [929437, 929438, 929439, 929448, 929449, 929450, 929451, 929470, 929471, 929472, 929546, 929547, 929548, 929559, 929562, 929563, 929564, 929575, 929576, 929577, 929648, 929649, 929650, 929678, 929679, 929680, 929681, 929692, 929693, 929694, 929725, 929726, 929727, 929774, 929775, 929776, 929777, 929792, 929793, 929794, 929827, 929828, 929829, 929838, 929839, 929840, 929841, 929880, 929881, 929882]}",,OPCUA_SLOWLORIS,True
1786341730000,1786341735000,OPCUA_SLOWLORIS,OPCUA_SLOWLORIS#c136,"[""OPCUA_SLOWLORIS""]","{""OPCUA_SLOWLORIS#c136"": [929927, 929928, 929929, 929944, 929945, 929946, 929947, 929956, 929957, 929958, 929989, 929995, 930001, 930007, 930013, 930015, 930017, 930019, 930021, 930025, 930069, 930070, 930071, 930080, 930081, 930082, 930083, 930102, 930103, 930104, 930311, 930313, 930314, 930329, 930330, 930331, 930332, 930341, 930342, 930343, 930433, 930434, 930435, 930444, 930445, 930446, 930447, 930458, 930459, 930460, 930530, 930531, 930532, 930545, 930546, 930547, 930548, 930557, 930558, 930559]}",,OPCUA_SLOWLORIS,True
1786341735000,1786341740000,OPCUA_SLOWLORIS,OPCUA_SLOWLORIS#c136,"[""OPCUA_SLOWLORIS""]","{""OPCUA_SLOWLORIS#c136"": [930651, 930652, 930653, 930666, 930667, 930668, 930669, 930679, 930680, 930681, 930759, 930760, 930761, 930770, 930771, 930772, 930773, 930783, 930784, 930785, 930863, 930864, 930865, 930874, 930875, 930876, 930877, 930886, 930887, 930888, 930961, 930962, 930963, 930974, 930975, 930976, 930977, 930986, 930987, 930988, 931026, 931027, 931028, 931071, 931072, 931073, 931074, 931112, 931113, 931114]}",,OPCUA_SLOWLORIS,True
1786341740000,1786341745000,OPCUA_SLOWLORIS,OPCUA_SLOWLORIS#c136,"[""OPCUA_SLOWLORIS""]","{""OPCUA_SLOWLORIS#c136"": [931302, 931303, 931304, 931319, 931320, 931321, 931324, 931387, 931388, 931389, 931464, 931465, 931466, 931477, 931478, 931479, 931480, 931491, 931492, 931493, 931579, 931580, 931581, 931592, 931593, 931594, 931595, 931604, 931605, 931606, 931677, 931678, 931679, 931696, 931697, 931698, 931699, 931708, 931709, 931710, 931784, 931785, 931786, 931793, 931794, 931795, 931796, 931807, 931808, 931809]}",,OPCUA_SLOWLORIS,True
1786341745000,1786341750000,OPCUA_SLOWLORIS,OPCUA_SLOWLORIS#c136,"[""OPCUA_SLOWLORIS""]","{""OPCUA_SLOWLORIS#c136"": [931892, 931893, 931894, 931903, 931904, 931905, 931906, 931919, 931920, 931921, 931998, 931999, 932000, 932009, 932010, 932011, 932012, 932023, 932025, 932026, 932120, 932121, 932122, 932129, 932130, 932131, 932132, 932143, 932144, 932145, 932205, 932206, 932207, 932242, 932243, 932244, 932245, 932258, 932259, 932260, 932289, 932290, 932291, 932336, 932339, 932340, 932341, 932354, 932355, 932356]}",,OPCUA_SLOWLORIS,True
1786341750000,1786341755000,OPCUA_SLOWLORIS,OPCUA_SLOWLORIS#c136,"[""OPCUA_SLOWLORIS""]","{""OPCUA_SLOWLORIS#c136"": [932408, 932409, 932410, 932429, 932430, 932431, 932432, 932471, 932472, 932473, 932488, 932490, 932492, 932506, 932508, 932517, 932519, 932534, 932536, 932550, 932552, 932570, 932572, 932581, 932583, 932597, 932599, 932608, 932610, 932623]}",,OPCUA_SLOWLORIS,True
1786341755000,1786341760000,benign,benign#chunk125,[],{},,,False
1786341760000,1786341765000,benign,benign#chunk126,[],{},,,False
1786341765000,1786341770000,benign,benign#chunk126,[],{},,,False
1786341770000,1786341775000,benign,benign#chunk126,[],{},,,False
1786341775000,1786341780000,benign,benign#chunk126,[],{},,,False
1786341780000,1786341785000,benign,benign#chunk126,[],{},,,False
1786341785000,1786341790000,benign,benign#chunk126,[],{},,,False
1786341790000,1786341795000,benign,benign#chunk126,[],{},,,False
1786341795000,1786341800000,benign,benign#chunk126,[],{},,,False
1786341800000,1786341805000,benign,benign#chunk126,[],{},,,False
1786341805000,1786341810000,benign,benign#chunk126,[],{},,,False
1786341810000,1786341815000,OPCUA_ENDPOINT_DISCOVERY,OPCUA_ENDPOINT_DISCOVERY#c137,"[""OPCUA_ENDPOINT_DISCOVERY""]","{""OPCUA_ENDPOINT_DISCOVERY#c137"": [937506, 937508, 937511, 937516, 937534, 937548, 937553]}",,OPCUA_ENDPOINT_DISCOVERY,True
1786341815000,1786341820000,benign,benign#chunk126,[],{},,,False
1786341820000,1786341825000,benign,benign#chunk126,[],{},,,False
1786341825000,1786341830000,benign,benign#chunk127,[],{},,,False
1786341830000,1786341835000,benign,benign#chunk127,[],{},,,False
1786341835000,1786341840000,benign,benign#chunk127,[],{},,,False
1786341840000,1786341845000,benign,benign#chunk127,[],{},,,True
1786341845000,1786341850000,benign,benign#chunk127,[],{},,,False
1786341850000,1786341855000,benign,benign#chunk127,[],{},,,False
1786341855000,1786341860000,benign,benign#chunk127,[],{},,,False
1786341860000,1786341865000,benign,benign#chunk127,[],{},,,False
1786341865000,1786341870000,benign,benign#chunk127,[],{},,,False
1786341870000,1786341875000,OPCUA_READ_SCRAPING,OPCUA_READ_SCRAPING#c138,"[""OPCUA_READ_SCRAPING""]","{""OPCUA_READ_SCRAPING#c138"": [942607, 942609, 942612, 942614, 942638, 942652, 942658, 942660, 942662, 942665, 942667, 942669, 942671, 942673, 942675, 942690, 942692, 942694, 942696, 942698, 942700, 942703, 942705, 942707, 942709, 942711, 942713, 942725, 942727, 942729, 942731, 942733, 942735, 942778, 942782, 942784, 942786, 942788, 942790, 942799, 942801, 942803, 942805, 942807, 942809, 942812, 942814, 942816, 942818, 942820, 942822, 942825, 942831, 942833, 942835, 942837, 942839, 942844, 942846, 942848, 942850, 942852, 942856, 942863, 942865, 942867, 942869, 942871, 942873, 942875, 942878, 942880, 942882, 942884, 942886, 942888, 942893, 942895, 942897, 942899, 942901, 942903, 942916, 942918, 942920, 942922, 942924, 942926, 942931, 942933, 942935, 942937, 942939, 942941, 942946, 942948, 942950, 942952, 942954, 942956, 942963, 942965, 942967, 942969, 942971, 942973, 943014, 943016, 943018, 943020, 943022, 943026, 943033, 943035, 943037, 943039, 943041, 943043, 943046, 943048, 943050, 943054, 943062, 943064, 943072, 943075, 943077, 943079, 943081, 943083, 943108, 943110, 943112, 943114, 943115, 943120, 943122, 943125, 943127, 943129, 943131, 943133, 943137, 943140, 943142, 943144, 943146, 943148, 943154, 943159, 943161, 943163, 943165, 943167, 943169, 943172, 943174, 943176, 943178, 943189, 943191, 943194, 943196, 943198, 943200, 943202, 943206, 943211, 943213, 943215, 943217, 943219, 943221, 943228, 943230, 943232, 943236, 943242, 943252, 943277, 943279, 943283, 943285, 943287, 943291, 943302, 943304, 943306, 943308, 943310, 943312, 943319, 943321, 943323, 943325, 943327, 943329, 943332, 943333, 943338, 943340, 943342, 943344, 943346, 943349, 943351, 943353, 943355, 943357, 943359, 943362, 943368, 943370, 943372, 943374, 943376, 943381, 943383, 943385, 943389, 943391, 943393, 943396, 943398, 943400, 943402, 943404, 943406, 943413, 943415, 943417, 943419, 943421, 943423, 943426, 943428, 943430, 943432, 943434, 943438, 943447, 943451, 943453, 943455, 943457, 943459, 943462, 943464, 943466, 943468, 943470, 943472, 943515, 943517, 943523, 943525, 943527, 943529, 943534, 943536, 943538, 943540, 943542, 943544, 943548, 943550, 943552, 943554]}",,OPCUA_READ_SCRAPING,True
1786341875000,1786341880000,OPCUA_READ_SCRAPING,OPCUA_READ_SCRAPING#c138,"[""OPCUA_READ_SCRAPING""]","{""OPCUA_READ_SCRAPING#c138"": [943556, 943558, 943560, 943563, 943565, 943567, 943569, 943571, 943573, 943580, 943582, 943584, 943586, 943588, 943591, 943595, 943597, 943599, 943601, 943603, 943605, 943612, 943614, 943616, 943618, 943620, 943622, 943629, 943631, 943633, 943635, 943637, 943643, 943648, 943650, 943652, 943654, 943656, 943658, 943663, 943665, 943667, 943669, 943671, 943673, 943686, 943688, 943690, 943692, 943694, 943698, 943701, 943705, 943711, 943717, 943723, 943729, 943746, 943750, 943754, 943756, 943758, 943760, 943766, 943768, 943770, 943772, 943774, 943776, 943778, 943781, 943783, 943785, 943787, 943789, 943791, 943807, 943809, 943811, 943813, 943817, 943819, 943824, 943826, 943828, 943830, 943832, 943834, 943845, 943847, 943849, 943851, 943856, 943858, 943866, 943868, 943870, 943872, 943874, 943876, 943883, 943885, 943887, 943889, 943891, 943893, 943896, 943898, 943900, 943902, 943904, 943906, 943925, 943929, 943931, 943933, 943937, 943939, 943942, 943944, 943946, 943948, 943950, 943952, 943957, 943959, 943963, 943973, 943977, 943979, 943983, 943987, 943989, 943993, 943999, 944005, 944011, 944024, 944026, 944028, 944030, 944032, 944034, 944043, 944045, 944051, 944053, 944055, 944057, 944066, 944068, 944070, 944072, 944074, 944076, 944082, 944084, 944086, 944088, 944090, 944092, 944101, 944103, 944105, 944107, 944109, 944111, 944118, 944120, 944122, 944124, 944126, 944128, 944131, 944133, 944135, 944137, 944139, 944141, 944150, 944152, 944154, 944156, 944158, 944160, 944165, 944167, 944169, 944171, 944175, 944177, 944180, 944182, 944184, 944186, 944188, 944190, 944193, 944194, 944197, 944201, 944203, 944205, 944207, 944210, 944212, 944214, 944216, 944218, 944220, 944255, 944259, 944267, 944269, 944271, 944273, 944284, 944286, 944288, 944290, 944292, 944294, 944299, 944301, 944303, 944305, 944307, 944309, 944317, 944319, 944321, 944323, 944325, 944327, 944330, 944334, 944336, 944338, 944340, 944342, 944345, 944347, 944349, 944351, 944353, 944355, 944358, 944360, 944362, 944364, 944366, 944370, 944381, 944383, 944385, 944387, 944389, 944391, 944394, 944396, 944398, 944402, 944404, 944406, 944411, 944412, 944415, 944419, 944421, 944423, 944425, 944432, 944434, 944436, 944438, 944440, 944442, 944445, 944447, 944449, 944451, 944455, 944459, 944480, 944482, 944484, 944490, 944494, 944500, 944517, 944519, 944521, 944523, 944525, 944527, 944536, 944538, 944540, 944542, 944544, 944546, 944551, 944553, 944555, 944557, 944559, 944561, 944564, 944566, 944568, 944570, 944572, 944574, 944581, 944583, 944585, 944587, 944589, 944591, 944598, 944600, 944602, 944604, 944606, 944608, 944620, 944622, 944624, 944626, 944628, 944630, 944634]}",,OPCUA_READ_SCRAPING,True
1786341880000,1786341885000,OPCUA_READ_SCRAPING,OPCUA_READ_SCRAPING#c138,"[""OPCUA_READ_SCRAPING""]","{""OPCUA_READ_SCRAPING#c138"": [944641, 944643, 944645, 944647, 944649, 944651, 944654, 944656, 944658, 944660, 944662, 944666, 944669, 944671]}",,OPCUA_READ_SCRAPING,True
1786341885000,1786341890000,benign,benign#chunk127,[],{},,,False
1786341890000,1786341895000,benign,benign#chunk127,[],{},,,False
1786341895000,1786341900000,benign,benign#chunk127,[],{},,,False
1786341900000,1786341905000,benign,benign#chunk128,[],{},,,True
1786341905000,1786341910000,benign,benign#chunk128,[],{},,,False
1786341910000,1786341915000,benign,benign#chunk128,[],{},,,False
1786341915000,1786341920000,benign,benign#chunk128,[],{},,,False
1786341920000,1786341925000,benign,benign#chunk128,[],{},,,False
1786341925000,1786341930000,benign,benign#chunk128,[],{},,,False
1786341930000,1786341935000,benign,benign#chunk128,[],{},,,True
1786341935000,1786341940000,benign,benign#chunk128,[],{},,,False
1786341940000,1786341945000,OPCUA_SESSION_BURST,OPCUA_SESSION_BURST#c139,"[""OPCUA_SESSION_BURST""]","{""OPCUA_SESSION_BURST#c139"": [949745, 949748, 949752, 949754, 949757, 949759, 949773, 949787, 949865, 949868, 949870, 949874, 949877, 949879, 949893, 949903, 949949, 949952, 949954, 949956, 949959, 949961, 949975, 949989, 950068, 950071, 950073, 950075, 950078, 950082, 950096, 950110, 950151, 950154, 950156, 950158, 950161, 950163, 950181, 950195]}",,OPCUA_SESSION_BURST,True
1786341945000,1786341950000,benign,benign#chunk128,[],{},,OPCUA_SESSION_BURST,False
1786341950000,1786341955000,benign,benign#chunk128,[],{},,OPCUA_SESSION_BURST,False
1786341955000,1786341960000,benign,benign#chunk128,[],{},,,False
1786341960000,1786341965000,benign,benign#chunk128,[],{},,,True
1786341965000,1786341970000,benign,benign#chunk129,[],{},,,False
1786341970000,1786341975000,benign,benign#chunk129,[],{},,,False
1786341975000,1786341980000,benign,benign#chunk129,[],{},,,False
1786341980000,1786341985000,benign,benign#chunk129,[],{},,,False
1786341985000,1786341990000,benign,benign#chunk129,[],{},,,False
1786341990000,1786341995000,benign,benign#chunk129,[],{},,,True
1786341995000,1786342000000,benign,benign#chunk129,[],{},,,False
1786342000000,1786342005000,benign,benign#chunk129,[],{},,,False
1786342005000,1786342010000,benign,benign#chunk129,[],{},,,False
1786342010000,1786342015000,OPCUA_BEHAVIORAL_PROFILING,OPCUA_BEHAVIORAL_PROFILING#c140,"[""OPCUA_BEHAVIORAL_PROFILING""]","{""OPCUA_BEHAVIORAL_PROFILING#c140"": [955590, 955598, 955601, 955605, 955623, 955624, 955627, 955641, 955643, 955645, 955647, 955649, 955687, 955703, 955771, 955893, 955897, 955986]}",,OPCUA_BEHAVIORAL_PROFILING,True
1786342015000,1786342020000,OPCUA_BEHAVIORAL_PROFILING,OPCUA_BEHAVIORAL_PROFILING#c140,"[""OPCUA_BEHAVIORAL_PROFILING""]","{""OPCUA_BEHAVIORAL_PROFILING#c140"": [956071, 956168, 956169, 956245, 956326, 956404, 956407]}",,OPCUA_BEHAVIORAL_PROFILING,True
1786342020000,1786342025000,OPCUA_BEHAVIORAL_PROFILING,OPCUA_BEHAVIORAL_PROFILING#c140,"[""OPCUA_BEHAVIORAL_PROFILING""]","{""OPCUA_BEHAVIORAL_PROFILING#c140"": [956508, 956566, 956647, 956648, 956747, 956828]}",,OPCUA_BEHAVIORAL_PROFILING,True
1786342025000,1786342030000,OPCUA_BEHAVIORAL_PROFILING,OPCUA_BEHAVIORAL_PROFILING#c140,"[""OPCUA_BEHAVIORAL_PROFILING""]","{""OPCUA_BEHAVIORAL_PROFILING#c140"": [956915, 957018, 957095, 957177, 957252]}",,OPCUA_BEHAVIORAL_PROFILING,True
1786342030000,1786342035000,OPCUA_BEHAVIORAL_PROFILING,OPCUA_BEHAVIORAL_PROFILING#c140,"[""OPCUA_BEHAVIORAL_PROFILING""]","{""OPCUA_BEHAVIORAL_PROFILING#c140"": [957319, 957324, 957408, 957570, 957642, 957643, 957733]}",,OPCUA_BEHAVIORAL_PROFILING,True
1786342035000,1786342040000,OPCUA_BEHAVIORAL_PROFILING,OPCUA_BEHAVIORAL_PROFILING#c140,"[""OPCUA_BEHAVIORAL_PROFILING""]","{""OPCUA_BEHAVIORAL_PROFILING#c140"": [957829, 958098, 958099, 958197, 958269, 958342, 958349]}",,OPCUA_BEHAVIORAL_PROFILING,True
1786342040000,1786342045000,OPCUA_BEHAVIORAL_PROFILING,OPCUA_BEHAVIORAL_PROFILING#c140,"[""OPCUA_BEHAVIORAL_PROFILING""]","{""OPCUA_BEHAVIORAL_PROFILING#c140"": [958528, 958598, 958680, 958751, 958857]}",,OPCUA_BEHAVIORAL_PROFILING,True
1786342045000,1786342050000,OPCUA_BEHAVIORAL_PROFILING,OPCUA_BEHAVIORAL_PROFILING#c140,"[""OPCUA_BEHAVIORAL_PROFILING""]","{""OPCUA_BEHAVIORAL_PROFILING#c140"": [958945, 959056, 959137, 959147, 959223, 959227, 959229]}",,OPCUA_BEHAVIORAL_PROFILING,True
1786342050000,1786342055000,benign,benign#chunk129,[],{},,,True
1786342055000,1786342060000,benign,benign#chunk129,[],{},,,False
1786342060000,1786342065000,benign,benign#chunk129,[],{},,,False
1786342065000,1786342070000,benign,benign#chunk130,[],{},,,False
1786342070000,1786342075000,benign,benign#chunk130,[],{},,,False
1786342075000,1786342080000,benign,benign#chunk130,[],{},,,False
1786342080000,1786342085000,benign,benign#chunk130,[],{},,,True
1786342085000,1786342090000,benign,benign#chunk130,[],{},,,False
1786342090000,1786342095000,benign,benign#chunk130,[],{},,,False
1786342095000,1786342100000,benign,benign#chunk130,[],{},,,False
1786342100000,1786342105000,benign,benign#chunk130,[],{},,,False
1786342105000,1786342110000,OPCUA_BEHAVIORAL_PROFILING,OPCUA_BEHAVIORAL_PROFILING#c141,"[""OPCUA_BEHAVIORAL_PROFILING""]","{""OPCUA_BEHAVIORAL_PROFILING#c141"": [964127, 964129, 964132, 964134, 964148, 964149, 964152, 964166, 964168, 964170, 964172, 964174, 964251, 964255]}",,OPCUA_BEHAVIORAL_PROFILING,True
1786342110000,1786342115000,OPCUA_BEHAVIORAL_PROFILING,OPCUA_BEHAVIORAL_PROFILING#c141,"[""OPCUA_BEHAVIORAL_PROFILING""]","{""OPCUA_BEHAVIORAL_PROFILING#c141"": [964332, 964440, 964510, 964580, 964668]}",,OPCUA_BEHAVIORAL_PROFILING,True
1786342115000,1786342120000,OPCUA_BEHAVIORAL_PROFILING,OPCUA_BEHAVIORAL_PROFILING#c141,"[""OPCUA_BEHAVIORAL_PROFILING""]","{""OPCUA_BEHAVIORAL_PROFILING#c141"": [964744, 964745, 964822, 964920, 965001, 965002, 965083]}",,OPCUA_BEHAVIORAL_PROFILING,True
1786342120000,1786342125000,OPCUA_BEHAVIORAL_PROFILING,OPCUA_BEHAVIORAL_PROFILING#c141,"[""OPCUA_BEHAVIORAL_PROFILING""]","{""OPCUA_BEHAVIORAL_PROFILING#c141"": [965158, 965232, 965235, 965377, 965468, 965547, 965552]}",,OPCUA_BEHAVIORAL_PROFILING,True
1786342125000,1786342130000,OPCUA_BEHAVIORAL_PROFILING,OPCUA_BEHAVIORAL_PROFILING#c141,"[""OPCUA_BEHAVIORAL_PROFILING""]","{""OPCUA_BEHAVIORAL_PROFILING#c141"": [965644, 965735, 965813, 965891, 965973]}",,OPCUA_BEHAVIORAL_PROFILING,True
1786342130000,1786342135000,OPCUA_BEHAVIORAL_PROFILING,OPCUA_BEHAVIORAL_PROFILING#c141,"[""OPCUA_BEHAVIORAL_PROFILING""]","{""OPCUA_BEHAVIORAL_PROFILING#c141"": [966044, 966121, 966197, 966198, 966289, 966344]}",,OPCUA_BEHAVIORAL_PROFILING,True
1786342135000,1786342140000,OPCUA_BEHAVIORAL_PROFILING,OPCUA_BEHAVIORAL_PROFILING#c141,"[""OPCUA_BEHAVIORAL_PROFILING""]","{""OPCUA_BEHAVIORAL_PROFILING#c141"": [966416, 966418, 966520, 966609, 966687, 966690, 966772]}",,OPCUA_BEHAVIORAL_PROFILING,True
1786342140000,1786342145000,OPCUA_BEHAVIORAL_PROFILING,OPCUA_BEHAVIORAL_PROFILING#c141,"[""OPCUA_BEHAVIORAL_PROFILING""]","{""OPCUA_BEHAVIORAL_PROFILING#c141"": [966857, 966955, 966959, 967033, 967108, 967179]}",,OPCUA_BEHAVIORAL_PROFILING,True
1786342145000,1786342150000,OPCUA_BEHAVIORAL_PROFILING,OPCUA_BEHAVIORAL_PROFILING#c141,"[""OPCUA_BEHAVIORAL_PROFILING""]","{""OPCUA_BEHAVIORAL_PROFILING#c141"": [967238, 967313, 967317, 967319]}",,OPCUA_BEHAVIORAL_PROFILING,True
1786342150000,1786342155000,benign,benign#chunk130,[],{},,,False
1786342155000,1786342160000,benign,benign#chunk130,[],{},,,False
1786342160000,1786342165000,benign,benign#chunk130,[],{},,,False
1786342165000,1786342170000,benign,benign#chunk130,[],{},,,False
1786342170000,1786342175000,benign,benign#chunk131,[],{},,,True
1786342175000,1786342180000,benign,benign#chunk131,[],{},,,False
1786342180000,1786342185000,benign,benign#chunk131,[],{},,,False
1786342185000,1786342190000,benign,benign#chunk131,[],{},,,False
1786342190000,1786342195000,benign,benign#chunk131,[],{},,,False
1786342195000,1786342200000,benign,benign#chunk131,[],{},,,False
1786342200000,1786342205000,benign,benign#chunk131,[],{},,,True
1786342205000,1786342210000,OPCUA_WRITE_DENIED,OPCUA_WRITE_DENIED#c142,"[""OPCUA_WRITE_DENIED""]","{""OPCUA_WRITE_DENIED#c142"": [972121, 972123, 972126, 972128, 972144, 972160, 972170]}",,OPCUA_WRITE_DENIED,True
1786342210000,1786342215000,benign,benign#chunk131,[],{},,,False
1786342215000,1786342220000,benign,benign#chunk131,[],{},,,False
1786342220000,1786342225000,benign,benign#chunk131,[],{},,,False
1786342225000,1786342230000,benign,benign#chunk131,[],{},,,False
1786342230000,1786342235000,benign,benign#chunk131,[],{},,,True
1786342235000,1786342240000,benign,benign#chunk132,[],{},,,False
1786342240000,1786342245000,benign,benign#chunk132,[],{},,,False
1786342245000,1786342250000,benign,benign#chunk132,[],{},,,False
1786342250000,1786342255000,benign,benign#chunk132,[],{},,,False
1786342255000,1786342260000,benign,benign#chunk132,[],{},,,False
1786342260000,1786342265000,benign,benign#chunk132,[],{},,,True
1786342265000,1786342270000,OPCUA_PROTOCOL_FUZZ,OPCUA_PROTOCOL_FUZZ#c143,"[""OPCUA_PROTOCOL_FUZZ""]","{""OPCUA_PROTOCOL_FUZZ#c143"": [977350, 977544]}",,OPCUA_PROTOCOL_FUZZ,True
1786342270000,1786342275000,OPCUA_PROTOCOL_FUZZ,OPCUA_PROTOCOL_FUZZ#c143,"[""OPCUA_PROTOCOL_FUZZ""]","{""OPCUA_PROTOCOL_FUZZ#c143"": [977610, 977635]}",,OPCUA_PROTOCOL_FUZZ,True
1786342275000,1786342280000,benign,benign#chunk132,[],{},,,False
1786342280000,1786342285000,benign,benign#chunk132,[],{},,,False
1786342285000,1786342290000,benign,benign#chunk132,[],{},,,False
1786342290000,1786342295000,benign,benign#chunk132,[],{},,,True
1786342295000,1786342300000,benign,benign#chunk132,[],{},,,False
1786342300000,1786342305000,benign,benign#chunk132,[],{},,,False
1786342305000,1786342310000,benign,benign#chunk133,[],{},,,False
1786342310000,1786342315000,benign,benign#chunk133,[],{},,,False
1786342315000,1786342320000,benign,benign#chunk133,[],{},,,False
1786342320000,1786342325000,benign,benign#chunk133,[],{},,,True
1786342325000,1786342330000,benign,benign#chunk133,[],{},,,False
1786342330000,1786342335000,OPCUA_WRITE_DENIED,OPCUA_WRITE_DENIED#c144,"[""OPCUA_WRITE_DENIED""]","{""OPCUA_WRITE_DENIED#c144"": [982567, 982572, 982575, 982579, 982593, 982614, 982616]}",,OPCUA_WRITE_DENIED,True
1786342335000,1786342340000,benign,benign#chunk133,[],{},,,False
1786342340000,1786342345000,benign,benign#chunk133,[],{},,,False
1786342345000,1786342350000,benign,benign#chunk133,[],{},,,False
1786342350000,1786342355000,benign,benign#chunk133,[],{},,,True
1786342355000,1786342360000,benign,benign#chunk133,[],{},,,False
1786342360000,1786342365000,benign,benign#chunk133,[],{},,,False
1786342365000,1786342370000,benign,benign#chunk133,[],{},,,False
1786342370000,1786342375000,benign,benign#chunk134,[],{},,,False
1786342375000,1786342380000,benign,benign#chunk134,[],{},,,False
1786342380000,1786342385000,benign,benign#chunk134,[],{},,,True
1786342385000,1786342390000,benign,benign#chunk134,[],{},,,False
1786342390000,1786342395000,OPCUA_SESSION_BURST,OPCUA_SESSION_BURST#c145,"[""OPCUA_SESSION_BURST""]","{""OPCUA_SESSION_BURST#c145"": [987735, 987738, 987740, 987742, 987745, 987747, 987761, 987779, 987810, 987813, 987821, 987827, 987830, 987836, 987859, 987877, 987946, 987949, 987951, 987953, 987958, 987972, 987986, 987988, 988053, 988057, 988059, 988061, 988066, 988068, 988086, 988100]}",,OPCUA_SESSION_BURST,True
1786342395000,1786342400000,OPCUA_SESSION_BURST,OPCUA_SESSION_BURST#c145,"[""OPCUA_SESSION_BURST""]","{""OPCUA_SESSION_BURST#c145"": [988175, 988178, 988180, 988182, 988185, 988187, 988203, 988217]}",,OPCUA_SESSION_BURST,True
1786342400000,1786342405000,benign,benign#chunk134,[],{},,OPCUA_SESSION_BURST,False
1786342405000,1786342410000,benign,benign#chunk134,[],{},,,False
1786342410000,1786342415000,benign,benign#chunk134,[],{},,,True
1786342415000,1786342420000,benign,benign#chunk134,[],{},,,False
1786342420000,1786342425000,benign,benign#chunk134,[],{},,,False
1786342425000,1786342430000,benign,benign#chunk134,[],{},,,False
1786342430000,1786342435000,benign,benign#chunk134,[],{},,,False
1786342435000,1786342440000,benign,benign#chunk134,[],{},,,False
1786342440000,1786342445000,benign,benign#chunk135,[],{},,,True
1786342445000,1786342450000,benign,benign#chunk135,[],{},,,False
1786342450000,1786342455000,benign,benign#chunk135,[],{},,,False
1786342455000,1786342460000,benign,benign#chunk135,[],{},,,False
1786342460000,1786342465000,OPCUA_NODE_BROWSE,OPCUA_NODE_BROWSE#c146,"[""OPCUA_NODE_BROWSE""]","{""OPCUA_NODE_BROWSE#c146"": [993805, 993807, 993810, 993812, 993826, 993840, 993842, 993844, 993846, 993848, 993850, 993852, 993854, 993856, 993858, 993860, 993862, 993864, 993866, 993868, 993870, 993872]}",,OPCUA_NODE_BROWSE,True
1786342465000,1786342470000,benign,benign#chunk135,[],{},,,False
1786342470000,1786342475000,benign,benign#chunk135,[],{},,,True
1786342475000,1786342480000,benign,benign#chunk135,[],{},,,False
1786342480000,1786342485000,benign,benign#chunk135,[],{},,,False
1786342485000,1786342490000,benign,benign#chunk135,[],{},,,False
1786342490000,1786342495000,benign,benign#chunk135,[],{},,,False
1786342495000,1786342500000,benign,benign#chunk135,[],{},,,False
1786342500000,1786342505000,benign,benign#chunk135,[],{},,,True
1786342505000,1786342510000,benign,benign#chunk136,[],{},,,False
1786342510000,1786342515000,benign,benign#chunk136,[],{},,,False
1786342515000,1786342520000,benign,benign#chunk136,[],{},,,False
1786342520000,1786342525000,OPCUA_READ_SCRAPING,OPCUA_READ_SCRAPING#c147,"[""OPCUA_READ_SCRAPING""]","{""OPCUA_READ_SCRAPING#c147"": [998823, 998828, 998830, 998844, 998858, 998860, 998862, 998864, 998867, 998869, 998871, 998873, 998875, 998877, 998894, 998900, 998906, 998912, 998918, 998924, 998941, 998943, 998945, 998947, 998951, 998953, 998956, 998958, 998960, 998962, 998968, 998970, 998977, 998979, 998981, 998983, 998985, 998987, 998994, 998996, 998998, 999000, 999002, 999004, 999007, 999009, 999011, 999013, 999015, 999017, 999024, 999026, 999028, 999030, 999032, 999036, 999041, 999043, 999045, 999047, 999051, 999055, 999058, 999060, 999062, 999064, 999066, 999068, 999070, 999072, 999074, 999076, 999078, 999080, 999084, 999087, 999089, 999091, 999093, 999095, 999097, 999104, 999106, 999108, 999110, 999112, 999114, 999153, 999157, 999159, 999161, 999163, 999165, 999174, 999176, 999178, 999180, 999182, 999184, 999195, 999197, 999199, 999201, 999203, 999205, 999210, 999212, 999214, 999216, 999218, 999220, 999223, 999225, 999227, 999229, 999231, 999233, 999249, 999251, 999253, 999255, 999257, 999259, 999264, 999266, 999268, 999278, 999290, 999296, 999299, 999301, 999303, 999307, 999309, 999311, 999313, 999316, 999320, 999322, 999324, 999326, 999328, 999331, 999333, 999335, 999337, 999343, 999345, 999352, 999354, 999356, 999358, 999360, 999362, 999365, 999371, 999377, 999385, 999391, 999397, 999418, 999428, 999430, 999432, 999438, 999440, 999443, 999445, 999447, 999449, 999451, 999453, 999456, 999458, 999460, 999462, 999464, 999466, 999469, 999471, 999473, 999475, 999477, 999479, 999488, 999490, 999492, 999494, 999496, 999498, 999503, 999505, 999507, 999509, 999511, 999513, 999516, 999517, 999522, 999524, 999526, 999528, 999530, 999533, 999535, 999541, 999543, 999545, 999547, 999563, 999565, 999567, 999569, 999571, 999573, 999579, 999581, 999583, 999585, 999587, 999589, 999595, 999597, 999599, 999601, 999603, 999605, 999628, 999632, 999638, 999644, 999650, 999656, 999663, 999665, 999667, 999669, 999671, 999673, 999678, 999680, 999684, 999686, 999688, 999690]}",,OPCUA_READ_SCRAPING,True
1786342525000,1786342530000,OPCUA_READ_SCRAPING,OPCUA_READ_SCRAPING#c147,"[""OPCUA_READ_SCRAPING""]","{""OPCUA_READ_SCRAPING#c147"": [999693, 999695, 999697, 999699, 999701, 999703, 999714, 999716, 999718, 999720, 999722, 999724, 999727, 999729, 999731, 999733, 999735, 999739, 999755, 999756, 999761, 999765, 999767, 999769, 999771, 999778, 999780, 999782, 999784, 999786, 999788, 999795, 999797, 999799, 999801, 999803, 999805, 999810, 999812, 999814, 999816, 999818, 999820, 999825, 999827, 999829, 999831, 999833, 999835, 999844, 999846, 999848, 999850, 999852, 999854, 999883, 999885, 999887, 999891, 999897, 999901, 999908, 999910, 999912, 999916, 999918, 999920, 999923, 999927, 999931, 999933, 999935, 999937, 999945, 999947, 999950, 999952, 999958, 999960, 999963, 999965, 999967, 999969, 999971, 999973, 999975, 999976, 999981, 999983, 999987, 999989, 999991, 999997, 999999, 1000001, 1000003, 1000005, 1000007, 1000014, 1000016, 1000018, 1000020, 1000022, 1000024, 1000027, 1000029, 1000031, 1000033, 1000035, 1000037, 1000042, 1000044, 1000046, 1000048, 1000050, 1000052, 1000065, 1000067, 1000069, 1000071, 1000073, 1000075, 1000078, 1000080, 1000082, 1000084, 1000086, 1000088, 1000091, 1000093, 1000099, 1000105, 1000111, 1000117, 1000140, 1000142, 1000144, 1000146, 1000148, 1000150, 1000163, 1000165, 1000167, 1000171, 1000173, 1000179, 1000182, 1000184, 1000186, 1000188, 1000190, 1000193, 1000199, 1000201, 1000203, 1000205, 1000207, 1000209, 1000211, 1000219, 1000221, 1000223, 1000225, 1000227, 1000229, 1000236, 1000238, 1000240, 1000242, 1000244, 1000246, 1000249, 1000256, 1000264, 1000266, 1000268, 1000270, 1000275, 1000277, 1000279, 1000281, 1000283, 1000285, 1000292, 1000294, 1000296, 1000298, 1000300, 1000302, 1000307, 1000311, 1000313, 1000315, 1000317, 1000319, 1000322, 1000324, 1000326, 1000328, 1000330, 1000332, 1000348, 1000350, 1000352, 1000354, 1000356, 1000358, 1000393, 1000397, 1000405, 1000411, 1000413, 1000417, 1000420, 1000422, 1000424, 1000426, 1000428, 1000430, 1000433, 1000435, 1000437, 1000439, 1000441, 1000443, 1000444, 1000459, 1000462, 1000464, 1000466, 1000468, 1000470, 1000477, 1000479, 1000481, 1000483, 1000485, 1000489, 1000492, 1000494, 1000496, 1000498, 1000500, 1000502, 1000507, 1000509, 1000511, 1000513, 1000515, 1000517, 1000524, 1000528, 1000530, 1000532, 1000534, 1000536, 1000543, 1000545, 1000547, 1000549, 1000551, 1000557, 1000560, 1000562, 1000564, 1000566, 1000568, 1000571, 1000576, 1000578, 1000580, 1000582, 1000584, 1000586, 1000589, 1000591, 1000593, 1000599, 1000609, 1000615, 1000622, 1000624, 1000626, 1000628, 1000632, 1000634, 1000657, 1000658, 1000661, 1000669, 1000671, 1000673, 1000675, 1000680, 1000682, 1000684, 1000686, 1000688, 1000690, 1000697, 1000699, 1000701, 1000703, 1000705, 1000707, 1000714, 1000716, 1000718, 1000720, 1000722, 1000724, 1000729, 1000731, 1000733, 1000735, 1000737, 1000739, 1000763, 1000765, 1000767, 1000769, 1000772, 1000774, 1000778, 1000780, 1000782, 1000784, 1000786, 1000788, 1000793, 1000795, 1000797, 1000799, 1000801, 1000803]}",,OPCUA_READ_SCRAPING,True
1786342530000,1786342535000,OPCUA_READ_SCRAPING,OPCUA_READ_SCRAPING#c147,"[""OPCUA_READ_SCRAPING""]","{""OPCUA_READ_SCRAPING#c147"": [1000806, 1000808, 1000810, 1000812, 1000814, 1000816, 1000819, 1000821, 1000823, 1000825, 1000827, 1000829, 1000836, 1000838, 1000840, 1000842, 1000846, 1000848, 1000851, 1000852, 1000855, 1000863, 1000865, 1000867, 1000869, 1000908, 1000910, 1000912, 1000914, 1000916, 1000918, 1000927, 1000929]}",,OPCUA_READ_SCRAPING,True
1786342535000,1786342540000,benign,benign#chunk136,[],{},,,False
1786342540000,1786342545000,benign,benign#chunk136,[],{},,,False
1786342545000,1786342550000,benign,benign#chunk136,[],{},,,False
1786342550000,1786342555000,benign,benign#chunk136,[],{},,,False
1786342555000,1786342560000,benign,benign#chunk136,[],{},,,False
1786342560000,1786342565000,benign,benign#chunk136,[],{},,,True
1786342565000,1786342570000,benign,benign#chunk136,[],{},,,False
1786342570000,1786342575000,benign,benign#chunk136,[],{},,,False
1786342575000,1786342580000,benign,benign#chunk136,[],{},,,False
1786342580000,1786342585000,benign,benign#chunk137,[],{},,,False
1786342585000,1786342590000,benign,benign#chunk137,[],{},,,False
1786342590000,1786342595000,OPCUA_SESSION_BURST,OPCUA_SESSION_BURST#c148,"[""OPCUA_SESSION_BURST""]","{""OPCUA_SESSION_BURST#c148"": [1006093, 1006096, 1006098, 1006100, 1006103, 1006105, 1006119, 1006134, 1006178, 1006181, 1006185, 1006187, 1006190, 1006192, 1006206, 1006220, 1006296, 1006299, 1006301, 1006303, 1006306, 1006308, 1006328, 1006342, 1006383, 1006386, 1006388, 1006390, 1006393, 1006395, 1006409, 1006421, 1006514, 1006517, 1006519, 1006523, 1006526, 1006528, 1006542, 1006552]}",,OPCUA_SESSION_BURST,True
1786342595000,1786342600000,benign,benign#chunk137,[],{},,OPCUA_SESSION_BURST,False
1786342600000,1786342605000,benign,benign#chunk137,[],{},,OPCUA_SESSION_BURST,False
1786342605000,1786342610000,benign,benign#chunk137,[],{},,,False
1786342610000,1786342615000,benign,benign#chunk137,[],{},,,False
1786342615000,1786342620000,benign,benign#chunk137,[],{},,,False
1786342620000,1786342625000,benign,benign#chunk137,[],{},,,True
1786342625000,1786342630000,benign,benign#chunk137,[],{},,,False
1786342630000,1786342635000,benign,benign#chunk137,[],{},,,False
1786342635000,1786342640000,benign,benign#chunk137,[],{},,,False
1786342640000,1786342645000,benign,benign#chunk137,[],{},,,False
1786342645000,1786342650000,benign,benign#chunk138,[],{},,,False
1786342650000,1786342655000,benign,benign#chunk138,[],{},,,True
1786342655000,1786342660000,benign,benign#chunk138,[],{},,,False
1786342660000,1786342665000,OPCUA_ENDPOINT_DISCOVERY,OPCUA_ENDPOINT_DISCOVERY#c149,"[""OPCUA_ENDPOINT_DISCOVERY""]","{""OPCUA_ENDPOINT_DISCOVERY#c149"": [1012073, 1012075, 1012078, 1012083, 1012099, 1012113, 1012117]}",,OPCUA_ENDPOINT_DISCOVERY,True
1786342665000,1786342670000,benign,benign#chunk138,[],{},,,False
1786342670000,1786342675000,benign,benign#chunk138,[],{},,,False
1786342675000,1786342680000,benign,benign#chunk138,[],{},,,False
1786342680000,1786342685000,benign,benign#chunk138,[],{},,,True
1786342685000,1786342690000,benign,benign#chunk138,[],{},,,False
1786342690000,1786342695000,benign,benign#chunk138,[],{},,,True
1786342695000,1786342700000,benign,benign#chunk138,[],{},,,False
1786342700000,1786342705000,benign,benign#chunk138,[],{},,,False
1786342705000,1786342710000,benign,benign#chunk138,[],{},,,False
1786342710000,1786342715000,benign,benign#chunk139,[],{},,,True
1786342715000,1786342720000,benign,benign#chunk139,[],{},,,False
1786342720000,1786342725000,OPCUA_ENDPOINT_DISCOVERY,OPCUA_ENDPOINT_DISCOVERY#c150,"[""OPCUA_ENDPOINT_DISCOVERY""]","{""OPCUA_ENDPOINT_DISCOVERY#c150"": [1017536, 1017539, 1017548, 1017562, 1017576, 1017580]}",,OPCUA_ENDPOINT_DISCOVERY,True
1786342725000,1786342730000,benign,benign#chunk139,[],{},,,False
1786342730000,1786342735000,benign,benign#chunk139,[],{},,,False
1786342735000,1786342740000,benign,benign#chunk139,[],{},,,False
1786342740000,1786342745000,benign,benign#chunk139,[],{},,,True
1786342745000,1786342750000,benign,benign#chunk139,[],{},,,False
1786342750000,1786342755000,benign,benign#chunk139,[],{},,,True
1786342755000,1786342760000,benign,benign#chunk139,[],{},,,False
1786342760000,1786342765000,benign,benign#chunk139,[],{},,,False
1786342765000,1786342770000,benign,benign#chunk139,[],{},,,False
1786342770000,1786342775000,benign,benign#chunk139,[],{},,,True
1786342775000,1786342780000,benign,benign#chunk140,[],{},,,False
1786342780000,1786342785000,OPCUA_RECURSIVE_BROWSE,OPCUA_RECURSIVE_BROWSE#c151,"[""OPCUA_RECURSIVE_BROWSE""]","{""OPCUA_RECURSIVE_BROWSE#c151"": [1022800, 1022803, 1022805, 1022827, 1022843, 1022845, 1022847, 1022849, 1022851, 1022853, 1022855, 1022857, 1022859, 1022861, 1022865, 1022869, 1022871, 1022873, 1022875, 1022877, 1022879, 1022881, 1022883, 1022885, 1022887, 1022889, 1022893, 1022899, 1022905, 1022911, 1022917, 1022929, 1022935, 1022941, 1022945, 1022947, 1022949, 1022955, 1022961, 1022963, 1022975, 1022987, 1022989, 1022997, 1022999, 1023001, 1023003, 1023005, 1023007, 1023011, 1023013, 1023017, 1023019, 1023021, 1023023, 1023026, 1023028, 1023030, 1023032, 1023034, 1023051, 1023053, 1023055, 1023057, 1023059, 1023061, 1023063, 1023065, 1023067, 1023069, 1023071, 1023073, 1023075, 1023077, 1023079, 1023081, 1023083, 1023085, 1023087, 1023088, 1023093, 1023095, 1023097, 1023099, 1023101, 1023103, 1023105, 1023107, 1023109, 1023111, 1023113, 1023115, 1023117, 1023119, 1023121, 1023123, 1023125, 1023127, 1023129, 1023133, 1023141, 1023143, 1023145, 1023147, 1023149, 1023151, 1023153, 1023155, 1023161, 1023163, 1023165, 1023167, 1023169, 1023171, 1023174, 1023176, 1023178, 1023180, 1023182, 1023247, 1023249, 1023251, 1023255, 1023257, 1023259, 1023261, 1023263, 1023265, 1023267, 1023269, 1023271, 1023273, 1023275, 1023277, 1023279, 1023281, 1023283, 1023285, 1023287, 1023289, 1023291, 1023293, 1023295, 1023297, 1023299, 1023301, 1023303, 1023305, 1023307, 1023309, 1023311, 1023314, 1023316, 1023318, 1023320, 1023322, 1023324, 1023326, 1023328, 1023330, 1023332, 1023334, 1023336, 1023338, 1023340, 1023342, 1023344, 1023346, 1023348, 1023350, 1023352, 1023354, 1023357, 1023358, 1023361, 1023365, 1023367, 1023369, 1023465, 1023467, 1023469, 1023471, 1023473, 1023475, 1023477, 1023479, 1023481, 1023483, 1023485, 1023487, 1023489, 1023491, 1023495, 1023497, 1023499, 1023503, 1023505, 1023507, 1023509, 1023511, 1023513, 1023515, 1023517, 1023519, 1023521, 1023523, 1023525, 1023527, 1023529, 1023531, 1023533, 1023535, 1023537, 1023539, 1023541, 1023543, 1023545, 1023547, 1023549, 1023551, 1023555, 1023557, 1023559, 1023561, 1023563, 1023565, 1023567, 1023569, 1023571, 1023573, 1023575, 1023578, 1023580, 1023582, 1023584, 1023586, 1023593, 1023622, 1023626, 1023628, 1023630, 1023632, 1023634, 1023636, 1023638, 1023640, 1023642, 1023644, 1023648, 1023650, 1023652, 1023654, 1023656, 1023658, 1023660, 1023662, 1023664, 1023666, 1023668, 1023670, 1023672, 1023676, 1023682, 1023688, 1023694, 1023700, 1023706, 1023710, 1023712, 1023714, 1023716, 1023718, 1023722, 1023728, 1023732, 1023734, 1023736, 1023738, 1023740, 1023744, 1023748, 1023750, 1023752, 1023754, 1023756, 1023759, 1023761, 1023765, 1023767, 1023769, 1023772, 1023774, 1023776, 1023778, 1023781, 1023794, 1023805, 1023807, 1023809, 1023811, 1023813, 1023815, 1023817, 1023819, 1023821, 1023823, 1023825, 1023827, 1023829, 1023831, 1023833, 1023835, 1023837, 1023839, 1023845, 1023847, 1023849, 1023851, 1023853, 1023855, 1023857, 1023859, 1023861, 1023863, 1023865, 1023867, 1023869, 1023871, 1023873, 1023877, 1023879, 1023881, 1023883, 1023889]}",,OPCUA_RECURSIVE_BROWSE,True
1786342785000,1786342790000,OPCUA_RECURSIVE_BROWSE,OPCUA_RECURSIVE_BROWSE#c151,"[""OPCUA_RECURSIVE_BROWSE""]","{""OPCUA_RECURSIVE_BROWSE#c151"": [1023893, 1023895, 1023897, 1023899, 1023901, 1023903, 1023905, 1023907, 1023911, 1023913, 1023915, 1023917, 1023919, 1023921, 1023923, 1023926, 1023928, 1023930, 1023932, 1023934, 1023989, 1023991, 1023993, 1023995, 1023996, 1024000, 1024003, 1024005, 1024007, 1024009, 1024011, 1024013, 1024015, 1024017, 1024019, 1024021, 1024023, 1024025, 1024028, 1024030, 1024032, 1024034, 1024036, 1024039, 1024046, 1024048, 1024050, 1024052, 1024054, 1024056, 1024058, 1024063, 1024065, 1024067, 1024069, 1024071, 1024073, 1024075, 1024078, 1024084, 1024086, 1024088, 1024090, 1024092, 1024094, 1024096, 1024099, 1024103, 1024105, 1024107, 1024109, 1024111, 1024113, 1024115, 1024120, 1024124, 1024128, 1024130, 1024132, 1024174, 1024180, 1024186, 1024194, 1024200, 1024204, 1024206, 1024208, 1024210, 1024212, 1024214, 1024216, 1024220, 1024224, 1024226, 1024228, 1024230, 1024232, 1024234, 1024236, 1024238, 1024242, 1024244, 1024246, 1024248, 1024250, 1024252, 1024254, 1024256, 1024258, 1024260, 1024264, 1024268, 1024270, 1024272, 1024274, 1024276, 1024278, 1024280, 1024282, 1024284, 1024286, 1024287, 1024290, 1024294, 1024296, 1024298, 1024300, 1024302, 1024304, 1024306, 1024308, 1024310, 1024312, 1024315, 1024317, 1024319, 1024321, 1024323, 1024364, 1024366, 1024368, 1024370, 1024372, 1024376, 1024378, 1024380, 1024382, 1024384, 1024386, 1024388, 1024390, 1024392, 1024394, 1024396, 1024398, 1024400, 1024402, 1024404, 1024410, 1024412, 1024414, 1024416, 1024418, 1024420, 1024422, 1024424, 1024426, 1024428, 1024430, 1024432, 1024434, 1024436, 1024438, 1024440, 1024442, 1024444, 1024446, 1024448, 1024450, 1024452, 1024454, 1024456, 1024458, 1024460, 1024462, 1024464, 1024466, 1024468, 1024470, 1024472, 1024474, 1024477, 1024479, 1024481, 1024483, 1024487, 1024526, 1024549, 1024551, 1024553, 1024555, 1024557, 1024559, 1024561, 1024569, 1024571, 1024573, 1024575, 1024577, 1024579, 1024581, 1024583, 1024585, 1024587, 1024589, 1024591, 1024593, 1024595, 1024597, 1024599, 1024601, 1024603, 1024606, 1024608, 1024610, 1024612, 1024614, 1024616, 1024618, 1024620, 1024622, 1024624, 1024626, 1024630, 1024632, 1024634, 1024636, 1024638, 1024640, 1024642, 1024644, 1024646, 1024648, 1024650, 1024652, 1024654, 1024656, 1024658, 1024660, 1024662, 1024665, 1024667, 1024669, 1024671, 1024673, 1024690, 1024733, 1024735, 1024737, 1024740, 1024742, 1024744, 1024746, 1024748, 1024750, 1024756, 1024760, 1024762, 1024764, 1024766, 1024768, 1024770, 1024774, 1024776, 1024778, 1024780, 1024782, 1024786, 1024788, 1024794, 1024796, 1024798, 1024800, 1024802, 1024804, 1024806, 1024809, 1024811, 1024813, 1024815, 1024819, 1024823, 1024827, 1024829, 1024831, 1024833, 1024835, 1024837, 1024839, 1024841, 1024845, 1024847, 1024849, 1024851, 1024853, 1024855, 1024857, 1024861, 1024863, 1024866, 1024868, 1024870, 1024872, 1024874, 1024889, 1024891, 1024893, 1024895, 1024897, 1024899, 1024901, 1024903, 1024906, 1024908, 1024910, 1024914, 1024918, 1024920, 1024922, 1024926, 1024930, 1024932, 1024935, 1024939, 1024945, 1024949, 1024951, 1024953, 1024955, 1024959, 1024961, 1024963, 1024967, 1024973, 1024979, 1024985, 1024989, 1024991, 1024993, 1024995, 1024999, 1025005, 1025009, 1025015, 1025017, 1025019, 1025021, 1025025, 1025031, 1025033, 1025035, 1025037, 1025039, 1025043, 1025045, 1025047, 1025049, 1025051, 1025054, 1025056, 1025058, 1025060, 1025062]}",,OPCUA_RECURSIVE_BROWSE,True
1786342790000,1786342795000,OPCUA_RECURSIVE_BROWSE,OPCUA_RECURSIVE_BROWSE#c151,"[""OPCUA_RECURSIVE_BROWSE""]","{""OPCUA_RECURSIVE_BROWSE#c151"": [1025095, 1025097, 1025099, 1025101, 1025103, 1025105, 1025107, 1025111, 1025113, 1025115, 1025117, 1025119, 1025121, 1025123, 1025125, 1025127, 1025129, 1025131, 1025133, 1025135, 1025137, 1025139, 1025141, 1025143, 1025145, 1025147, 1025149, 1025151, 1025153, 1025155, 1025157, 1025159, 1025161, 1025162, 1025167, 1025169, 1025171, 1025173, 1025175, 1025177, 1025179, 1025181, 1025183, 1025185, 1025187, 1025189, 1025193, 1025201, 1025203, 1025205, 1025207, 1025209, 1025211, 1025213, 1025220, 1025222, 1025224, 1025226, 1025228, 1025289, 1025291, 1025293, 1025295, 1025297, 1025299, 1025301, 1025303, 1025305, 1025307, 1025309, 1025311, 1025313, 1025315, 1025317, 1025319, 1025321, 1025323, 1025325, 1025327, 1025329, 1025331, 1025333, 1025335, 1025337, 1025339, 1025341, 1025343, 1025345, 1025347, 1025349, 1025351, 1025353, 1025355, 1025357, 1025359, 1025361, 1025363, 1025365, 1025367, 1025369, 1025371, 1025373, 1025375, 1025377, 1025379, 1025381, 1025383, 1025385, 1025387, 1025389, 1025391, 1025393, 1025396, 1025398, 1025400, 1025402, 1025404, 1025411, 1025478, 1025480, 1025482, 1025484, 1025486, 1025492, 1025495, 1025499, 1025501, 1025503, 1025505, 1025507, 1025509, 1025511, 1025513, 1025516, 1025518, 1025521, 1025530, 1025532, 1025534, 1025536, 1025538, 1025540, 1025542, 1025544, 1025546, 1025548, 1025550, 1025552, 1025554, 1025556, 1025558, 1025560, 1025562, 1025564, 1025566, 1025568, 1025570, 1025572, 1025574, 1025576, 1025580, 1025582, 1025584, 1025586, 1025588, 1025590, 1025592, 1025594, 1025596, 1025598, 1025600, 1025603, 1025605, 1025607, 1025609, 1025611, 1025620, 1025635, 1025637, 1025639, 1025641, 1025643, 1025645, 1025647, 1025649, 1025651, 1025655, 1025657, 1025659, 1025663, 1025665, 1025667, 1025669, 1025671, 1025674, 1025676, 1025678, 1025680, 1025684, 1025686, 1025688, 1025690, 1025692, 1025694, 1025696, 1025698, 1025702, 1025706, 1025708, 1025710, 1025712, 1025714, 1025716, 1025718, 1025726, 1025734, 1025736, 1025738, 1025740, 1025744, 1025752, 1025756, 1025764, 1025770, 1025772, 1025774, 1025776, 1025778, 1025780, 1025782, 1025785, 1025791, 1025793, 1025795, 1025799, 1025816, 1025827, 1025829, 1025831, 1025833, 1025835, 1025837, 1025839, 1025841, 1025843, 1025845, 1025847, 1025849, 1025851, 1025853, 1025855, 1025857, 1025859, 1025861, 1025863, 1025865, 1025867, 1025869, 1025871, 1025873, 1025875, 1025877, 1025879, 1025881, 1025883, 1025885, 1025887, 1025889, 1025895, 1025897, 1025899, 1025901, 1025903, 1025905, 1025907, 1025909, 1025911, 1025913, 1025915, 1025917, 1025919, 1025921, 1025923, 1025925, 1025927, 1025929, 1025931, 1025933, 1025935, 1025940, 1025942, 1025946, 1025948, 1025950, 1026006, 1026008, 1026010, 1026012, 1026014, 1026016, 1026018, 1026020, 1026022, 1026024, 1026026, 1026028, 1026030, 1026032, 1026034, 1026036, 1026038, 1026040, 1026042, 1026044, 1026046, 1026048, 1026050, 1026052, 1026054, 1026056, 1026058, 1026060, 1026062, 1026064, 1026065, 1026070, 1026072, 1026074, 1026076, 1026078, 1026080, 1026086, 1026088, 1026090, 1026092, 1026094, 1026096, 1026098, 1026100, 1026102, 1026104, 1026106, 1026108, 1026110, 1026112, 1026114, 1026116, 1026118, 1026121, 1026123, 1026127, 1026129, 1026131]}",,OPCUA_RECURSIVE_BROWSE,True
1786342795000,1786342800000,OPCUA_RECURSIVE_BROWSE,OPCUA_RECURSIVE_BROWSE#c151,"[""OPCUA_RECURSIVE_BROWSE""]","{""OPCUA_RECURSIVE_BROWSE#c151"": [1026162, 1026164, 1026166, 1026170, 1026176, 1026182, 1026190, 1026196, 1026202, 1026208, 1026214, 1026216, 1026218, 1026220, 1026222, 1026226, 1026230, 1026232, 1026234, 1026236, 1026238, 1026240, 1026242, 1026244, 1026246, 1026250, 1026252, 1026254, 1026256, 1026258, 1026261, 1026264, 1026266, 1026268, 1026270, 1026272, 1026274, 1026276, 1026278, 1026280, 1026282, 1026284, 1026286, 1026288, 1026290, 1026292, 1026294, 1026296, 1026298, 1026300, 1026302, 1026304, 1026306, 1026309, 1026311, 1026313, 1026315, 1026317, 1026319, 1026340, 1026344, 1026346, 1026352, 1026354, 1026356, 1026358, 1026360, 1026362, 1026364, 1026366, 1026368, 1026372, 1026374, 1026376, 1026378, 1026380, 1026382, 1026384, 1026386, 1026388, 1026390, 1026392, 1026394, 1026396, 1026398, 1026400, 1026402, 1026404, 1026408, 1026410, 1026412, 1026414, 1026416, 1026418, 1026420, 1026422, 1026424, 1026426, 1026430, 1026432, 1026434, 1026436, 1026438, 1026440, 1026442, 1026444, 1026446, 1026448, 1026450, 1026452, 1026454, 1026456, 1026459, 1026461, 1026465, 1026471, 1026477, 1026508, 1026525, 1026527]}",,OPCUA_RECURSIVE_BROWSE,True
1786342800000,1786342805000,benign,benign#chunk140,[],{},,,False
1786342805000,1786342810000,benign,benign#chunk140,[],{},,,False
1786342810000,1786342815000,benign,benign#chunk140,[],{},,,False
1786342815000,1786342820000,benign,benign#chunk140,[],{},,,False
1786342820000,1786342825000,benign,benign#chunk140,[],{},,,False
1786342825000,1786342830000,benign,benign#chunk140,[],{},,,False
1786342830000,1786342835000,benign,benign#chunk140,[],{},,,False
1786342835000,1786342840000,benign,benign#chunk140,[],{},,,False
1786342840000,1786342845000,benign,benign#chunk140,[],{},,,False
1786342845000,1786342850000,benign,benign#chunk140,[],{},,,False
1786342850000,1786342855000,benign,benign#chunk140,[],{},,,False
1786342855000,1786342860000,OPCUA_ENDPOINT_DISCOVERY,OPCUA_ENDPOINT_DISCOVERY#c152,"[""OPCUA_ENDPOINT_DISCOVERY""]","{""OPCUA_ENDPOINT_DISCOVERY#c152"": [1031405, 1031409, 1031412, 1031417, 1031431, 1031449, 1031453]}",,OPCUA_ENDPOINT_DISCOVERY,True
1786342860000,1786342865000,benign,benign#chunk141,[],{},,,False
1786342865000,1786342870000,benign,benign#chunk141,[],{},,,False
1786342870000,1786342875000,benign,benign#chunk141,[],{},,,False
1786342875000,1786342880000,benign,benign#chunk141,[],{},,,False
1786342880000,1786342885000,benign,benign#chunk141,[],{},,,False
1786342885000,1786342890000,benign,benign#chunk141,[],{},,,True
1786342890000,1786342895000,benign,benign#chunk141,[],{},,,False
1786342895000,1786342900000,benign,benign#chunk141,[],{},,,False
1786342900000,1786342905000,benign,benign#chunk141,[],{},,,False
1786342905000,1786342910000,benign,benign#chunk141,[],{},,,False
1786342910000,1786342915000,benign,benign#chunk141,[],{},,,False
1786342915000,1786342920000,OPCUA_ENDPOINT_DISCOVERY,OPCUA_ENDPOINT_DISCOVERY#c153,"[""OPCUA_ENDPOINT_DISCOVERY""]","{""OPCUA_ENDPOINT_DISCOVERY#c153"": [1036493, 1036495, 1036500, 1036505, 1036525, 1036547, 1036555]}",,OPCUA_ENDPOINT_DISCOVERY,True
1786342920000,1786342925000,benign,benign#chunk141,[],{},,,False
1786342925000,1786342930000,benign,benign#chunk142,[],{},,,False
1786342930000,1786342935000,benign,benign#chunk142,[],{},,,False
1786342935000,1786342940000,benign,benign#chunk142,[],{},,,False
1786342940000,1786342945000,benign,benign#chunk142,[],{},,,False
1786342945000,1786342950000,benign,benign#chunk142,[],{},,,True
1786342950000,1786342955000,benign,benign#chunk142,[],{},,,False
1786342955000,1786342960000,benign,benign#chunk142,[],{},,,False
1786342960000,1786342965000,benign,benign#chunk142,[],{},,,False
1786342965000,1786342970000,benign,benign#chunk142,[],{},,,False
1786342970000,1786342975000,benign,benign#chunk142,[],{},,,False
1786342975000,1786342980000,OPCUA_NODE_BROWSE,OPCUA_NODE_BROWSE#c154,"[""OPCUA_NODE_BROWSE""]","{""OPCUA_NODE_BROWSE#c154"": [1041722, 1041725, 1041729, 1041747, 1041773, 1041779, 1041781, 1041783, 1041785, 1041789, 1041791, 1041795, 1041797, 1041799, 1041801, 1041803, 1041805, 1041807, 1041809, 1041811, 1041813]}",,OPCUA_NODE_BROWSE,True
1786342980000,1786342985000,benign,benign#chunk142,[],{},,,False
1786342985000,1786342990000,benign,benign#chunk142,[],{},,,False
1786342990000,1786342995000,benign,benign#chunk143,[],{},,,False
1786342995000,1786343000000,benign,benign#chunk143,[],{},,,False
1786343000000,1786343005000,benign,benign#chunk143,[],{},,,False
1786343005000,1786343010000,benign,benign#chunk143,[],{},,,True
1786343010000,1786343015000,benign,benign#chunk143,[],{},,,False
1786343015000,1786343020000,benign,benign#chunk143,[],{},,,False
1786343020000,1786343025000,benign,benign#chunk143,[],{},,,False
1786343025000,1786343030000,benign,benign#chunk143,[],{},,,False
1786343030000,1786343035000,benign,benign#chunk143,[],{},,,False
1786343035000,1786343040000,OPCUA_ENDPOINT_DISCOVERY,OPCUA_ENDPOINT_DISCOVERY#c155,"[""OPCUA_ENDPOINT_DISCOVERY""]","{""OPCUA_ENDPOINT_DISCOVERY#c155"": [1046644, 1046648, 1046651, 1046656, 1046670, 1046684, 1046688]}",,OPCUA_ENDPOINT_DISCOVERY,True
1786343040000,1786343045000,benign,benign#chunk143,[],{},,,False
1786343045000,1786343050000,benign,benign#chunk143,[],{},,,False
1786343050000,1786343055000,benign,benign#chunk143,[],{},,,False
1786343055000,1786343060000,benign,benign#chunk144,[],{},,,False
1786343060000,1786343065000,benign,benign#chunk144,[],{},,,False
1786343065000,1786343070000,benign,benign#chunk144,[],{},,,True
1786343070000,1786343075000,benign,benign#chunk144,[],{},,,False
1786343075000,1786343080000,benign,benign#chunk144,[],{},,,False
1786343080000,1786343085000,benign,benign#chunk144,[],{},,,False
1786343085000,1786343090000,benign,benign#chunk144,[],{},,,False
1786343090000,1786343095000,benign,benign#chunk144,[],{},,,False
1786343095000,1786343100000,OPCUA_WRITE_DENIED,OPCUA_WRITE_DENIED#c156,"[""OPCUA_WRITE_DENIED""]","{""OPCUA_WRITE_DENIED#c156"": [1051606, 1051609, 1051611, 1051633, 1051647, 1051649]}",,OPCUA_WRITE_DENIED,True
1786343100000,1786343105000,benign,benign#chunk144,[],{},,,False
1786343105000,1786343110000,benign,benign#chunk144,[],{},,,False
1786343110000,1786343115000,benign,benign#chunk144,[],{},,,False
1786343115000,1786343120000,benign,benign#chunk144,[],{},,,False
1786343120000,1786343125000,benign,benign#chunk145,[],{},,,False
1786343125000,1786343130000,benign,benign#chunk145,[],{},,,True
1786343130000,1786343135000,benign,benign#chunk145,[],{},,,False
1786343135000,1786343140000,benign,benign#chunk145,[],{},,,False
1786343140000,1786343145000,benign,benign#chunk145,[],{},,,False
1786343145000,1786343150000,benign,benign#chunk145,[],{},,,False
1786343150000,1786343155000,benign,benign#chunk145,[],{},,,False
1786343155000,1786343160000,OPCUA_NODE_BROWSE,OPCUA_NODE_BROWSE#c157,"[""OPCUA_NODE_BROWSE""]","{""OPCUA_NODE_BROWSE#c157"": [1056794, 1056796, 1056799, 1056801, 1056817, 1056835, 1056843, 1056852, 1056857, 1056863, 1056867, 1056869, 1056871, 1056873, 1056875, 1056877, 1056879, 1056881, 1056885, 1056891, 1056895, 1056897, 1056899]}",,OPCUA_NODE_BROWSE,True
1786343160000,1786343165000,benign,benign#chunk145,[],{},,,False
1786343165000,1786343170000,benign,benign#chunk145,[],{},,,False
1786343170000,1786343175000,benign,benign#chunk145,[],{},,,False
1786343175000,1786343180000,benign,benign#chunk145,[],{},,,False
1786343180000,1786343185000,benign,benign#chunk145,[],{},,,False
1786343185000,1786343190000,benign,benign#chunk146,[],{},,,True
1786343190000,1786343195000,benign,benign#chunk146,[],{},,,False
1786343195000,1786343200000,benign,benign#chunk146,[],{},,,False
1786343200000,1786343205000,benign,benign#chunk146,[],{},,,False
1786343205000,1786343210000,benign,benign#chunk146,[],{},,,False
1786343210000,1786343215000,benign,benign#chunk146,[],{},,,False
1786343215000,1786343220000,OPCUA_NODE_BROWSE,OPCUA_NODE_BROWSE#c158,"[""OPCUA_NODE_BROWSE""]","{""OPCUA_NODE_BROWSE#c158"": [1061824, 1061833, 1061835, 1061859, 1061875, 1061883, 1061885, 1061887, 1061889, 1061891, 1061893, 1061895, 1061897, 1061903, 1061905, 1061907, 1061911, 1061915, 1061921, 1061925, 1061927]}",,OPCUA_NODE_BROWSE,True
1786343220000,1786343225000,benign,benign#chunk146,[],{},,,False
1786343225000,1786343230000,benign,benign#chunk146,[],{},,,False
1786343230000,1786343235000,benign,benign#chunk146,[],{},,,False
1786343235000,1786343240000,benign,benign#chunk146,[],{},,,False
1786343240000,1786343245000,benign,benign#chunk146,[],{},,,False
1786343245000,1786343250000,benign,benign#chunk146,[],{},,,True
1786343250000,1786343255000,benign,benign#chunk147,[],{},,,False
1786343255000,1786343260000,benign,benign#chunk147,[],{},,,False
1786343260000,1786343265000,benign,benign#chunk147,[],{},,,False
1786343265000,1786343270000,benign,benign#chunk147,[],{},,,False
1786343270000,1786343275000,benign,benign#chunk147,[],{},,,False
1786343275000,1786343280000,OPCUA_SUBSCRIPTION_FLOOD,OPCUA_SUBSCRIPTION_FLOOD#c159,"[""OPCUA_SUBSCRIPTION_FLOOD""]","{""OPCUA_SUBSCRIPTION_FLOOD#c159"": [1067057, 1067059, 1067061, 1067064, 1067066, 1067080, 1067081, 1067092]}",,OPCUA_SUBSCRIPTION_FLOOD,True
1786343280000,1786343285000,OPCUA_SUBSCRIPTION_FLOOD,OPCUA_SUBSCRIPTION_FLOOD#c159,"[""OPCUA_SUBSCRIPTION_FLOOD""]","{""OPCUA_SUBSCRIPTION_FLOOD#c159"": [1067182, 1067188, 1067289, 1067330, 1067398, 1067476]}",,OPCUA_SUBSCRIPTION_FLOOD,True
1786343285000,1786343290000,OPCUA_SUBSCRIPTION_FLOOD,OPCUA_SUBSCRIPTION_FLOOD#c159,"[""OPCUA_SUBSCRIPTION_FLOOD""]","{""OPCUA_SUBSCRIPTION_FLOOD#c159"": [1067568, 1067648, 1067732, 1067817, 1067904, 1067911, 1067915, 1067917]}",,OPCUA_SUBSCRIPTION_FLOOD,True
1786343290000,1786343295000,OPCUA_SUBSCRIPTION_FLOOD,OPCUA_SUBSCRIPTION_FLOOD#c159,[],{},attack_without_in_interval_event_evidence,OPCUA_SUBSCRIPTION_FLOOD,True
1786343295000,1786343300000,benign,benign#chunk147,[],{},,,False
1786343300000,1786343305000,benign,benign#chunk147,[],{},,,False
1786343305000,1786343310000,benign,benign#chunk147,[],{},,,False
1786343310000,1786343315000,benign,benign#chunk147,[],{},,,False
1786343315000,1786343320000,benign,benign#chunk147,[],{},,,False
1786343320000,1786343325000,benign,benign#chunk147,[],{},,,False
1786343325000,1786343330000,benign,benign#chunk147,[],{},,,False
1786343330000,1786343335000,benign,benign#chunk148,[],{},,,False
1786343335000,1786343340000,benign,benign#chunk148,[],{},,,False
1786343340000,1786343345000,benign,benign#chunk148,[],{},,,False
1786343345000,1786343350000,benign,benign#chunk148,[],{},,,False
1786343350000,1786343355000,OPCUA_ENDPOINT_DISCOVERY,OPCUA_ENDPOINT_DISCOVERY#c160,"[""OPCUA_ENDPOINT_DISCOVERY""]","{""OPCUA_ENDPOINT_DISCOVERY#c160"": [1073038, 1073040, 1073043, 1073050, 1073068, 1073082, 1073086]}",,OPCUA_ENDPOINT_DISCOVERY,True
1786343355000,1786343360000,benign,benign#chunk148,[],{},,,False
1786343360000,1786343365000,benign,benign#chunk148,[],{},,,False
1786343365000,1786343370000,benign,benign#chunk148,[],{},,,False
1786343370000,1786343375000,benign,benign#chunk148,[],{},,,False
1786343375000,1786343380000,benign,benign#chunk148,[],{},,,False
1786343380000,1786343385000,benign,benign#chunk148,[],{},,,True
1786343385000,1786343390000,benign,benign#chunk148,[],{},,,False
1786343390000,1786343395000,benign,benign#chunk148,[],{},,,False
1786343395000,1786343400000,benign,benign#chunk149,[],{},,,False
1786343400000,1786343405000,benign,benign#chunk149,[],{},,,False
1786343405000,1786343410000,benign,benign#chunk149,[],{},,,False
1786343410000,1786343415000,OPCUA_NODE_BROWSE,OPCUA_NODE_BROWSE#c161,"[""OPCUA_NODE_BROWSE""]","{""OPCUA_NODE_BROWSE#c161"": [1078108, 1078110, 1078113, 1078115, 1078129, 1078145, 1078147, 1078149, 1078155, 1078157, 1078159, 1078161, 1078163, 1078165, 1078167, 1078169, 1078171, 1078173, 1078175, 1078177, 1078179, 1078181, 1078183]}",,OPCUA_NODE_BROWSE,True
1786343415000,1786343420000,benign,benign#chunk149,[],{},,,False
1786343420000,1786343425000,benign,benign#chunk149,[],{},,,False
1786343425000,1786343430000,benign,benign#chunk149,[],{},,,False
1786343430000,1786343435000,benign,benign#chunk149,[],{},,,False
1786343435000,1786343440000,benign,benign#chunk149,[],{},,,False
1786343440000,1786343445000,benign,benign#chunk149,[],{},,,True
1786343445000,1786343450000,benign,benign#chunk149,[],{},,,False
1786343450000,1786343455000,benign,benign#chunk149,[],{},,,False
1786343455000,1786343460000,benign,benign#chunk149,[],{},,,False
1786343460000,1786343465000,benign,benign#chunk150,[],{},,,False
1786343465000,1786343470000,benign,benign#chunk150,[],{},,,False
1786343470000,1786343475000,OPCUA_INVALID_WRITE,OPCUA_INVALID_WRITE#c162,"[""OPCUA_INVALID_WRITE""]","{""OPCUA_INVALID_WRITE#c162"": [1083069, 1083072, 1083078, 1083092, 1083106, 1083108]}",,OPCUA_INVALID_WRITE,True
1786343475000,1786343480000,benign,benign#chunk150,[],{},,,False
1786343480000,1786343485000,benign,benign#chunk150,[],{},,,False
1786343485000,1786343490000,benign,benign#chunk150,[],{},,,False
1786343490000,1786343495000,benign,benign#chunk150,[],{},,,False
1786343495000,1786343500000,benign,benign#chunk150,[],{},,,False
1786343500000,1786343505000,benign,benign#chunk150,[],{},,,True
1786343505000,1786343510000,benign,benign#chunk150,[],{},,,False
1786343510000,1786343515000,benign,benign#chunk150,[],{},,,False
1786343515000,1786343520000,benign,benign#chunk150,[],{},,,False
1786343520000,1786343525000,benign,benign#chunk150,[],{},,,False
1786343525000,1786343530000,benign,benign#chunk151,[],{},,,False
1786343530000,1786343535000,OPCUA_PROTOCOL_FUZZ,OPCUA_PROTOCOL_FUZZ#c163,"[""OPCUA_PROTOCOL_FUZZ""]","{""OPCUA_PROTOCOL_FUZZ#c163"": [1088371]}",,OPCUA_PROTOCOL_FUZZ,True
1786343535000,1786343540000,OPCUA_PROTOCOL_FUZZ,OPCUA_PROTOCOL_FUZZ#c163,"[""OPCUA_PROTOCOL_FUZZ""]","{""OPCUA_PROTOCOL_FUZZ#c163"": [1088700, 1088769, 1088807]}",,OPCUA_PROTOCOL_FUZZ,True
1786343540000,1786343545000,benign,benign#chunk151,[],{},,,False
1786343545000,1786343550000,benign,benign#chunk151,[],{},,,False
1786343550000,1786343555000,benign,benign#chunk151,[],{},,,False
1786343555000,1786343560000,benign,benign#chunk151,[],{},,,False
1786343560000,1786343565000,benign,benign#chunk151,[],{},,,True
1786343565000,1786343570000,benign,benign#chunk151,[],{},,,False
1786343570000,1786343575000,benign,benign#chunk151,[],{},,,False
1786343575000,1786343580000,benign,benign#chunk151,[],{},,,False
1786343580000,1786343585000,benign,benign#chunk151,[],{},,,False
1786343585000,1786343590000,benign,benign#chunk151,[],{},,,False
1786343590000,1786343595000,benign,benign#chunk151,[],{},,,True
1786343595000,1786343600000,OPCUA_SUBSCRIPTION_FLOOD,OPCUA_SUBSCRIPTION_FLOOD#c164,"[""OPCUA_SUBSCRIPTION_FLOOD""]","{""OPCUA_SUBSCRIPTION_FLOOD#c164"": [1093733, 1093735, 1093737, 1093740, 1093742, 1093758, 1093759, 1093770, 1093897, 1093903]}",,OPCUA_SUBSCRIPTION_FLOOD,True
1786343600000,1786343605000,OPCUA_SUBSCRIPTION_FLOOD,OPCUA_SUBSCRIPTION_FLOOD#c164,"[""OPCUA_SUBSCRIPTION_FLOOD""]","{""OPCUA_SUBSCRIPTION_FLOOD#c164"": [1094072, 1094173, 1094261, 1094336, 1094414]}",,OPCUA_SUBSCRIPTION_FLOOD,True
1786343605000,1786343610000,OPCUA_SUBSCRIPTION_FLOOD,OPCUA_SUBSCRIPTION_FLOOD#c164,"[""OPCUA_SUBSCRIPTION_FLOOD""]","{""OPCUA_SUBSCRIPTION_FLOOD#c164"": [1094503, 1094504, 1094581, 1094639, 1094698, 1094703, 1094707, 1094709]}",,OPCUA_SUBSCRIPTION_FLOOD,True
1786343610000,1786343615000,OPCUA_SUBSCRIPTION_FLOOD,OPCUA_SUBSCRIPTION_FLOOD#c164,[],{},attack_without_in_interval_event_evidence,OPCUA_SUBSCRIPTION_FLOOD,True
1786343615000,1786343620000,benign,benign#chunk152,[],{},,,False
1786343620000,1786343625000,benign,benign#chunk152,[],{},,,False
1786343625000,1786343630000,benign,benign#chunk152,[],{},,,False
1786343630000,1786343635000,benign,benign#chunk152,[],{},,,False
1786343635000,1786343640000,benign,benign#chunk152,[],{},,,False
1786343640000,1786343645000,benign,benign#chunk152,[],{},,,False
1786343645000,1786343650000,benign,benign#chunk152,[],{},,,False
1786343650000,1786343655000,benign,benign#chunk152,[],{},,,False
1786343655000,1786343660000,benign,benign#chunk152,[],{},,,False
1786343660000,1786343665000,benign,benign#chunk152,[],{},,,False
1786343665000,1786343670000,benign,benign#chunk152,[],{},,,False
1786343670000,1786343675000,OPCUA_SUBSCRIPTION_FLOOD,OPCUA_SUBSCRIPTION_FLOOD#c165,"[""OPCUA_SUBSCRIPTION_FLOOD""]","{""OPCUA_SUBSCRIPTION_FLOOD#c165"": [1101356, 1101358, 1101360, 1101365, 1101367, 1101381, 1101382, 1101397, 1101507, 1101511]}",,OPCUA_SUBSCRIPTION_FLOOD,True
1786343675000,1786343680000,OPCUA_SUBSCRIPTION_FLOOD,OPCUA_SUBSCRIPTION_FLOOD#c165,"[""OPCUA_SUBSCRIPTION_FLOOD""]","{""OPCUA_SUBSCRIPTION_FLOOD#c165"": [1101647, 1101765, 1101853, 1101931, 1102040]}",,OPCUA_SUBSCRIPTION_FLOOD,True
1786343680000,1786343685000,OPCUA_SUBSCRIPTION_FLOOD,OPCUA_SUBSCRIPTION_FLOOD#c165,"[""OPCUA_SUBSCRIPTION_FLOOD""]","{""OPCUA_SUBSCRIPTION_FLOOD#c165"": [1102146, 1102251, 1102346, 1102440, 1102441, 1102446, 1102448]}",,OPCUA_SUBSCRIPTION_FLOOD,True
1786343685000,1786343690000,OPCUA_SUBSCRIPTION_FLOOD,OPCUA_SUBSCRIPTION_FLOOD#c165,[],{},attack_without_in_interval_event_evidence,OPCUA_SUBSCRIPTION_FLOOD,True
1786343690000,1786343695000,benign,benign#chunk152,[],{},,,False
1786343695000,1786343700000,benign,benign#chunk153,[],{},,,False
1786343700000,1786343705000,benign,benign#chunk153,[],{},,,False
1786343705000,1786343710000,benign,benign#chunk153,[],{},,,False
1786343710000,1786343715000,benign,benign#chunk153,[],{},,,False
1786343715000,1786343720000,benign,benign#chunk153,[],{},,,False
1786343720000,1786343725000,benign,benign#chunk153,[],{},,,False
1786343725000,1786343730000,benign,benign#chunk153,[],{},,,False
1786343730000,1786343735000,benign,benign#chunk153,[],{},,,False
1786343735000,1786343740000,benign,benign#chunk153,[],{},,,False
1786343740000,1786343745000,benign,benign#chunk153,[],{},,,False
1786343745000,1786343750000,OPCUA_PROTOCOL_FUZZ,OPCUA_PROTOCOL_FUZZ#c166,"[""OPCUA_PROTOCOL_FUZZ""]","{""OPCUA_PROTOCOL_FUZZ#c166"": [1108689, 1108946, 1108977, 1109060]}",,OPCUA_PROTOCOL_FUZZ,True
1786343750000,1786343755000,benign,benign#chunk153,[],{},,,False
1786343755000,1786343760000,benign,benign#chunk153,[],{},,,False
1786343760000,1786343765000,benign,benign#chunk154,[],{},,,False
1786343765000,1786343770000,benign,benign#chunk154,[],{},,,False
1786343770000,1786343775000,benign,benign#chunk154,[],{},,,False
1786343775000,1786343780000,benign,benign#chunk154,[],{},,,False
1786343780000,1786343785000,benign,benign#chunk154,[],{},,,False
1786343785000,1786343790000,benign,benign#chunk154,[],{},,,False
1786343790000,1786343795000,benign,benign#chunk154,[],{},,,False
1786343795000,1786343800000,benign,benign#chunk154,[],{},,,False
1786343800000,1786343805000,benign,benign#chunk154,[],{},,,False
1786343805000,1786343810000,OPCUA_PROTOCOL_FUZZ,OPCUA_PROTOCOL_FUZZ#c167,[],{},attack_without_in_interval_event_evidence,OPCUA_PROTOCOL_FUZZ,True
1786343810000,1786343815000,OPCUA_PROTOCOL_FUZZ,OPCUA_PROTOCOL_FUZZ#c167,"[""OPCUA_PROTOCOL_FUZZ""]","{""OPCUA_PROTOCOL_FUZZ#c167"": [1115297, 1115582, 1115614, 1115692]}",,OPCUA_PROTOCOL_FUZZ,True
1786343815000,1786343820000,benign,benign#chunk154,[],{},,,False
1786343820000,1786343825000,benign,benign#chunk154,[],{},,,False
1786343825000,1786343830000,benign,benign#chunk154,[],{},,,False
1786343830000,1786343835000,benign,benign#chunk155,[],{},,,False
1786343835000,1786343840000,benign,benign#chunk155,[],{},,,False
1786343840000,1786343845000,benign,benign#chunk155,[],{},,,False
1786343845000,1786343850000,benign,benign#chunk155,[],{},,,False
1786343850000,1786343855000,benign,benign#chunk155,[],{},,,False
1786343855000,1786343860000,benign,benign#chunk155,[],{},,,False
1786343860000,1786343865000,benign,benign#chunk155,[],{},,,False
1786343865000,1786343870000,benign,benign#chunk155,[],{},,,False
1786343870000,1786343875000,OPCUA_NODE_BROWSE,OPCUA_NODE_BROWSE#c168,"[""OPCUA_NODE_BROWSE""]","{""OPCUA_NODE_BROWSE#c168"": [1121529, 1121532, 1121538, 1121556, 1121574, 1121583, 1121590, 1121599, 1121605, 1121609, 1121611, 1121613, 1121615, 1121619, 1121625, 1121627, 1121629, 1121631, 1121633, 1121635, 1121637, 1121641]}",,OPCUA_NODE_BROWSE,True
1786343875000,1786343880000,benign,benign#chunk155,[],{},,,False
1786343880000,1786343885000,benign,benign#chunk155,[],{},,,False
1786343885000,1786343890000,benign,benign#chunk155,[],{},,,False
1786343890000,1786343895000,benign,benign#chunk155,[],{},,,False
1786343895000,1786343900000,benign,benign#chunk156,[],{},,,False
1786343900000,1786343905000,benign,benign#chunk156,[],{},,,False
1786343905000,1786343910000,benign,benign#chunk156,[],{},,,False
1786343910000,1786343915000,benign,benign#chunk156,[],{},,,False
1786343915000,1786343920000,benign,benign#chunk156,[],{},,,False
1786343920000,1786343925000,benign,benign#chunk156,[],{},,,False
1786343925000,1786343930000,benign,benign#chunk156,[],{},,,False
1786343930000,1786343935000,OPCUA_BEHAVIORAL_PROFILING,OPCUA_BEHAVIORAL_PROFILING#c169,"[""OPCUA_BEHAVIORAL_PROFILING""]","{""OPCUA_BEHAVIORAL_PROFILING#c169"": [1127625, 1127630, 1127632, 1127646, 1127647, 1127650, 1127664, 1127666, 1127668, 1127670, 1127672]}",,OPCUA_BEHAVIORAL_PROFILING,True
1786343935000,1786343940000,OPCUA_BEHAVIORAL_PROFILING,OPCUA_BEHAVIORAL_PROFILING#c169,"[""OPCUA_BEHAVIORAL_PROFILING""]","{""OPCUA_BEHAVIORAL_PROFILING#c169"": [1127810, 1127816, 1127930, 1128059, 1128180, 1128196, 1128301]}",,OPCUA_BEHAVIORAL_PROFILING,True
1786343940000,1786343945000,OPCUA_BEHAVIORAL_PROFILING,OPCUA_BEHAVIORAL_PROFILING#c169,"[""OPCUA_BEHAVIORAL_PROFILING""]","{""OPCUA_BEHAVIORAL_PROFILING#c169"": [1128437, 1128536, 1128628, 1128709, 1128793]}",,OPCUA_BEHAVIORAL_PROFILING,True
1786343945000,1786343950000,OPCUA_BEHAVIORAL_PROFILING,OPCUA_BEHAVIORAL_PROFILING#c169,"[""OPCUA_BEHAVIORAL_PROFILING""]","{""OPCUA_BEHAVIORAL_PROFILING#c169"": [1128879, 1128988, 1128998, 1129108, 1129190, 1129311, 1129312]}",,OPCUA_BEHAVIORAL_PROFILING,True
1786343950000,1786343955000,OPCUA_BEHAVIORAL_PROFILING,OPCUA_BEHAVIORAL_PROFILING#c169,"[""OPCUA_BEHAVIORAL_PROFILING""]","{""OPCUA_BEHAVIORAL_PROFILING#c169"": [1129418, 1129500, 1129551, 1129576, 1129648, 1129740]}",,OPCUA_BEHAVIORAL_PROFILING,True
1786343955000,1786343960000,OPCUA_BEHAVIORAL_PROFILING,OPCUA_BEHAVIORAL_PROFILING#c169,"[""OPCUA_BEHAVIORAL_PROFILING""]","{""OPCUA_BEHAVIORAL_PROFILING#c169"": [1129828, 1129837, 1129937, 1130047, 1130129, 1130224]}",,OPCUA_BEHAVIORAL_PROFILING,True
1786343960000,1786343965000,OPCUA_BEHAVIORAL_PROFILING,OPCUA_BEHAVIORAL_PROFILING#c169,"[""OPCUA_BEHAVIORAL_PROFILING""]","{""OPCUA_BEHAVIORAL_PROFILING#c169"": [1130437, 1130552, 1130645, 1130738, 1130751, 1130839]}",,OPCUA_BEHAVIORAL_PROFILING,True
1786343965000,1786343970000,OPCUA_BEHAVIORAL_PROFILING,OPCUA_BEHAVIORAL_PROFILING#c169,"[""OPCUA_BEHAVIORAL_PROFILING""]","{""OPCUA_BEHAVIORAL_PROFILING#c169"": [1130944, 1131001, 1131013, 1131114, 1131196, 1131281, 1131300]}",,OPCUA_BEHAVIORAL_PROFILING,True
1786343970000,1786343975000,OPCUA_BEHAVIORAL_PROFILING,OPCUA_BEHAVIORAL_PROFILING#c169,"[""OPCUA_BEHAVIORAL_PROFILING""]","{""OPCUA_BEHAVIORAL_PROFILING#c169"": [1131398, 1131506, 1131623, 1131627, 1131630]}",,OPCUA_BEHAVIORAL_PROFILING,True
1786343975000,1786343980000,benign,benign#chunk156,[],{},,,False
1786343980000,1786343985000,benign,benign#chunk156,[],{},,,False
1786343985000,1786343990000,benign,benign#chunk156,[],{},,,False
1786343990000,1786343995000,benign,benign#chunk156,[],{},,,False
1786343995000,1786344000000,benign,benign#chunk156,[],{},,,False
1786344000000,1786344005000,benign,benign#chunk157,[],{},,,False
1786344005000,1786344010000,benign,benign#chunk157,[],{},,,False
1786344010000,1786344015000,benign,benign#chunk157,[],{},,,False
1786344015000,1786344020000,benign,benign#chunk157,[],{},,,False
1786344020000,1786344025000,benign,benign#chunk157,[],{},,,False
1786344025000,1786344030000,benign,benign#chunk157,[],{},,,False
1786344030000,1786344035000,OPCUA_RECURSIVE_BROWSE,OPCUA_RECURSIVE_BROWSE#c170,"[""OPCUA_RECURSIVE_BROWSE""]","{""OPCUA_RECURSIVE_BROWSE#c170"": [1137581, 1137584, 1137586, 1137608, 1137622, 1137624, 1137626, 1137628, 1137630, 1137636, 1137638, 1137640, 1137642, 1137644, 1137646, 1137648, 1137650, 1137652, 1137654, 1137658, 1137662, 1137664, 1137666, 1137668, 1137670, 1137672, 1137674, 1137676, 1137678, 1137680, 1137684, 1137686, 1137688, 1137690, 1137692, 1137694, 1137698, 1137702, 1137704, 1137706, 1137714, 1137716, 1137718, 1137720, 1137722, 1137724, 1137726, 1137728, 1137730, 1137732, 1137734, 1137736, 1137738, 1137740, 1137742, 1137745, 1137747, 1137749, 1137753, 1137755, 1137763, 1137765, 1137767, 1137771, 1137773, 1137775, 1137777, 1137779, 1137781, 1137786, 1137788, 1137790, 1137792, 1137797, 1137799, 1137801, 1137803, 1137805, 1137807, 1137809, 1137811, 1137813, 1137815, 1137817, 1137819, 1137821, 1137823, 1137827, 1137831, 1137839, 1137840, 1137849, 1137855, 1137861, 1137867, 1137875, 1137879, 1137885, 1137887, 1137889, 1137891, 1137895, 1137903, 1137905, 1137907, 1137909, 1137913, 1137917, 1137919, 1137921, 1137923, 1137927, 1137931, 1137935, 1137938, 1137940, 1137942, 1137944, 1137946, 1137961, 1137963, 1137965, 1137967, 1137969, 1137971, 1137973, 1137975, 1137977, 1137979, 1137981, 1137983, 1137985, 1137987, 1137989, 1137991, 1137993, 1137995, 1137997, 1137999, 1138001, 1138003, 1138005, 1138007, 1138009, 1138011, 1138013, 1138015, 1138017, 1138019, 1138021, 1138023, 1138025, 1138027, 1138029, 1138031, 1138033, 1138035, 1138043, 1138045, 1138047, 1138049, 1138051, 1138053, 1138055, 1138057, 1138059, 1138061, 1138063, 1138065, 1138067, 1138069, 1138071, 1138074, 1138076, 1138078, 1138080, 1138082, 1138084]}",,OPCUA_RECURSIVE_BROWSE,True
1786344035000,1786344040000,OPCUA_RECURSIVE_BROWSE,OPCUA_RECURSIVE_BROWSE#c170,"[""OPCUA_RECURSIVE_BROWSE""]","{""OPCUA_RECURSIVE_BROWSE#c170"": [1138171, 1138173, 1138175, 1138177, 1138179, 1138181, 1138183, 1138185, 1138187, 1138189, 1138193, 1138195, 1138197, 1138199, 1138201, 1138203, 1138205, 1138207, 1138209, 1138211, 1138213, 1138215, 1138217, 1138219, 1138221, 1138223, 1138225, 1138227, 1138231, 1138235, 1138237, 1138239, 1138241, 1138243, 1138245, 1138247, 1138249, 1138251, 1138253, 1138255, 1138257, 1138259, 1138261, 1138263, 1138274, 1138276, 1138278, 1138280, 1138282, 1138284, 1138286, 1138288, 1138290, 1138293, 1138295, 1138297, 1138303, 1138305, 1138310, 1138369, 1138371, 1138373, 1138377, 1138379, 1138381, 1138383, 1138385, 1138387, 1138389, 1138391, 1138393, 1138395, 1138397, 1138399, 1138401, 1138403, 1138405, 1138407, 1138409, 1138411, 1138413, 1138415, 1138417, 1138419, 1138421, 1138423, 1138425, 1138427, 1138429, 1138431, 1138433, 1138435, 1138437, 1138439, 1138441, 1138443, 1138445, 1138447, 1138449, 1138451, 1138453, 1138455, 1138457, 1138459, 1138461, 1138463, 1138465, 1138467, 1138469, 1138471, 1138481, 1138483, 1138486, 1138488, 1138490, 1138492, 1138494, 1138518, 1138529, 1138531, 1138533, 1138535, 1138537, 1138539, 1138541, 1138545, 1138547, 1138549, 1138551, 1138553, 1138555, 1138557, 1138559, 1138561, 1138564, 1138569, 1138571, 1138573, 1138575, 1138577, 1138579, 1138583, 1138589, 1138591, 1138593, 1138595, 1138597, 1138599, 1138601, 1138603, 1138605, 1138611, 1138617, 1138621, 1138623, 1138625, 1138631, 1138633, 1138635, 1138637, 1138641, 1138648, 1138653, 1138663, 1138667, 1138669, 1138671, 1138673, 1138675, 1138677, 1138681, 1138686, 1138688, 1138690, 1138692, 1138694, 1138730, 1138732, 1138734, 1138736, 1138738, 1138740, 1138742, 1138744, 1138746, 1138748, 1138750, 1138752, 1138754, 1138755, 1138758, 1138762, 1138764, 1138766, 1138768, 1138771, 1138773, 1138779, 1138781, 1138783, 1138785, 1138787, 1138789, 1138791, 1138793, 1138799, 1138808, 1138810, 1138812, 1138814, 1138816, 1138818, 1138820, 1138822, 1138824, 1138826, 1138828, 1138830, 1138832, 1138834, 1138836, 1138838, 1138840, 1138842, 1138844, 1138846, 1138850, 1138854, 1138856, 1138858, 1138861, 1138869, 1138873, 1138875, 1138877, 1138955, 1138957, 1138959, 1138961, 1138963, 1138965, 1138971, 1138973, 1138975, 1138977, 1138979, 1138981, 1138983, 1138985, 1138987, 1138989, 1138991, 1138993, 1138995, 1138997, 1138999, 1139001, 1139003, 1139005, 1139007, 1139009, 1139011, 1139013, 1139015, 1139017, 1139019, 1139021, 1139023, 1139025, 1139027, 1139029, 1139031, 1139033, 1139035, 1139037, 1139039, 1139041, 1139043, 1139045, 1139047, 1139049, 1139051, 1139053, 1139055, 1139056, 1139061, 1139063, 1139065, 1139067, 1139070, 1139072, 1139074, 1139084, 1139086, 1139124, 1139126, 1139128, 1139130, 1139132, 1139136, 1139142, 1139148, 1139154, 1139158, 1139160, 1139162, 1139164, 1139168, 1139174, 1139178, 1139180, 1139182, 1139184, 1139186, 1139188, 1139190, 1139192, 1139194, 1139196, 1139200, 1139202, 1139204, 1139206, 1139208, 1139212, 1139214, 1139216, 1139218, 1139220, 1139222, 1139224, 1139226, 1139228, 1139230, 1139232, 1139234, 1139236, 1139238, 1139240, 1139242, 1139244, 1139246, 1139248, 1139250, 1139252, 1139254, 1139256, 1139259, 1139261, 1139263, 1139265, 1139267, 1139270]}",,OPCUA_RECURSIVE_BROWSE,True
1786344040000,1786344045000,OPCUA_RECURSIVE_BROWSE,OPCUA_RECURSIVE_BROWSE#c170,"[""OPCUA_RECURSIVE_BROWSE""]","{""OPCUA_RECURSIVE_BROWSE#c170"": [1139297, 1139299, 1139301, 1139303, 1139305, 1139307, 1139309, 1139311, 1139313, 1139315, 1139317, 1139319, 1139321, 1139325, 1139327, 1139329, 1139331, 1139333, 1139335, 1139337, 1139339, 1139341, 1139343, 1139345, 1139347, 1139349, 1139351, 1139353, 1139355, 1139357, 1139359, 1139361, 1139363, 1139365, 1139367, 1139369, 1139371, 1139373, 1139375, 1139377, 1139379, 1139384, 1139386, 1139388, 1139390, 1139392, 1139394, 1139396, 1139398, 1139400, 1139402, 1139404, 1139406, 1139409, 1139411, 1139421, 1139423, 1139425, 1139476, 1139492, 1139494, 1139496, 1139502, 1139504, 1139506, 1139508, 1139510, 1139512, 1139516, 1139518, 1139520, 1139522, 1139526, 1139532, 1139534, 1139540, 1139544, 1139546, 1139548, 1139552, 1139554, 1139556, 1139558, 1139560, 1139564, 1139566, 1139568, 1139570, 1139572, 1139574, 1139576, 1139580, 1139582, 1139584, 1139586, 1139588, 1139590, 1139592, 1139594, 1139596, 1139598, 1139600, 1139602, 1139604, 1139606, 1139608, 1139610, 1139612, 1139614, 1139616, 1139618, 1139620, 1139623, 1139625, 1139627, 1139629, 1139631, 1139687, 1139689, 1139691, 1139693, 1139694, 1139699, 1139701, 1139703, 1139705, 1139707, 1139709, 1139713, 1139721, 1139723, 1139725, 1139727, 1139729, 1139731, 1139733, 1139736, 1139741, 1139743, 1139745, 1139747, 1139749, 1139751, 1139753, 1139755, 1139757, 1139759, 1139761, 1139763, 1139765, 1139767, 1139769, 1139771, 1139773, 1139775, 1139777, 1139779, 1139781, 1139783, 1139785, 1139787, 1139789, 1139791, 1139793, 1139795, 1139797, 1139799, 1139801, 1139803, 1139805, 1139811, 1139816, 1139818, 1139820, 1139822, 1139830, 1139851, 1139853, 1139855, 1139857, 1139859, 1139861, 1139863, 1139865, 1139867, 1139869, 1139871, 1139873, 1139875, 1139877, 1139879, 1139883, 1139887, 1139890, 1139892, 1139894, 1139896, 1139898, 1139904, 1139906, 1139908, 1139910, 1139913, 1139915, 1139919, 1139925, 1139931, 1139937, 1139943, 1139947, 1139949, 1139951, 1139953, 1139955, 1139961, 1139965, 1139969, 1139970, 1139975, 1139979, 1139983, 1139985, 1139987, 1139993, 1139995, 1139997, 1140002, 1140004, 1140006, 1140010, 1140013, 1140016, 1140018, 1140020, 1140022, 1140058, 1140060, 1140062, 1140064, 1140066, 1140068, 1140070, 1140072, 1140074, 1140076, 1140078, 1140080, 1140082, 1140084, 1140086, 1140088, 1140090, 1140092, 1140094, 1140096, 1140098, 1140100, 1140102, 1140104, 1140106, 1140108, 1140113, 1140115, 1140117, 1140119, 1140121, 1140123, 1140125, 1140127, 1140129, 1140131, 1140133, 1140135, 1140137, 1140139, 1140141, 1140143, 1140145, 1140147, 1140149, 1140151, 1140153, 1140155, 1140157, 1140159, 1140161, 1140163, 1140165, 1140168, 1140170, 1140172, 1140174, 1140176, 1140185, 1140257, 1140259, 1140261, 1140263, 1140265, 1140267, 1140269, 1140271, 1140273, 1140275, 1140277, 1140279, 1140281, 1140283, 1140285, 1140287, 1140289, 1140293, 1140295, 1140297, 1140299, 1140301, 1140303, 1140305, 1140307, 1140309, 1140311, 1140313, 1140315, 1140317, 1140319, 1140321, 1140323, 1140325, 1140327, 1140329, 1140331, 1140333, 1140335, 1140337, 1140339, 1140341, 1140343, 1140345, 1140347, 1140349, 1140351, 1140353, 1140355, 1140357, 1140359, 1140361, 1140363, 1140366, 1140368, 1140370, 1140372, 1140374, 1140396, 1140455, 1140457, 1140459, 1140461, 1140463, 1140465, 1140467, 1140469, 1140473, 1140475, 1140477, 1140479, 1140481, 1140487, 1140489, 1140495, 1140497, 1140499, 1140501, 1140503, 1140505, 1140508, 1140513, 1140516]}",,OPCUA_RECURSIVE_BROWSE,True
1786344045000,1786344050000,OPCUA_RECURSIVE_BROWSE,OPCUA_RECURSIVE_BROWSE#c170,"[""OPCUA_RECURSIVE_BROWSE""]","{""OPCUA_RECURSIVE_BROWSE#c170"": [1140518, 1140520, 1140522, 1140537, 1140542, 1140544, 1140546, 1140548, 1140550, 1140552, 1140554, 1140556, 1140558, 1140562, 1140564, 1140566, 1140568, 1140573, 1140577, 1140580, 1140583, 1140585, 1140587, 1140589, 1140591, 1140593, 1140595, 1140597, 1140599, 1140602, 1140604, 1140606, 1140608, 1140610, 1140657, 1140659, 1140661, 1140664, 1140665, 1140668, 1140672, 1140674, 1140676, 1140678, 1140680, 1140684, 1140688, 1140690, 1140692, 1140694, 1140696, 1140698, 1140700, 1140702, 1140704, 1140706, 1140708, 1140710, 1140712, 1140714, 1140716, 1140718, 1140720, 1140722, 1140724, 1140726, 1140728, 1140730, 1140732, 1140734, 1140736, 1140738, 1140740, 1140747, 1140753, 1140761, 1140768, 1140774, 1140785, 1140791, 1140800, 1140803, 1140812, 1140814, 1140819, 1140821, 1140823, 1140827, 1140838, 1140840, 1140842, 1140844, 1140846, 1140893, 1140895, 1140897, 1140899, 1140901, 1140903, 1140905, 1140907, 1140909, 1140911, 1140913, 1140915, 1140917, 1140919, 1140921, 1140923, 1140925, 1140927, 1140929, 1140931, 1140933, 1140935, 1140937, 1140939, 1140941, 1140943, 1140945, 1140947, 1140949, 1140951, 1140953, 1140955, 1140957, 1140959, 1140961, 1140963, 1140965, 1140967, 1140969, 1140970, 1140975, 1140977, 1140979, 1140982, 1140984, 1140987, 1140989, 1140991, 1140997, 1140999, 1141001, 1141003, 1141010, 1141012, 1141015, 1141017, 1141019, 1141021, 1141023, 1141103, 1141105, 1141107, 1141109, 1141111, 1141113, 1141115, 1141117, 1141123, 1141125, 1141127, 1141129, 1141131, 1141133, 1141135, 1141137, 1141139, 1141143, 1141145, 1141147, 1141149, 1141151, 1141153, 1141155, 1141157, 1141159, 1141161, 1141163, 1141165, 1141167, 1141169, 1141171, 1141173, 1141175, 1141177, 1141179, 1141181, 1141183, 1141189, 1141191, 1141193, 1141195, 1141197, 1141199, 1141201, 1141203, 1141205, 1141211, 1141220, 1141222, 1141236, 1141238, 1141244, 1141249, 1141251, 1141253, 1141255, 1141258, 1141262, 1141329, 1141335, 1141341, 1141347, 1141351, 1141353, 1141355, 1141357, 1141359, 1141365, 1141369, 1141371, 1141375, 1141377, 1141379, 1141381, 1141383, 1141385, 1141389, 1141392, 1141394, 1141396, 1141398, 1141400, 1141402, 1141407, 1141409, 1141411, 1141413, 1141415, 1141417, 1141422, 1141424, 1141426, 1141431, 1141433, 1141435, 1141437, 1141439, 1141441, 1141443, 1141445, 1141447, 1141449, 1141451, 1141453, 1141455, 1141457, 1141459, 1141461, 1141463, 1141465, 1141467, 1141470, 1141480, 1141490, 1141494, 1141496, 1141503, 1141525, 1141527]}",,OPCUA_RECURSIVE_BROWSE,True
1786344050000,1786344055000,benign,benign#chunk157,[],{},,,False
1786344055000,1786344060000,benign,benign#chunk157,[],{},,,False
1786344060000,1786344065000,benign,benign#chunk157,[],{},,,False
1786344065000,1786344070000,benign,benign#chunk157,[],{},,,False
1786344070000,1786344075000,benign,benign#chunk157,[],{},,,False
1786344075000,1786344080000,benign,benign#chunk157,[],{},,,False
1786344080000,1786344085000,benign,benign#chunk158,[],{},,,False
1786344085000,1786344090000,benign,benign#chunk158,[],{},,,False
1786344090000,1786344095000,benign,benign#chunk158,[],{},,,False
1786344095000,1786344100000,benign,benign#chunk158,[],{},,,False
1786344100000,1786344105000,benign,benign#chunk158,[],{},,,False
1786344105000,1786344110000,OPCUA_SLOWLORIS,OPCUA_SLOWLORIS#c171,"[""OPCUA_SLOWLORIS""]","{""OPCUA_SLOWLORIS#c171"": [1147659, 1147662, 1147667, 1147683, 1147697, 1147700, 1147705, 1147720, 1147734, 1147737, 1147742, 1147759, 1147781, 1147789, 1147795, 1147809, 1147825, 1147832, 1147838, 1147859, 1147880, 1147884, 1147889, 1147907, 1147912, 1147938, 1147944, 1147970, 1147992, 1147996, 1148001, 1148015, 1148031, 1148040, 1148047, 1148066, 1148080, 1148084, 1148101, 1148115, 1148125, 1148134, 1148136, 1148151, 1148152, 1148170, 1148184, 1148186, 1148188, 1148190, 1148192, 1148194, 1148196, 1148199, 1148241, 1148246]}",,OPCUA_SLOWLORIS,True
1786344110000,1786344115000,OPCUA_SLOWLORIS,OPCUA_SLOWLORIS#c171,"[""OPCUA_SLOWLORIS""]","{""OPCUA_SLOWLORIS#c171"": [1148249, 1148251, 1148259, 1148265, 1148272, 1148277, 1148286, 1148295, 1148391, 1148396, 1148398, 1148406, 1148413, 1148416, 1148419, 1148430, 1148433, 1148442, 1148528, 1148540, 1148542, 1148550, 1148553, 1148561, 1148575, 1148583, 1148594, 1148600, 1148680, 1148685, 1148689, 1148699, 1148702, 1148703, 1148710, 1148717, 1148720, 1148726, 1148802, 1148807, 1148808, 1148817, 1148820, 1148821, 1148828, 1148831, 1148837, 1148846, 1148913]}",,OPCUA_SLOWLORIS,True
1786344115000,1786344120000,OPCUA_SLOWLORIS,OPCUA_SLOWLORIS#c171,"[""OPCUA_SLOWLORIS""]","{""OPCUA_SLOWLORIS#c171"": [1148918, 1148919, 1148930, 1148933, 1148934, 1148943, 1148971, 1148978, 1148980, 1149065, 1149069, 1149070, 1149082, 1149085, 1149086, 1149095, 1149098, 1149101, 1149102, 1149204, 1149205, 1149206, 1149224, 1149226, 1149227, 1149242, 1149248, 1149259, 1149260, 1149325, 1149326, 1149327, 1149344, 1149356, 1149357, 1149368, 1149371, 1149374, 1149375, 1149434, 1149435, 1149436, 1149469, 1149478, 1149479, 1149489, 1149495, 1149506, 1149507]}",,OPCUA_SLOWLORIS,True
1786344120000,1786344125000,OPCUA_SLOWLORIS,OPCUA_SLOWLORIS#c171,"[""OPCUA_SLOWLORIS""]","{""OPCUA_SLOWLORIS#c171"": [1149549, 1149550, 1149551, 1149612, 1149624, 1149625, 1149656, 1149665, 1149668, 1149669, 1149733, 1149734, 1149735, 1149768, 1149792, 1149793, 1149803, 1149813, 1149816, 1149817, 1149864, 1149865, 1149866, 1149881, 1149893, 1149894, 1149895, 1149936, 1149956, 1149957, 1150018, 1150019, 1150020, 1150031, 1150036, 1150037, 1150038, 1150045, 1150087, 1150088, 1150138, 1150139, 1150140, 1150151, 1150154, 1150155, 1150156, 1150163, 1150170, 1150171]}",,OPCUA_SLOWLORIS,True
1786344125000,1786344130000,OPCUA_SLOWLORIS,OPCUA_SLOWLORIS#c171,"[""OPCUA_SLOWLORIS""]","{""OPCUA_SLOWLORIS#c171"": [1150246, 1150247, 1150248, 1150257, 1150262, 1150263, 1150264, 1150277, 1150284, 1150285, 1150355, 1150357, 1150358, 1150370, 1150373, 1150374, 1150375, 1150388, 1150400, 1150401, 1150474, 1150476, 1150478, 1150495, 1150506, 1150507, 1150508, 1150519, 1150525, 1150526, 1150579, 1150580, 1150581, 1150598, 1150603, 1150604, 1150605, 1150614, 1150619, 1150620, 1150697, 1150698, 1150699, 1150718, 1150726, 1150727, 1150728, 1150735, 1150738, 1150740, 1150742, 1150744, 1150745, 1150746, 1150750, 1150752, 1150754, 1150756, 1150761, 1150763]}",,OPCUA_SLOWLORIS,True
1786344130000,1786344135000,OPCUA_SLOWLORIS,OPCUA_SLOWLORIS#c171,"[""OPCUA_SLOWLORIS""]","{""OPCUA_SLOWLORIS#c171"": [1150830, 1150831, 1150832, 1150845, 1150850, 1150851, 1150852, 1150863, 1150866, 1150867, 1150934, 1150935, 1150936, 1150947, 1150954, 1150955, 1150956, 1150963, 1150966, 1150967, 1151043, 1151044, 1151045, 1151046, 1151061, 1151062, 1151063, 1151072, 1151077, 1151078, 1151153, 1151154, 1151155, 1151156, 1151181, 1151182, 1151183, 1151193, 1151204, 1151205, 1151234, 1151235, 1151236, 1151237, 1151289, 1151290, 1151291, 1151308, 1151320, 1151321]}",,OPCUA_SLOWLORIS,True
1786344135000,1786344140000,OPCUA_SLOWLORIS,OPCUA_SLOWLORIS#c171,"[""OPCUA_SLOWLORIS""]","{""OPCUA_SLOWLORIS#c171"": [1151454, 1151455, 1151456, 1151457, 1151478, 1151479, 1151480, 1151521, 1151547, 1151548, 1151616, 1151617, 1151618, 1151619, 1151634, 1151635, 1151636, 1151642, 1151712, 1151713, 1151751, 1151752, 1151753, 1151754, 1151773, 1151774, 1151775, 1151780, 1151807, 1151808, 1151871, 1151872, 1151873, 1151874, 1151889, 1151890, 1151891, 1151895, 1151901, 1151902, 1151979, 1151980, 1151981, 1151982, 1151997, 1151998, 1151999, 1152011, 1152017, 1152018]}",,OPCUA_SLOWLORIS,True
1786344140000,1786344145000,OPCUA_SLOWLORIS,OPCUA_SLOWLORIS#c171,"[""OPCUA_SLOWLORIS""]","{""OPCUA_SLOWLORIS#c171"": [1152118, 1152119, 1152120, 1152121, 1152140, 1152141, 1152142, 1152146, 1152154, 1152155, 1152336, 1152337, 1152338, 1152339, 1152352, 1152353, 1152354, 1152360, 1152366, 1152367, 1152432, 1152433, 1152434, 1152435, 1152452, 1152453, 1152454, 1152463, 1152466, 1152467, 1152547, 1152548, 1152549, 1152550, 1152565, 1152566, 1152567, 1152580, 1152584, 1152585, 1152646, 1152647, 1152648, 1152649, 1152662, 1152663, 1152664, 1152683, 1152687, 1152688]}",,OPCUA_SLOWLORIS,True
1786344145000,1786344150000,OPCUA_SLOWLORIS,OPCUA_SLOWLORIS#c171,"[""OPCUA_SLOWLORIS""]","{""OPCUA_SLOWLORIS#c171"": [1152748, 1152749, 1152750, 1152751, 1152770, 1152771, 1152772, 1152787, 1152792, 1152793, 1152816, 1152817, 1152818, 1152819, 1152866, 1152867, 1152868, 1152891, 1152908, 1152909, 1152977, 1152978, 1152979, 1152980, 1153019, 1153020, 1153021, 1153047, 1153050, 1153051, 1153085, 1153086, 1153087, 1153088, 1153102, 1153103, 1153104, 1153157, 1153168, 1153169, 1153206, 1153207, 1153208, 1153209, 1153218, 1153219, 1153220, 1153243, 1153247, 1153249, 1153254, 1153255, 1153257, 1153282, 1153284, 1153291, 1153294, 1153315, 1153317, 1153324, 1153325, 1153326, 1153328, 1153356, 1153358, 1153365, 1153368, 1153390, 1153392, 1153401]}",,OPCUA_SLOWLORIS,True
1786344150000,1786344155000,benign,benign#chunk158,[],{},,,False
1786344155000,1786344160000,benign,benign#chunk158,[],{},,,False
1786344160000,1786344165000,benign,benign#chunk158,[],{},,,False
1786344165000,1786344170000,benign,benign#chunk158,[],{},,,False
1786344170000,1786344175000,benign,benign#chunk158,[],{},,,False
1786344175000,1786344180000,benign,benign#chunk158,[],{},,,False
1786344180000,1786344185000,benign,benign#chunk158,[],{},,,False
1786344185000,1786344190000,benign,benign#chunk159,[],{},,,False
1786344190000,1786344195000,benign,benign#chunk159,[],{},,,False
1786344195000,1786344200000,benign,benign#chunk159,[],{},,,False
1786344200000,1786344205000,benign,benign#chunk159,[],{},,,False
1786344205000,1786344210000,benign,benign#chunk159,[],{},,OPCUA_SESSION_BURST,False
1786344210000,1786344215000,OPCUA_SESSION_BURST,OPCUA_SESSION_BURST#c172,"[""OPCUA_SESSION_BURST""]","{""OPCUA_SESSION_BURST#c172"": [1159942, 1159948, 1159950, 1159952, 1159955, 1159957, 1159971, 1159996, 1160103, 1160106, 1160110, 1160112, 1160114, 1160116, 1160130, 1160146, 1160201, 1160204, 1160206, 1160208, 1160213, 1160215, 1160229, 1160243, 1160338, 1160341, 1160343, 1160345, 1160348, 1160350, 1160366, 1160378, 1160460, 1160466, 1160468, 1160470, 1160473, 1160475, 1160489, 1160503]}",,OPCUA_SESSION_BURST,True
1786344215000,1786344220000,benign,benign#chunk159,[],{},,OPCUA_SESSION_BURST,False
1786344220000,1786344225000,benign,benign#chunk159,[],{},,,False
1786344225000,1786344230000,benign,benign#chunk159,[],{},,,False
1786344230000,1786344235000,benign,benign#chunk159,[],{},,,False
1786344235000,1786344240000,benign,benign#chunk159,[],{},,,False
1786344240000,1786344245000,benign,benign#chunk159,[],{},,,False
1786344245000,1786344250000,benign,benign#chunk159,[],{},,,False
1786344250000,1786344255000,benign,benign#chunk160,[],{},,,False
1786344255000,1786344260000,benign,benign#chunk160,[],{},,,False
1786344260000,1786344265000,benign,benign#chunk160,[],{},,,False
1786344265000,1786344270000,benign,benign#chunk160,[],{},,,False
1786344270000,1786344275000,benign,benign#chunk160,[],{},,,False
1786344275000,1786344280000,OPCUA_INVALID_WRITE,OPCUA_INVALID_WRITE#c173,"[""OPCUA_INVALID_WRITE""]","{""OPCUA_INVALID_WRITE#c173"": [1167275, 1167278, 1167281, 1167299, 1167313, 1167315]}",,OPCUA_INVALID_WRITE,True
1786344280000,1786344285000,benign,benign#chunk160,[],{},,,False
1786344285000,1786344290000,benign,benign#chunk160,[],{},,,False
1786344290000,1786344295000,benign,benign#chunk160,[],{},,,False
1786344295000,1786344300000,benign,benign#chunk160,[],{},,,False
1786344300000,1786344305000,benign,benign#chunk160,[],{},,,False
1786344305000,1786344310000,benign,benign#chunk160,[],{},,,False
1786344310000,1786344315000,benign,benign#chunk160,[],{},,,False
1786344315000,1786344320000,benign,benign#chunk161,[],{},,,False
1786344320000,1786344325000,benign,benign#chunk161,[],{},,,False
1786344325000,1786344330000,benign,benign#chunk161,[],{},,,False
1786344330000,1786344335000,benign,benign#chunk161,[],{},,,False
1786344335000,1786344340000,OPCUA_READ_SCRAPING,OPCUA_READ_SCRAPING#c174,"[""OPCUA_READ_SCRAPING""]","{""OPCUA_READ_SCRAPING#c174"": [1173596, 1173599, 1173601, 1173615, 1173629, 1173631, 1173635, 1173637, 1173640, 1173642, 1173644, 1173646, 1173648, 1173656]}",,OPCUA_READ_SCRAPING,True
1786344340000,1786344345000,OPCUA_READ_SCRAPING,OPCUA_READ_SCRAPING#c174,"[""OPCUA_READ_SCRAPING""]","{""OPCUA_READ_SCRAPING#c174"": [1173659, 1173661, 1173663, 1173665, 1173667, 1173669, 1173679, 1173683, 1173685, 1173687, 1173689, 1173691, 1173694, 1173698, 1173704, 1173710, 1173718, 1173724, 1173748, 1173750, 1173753, 1173756, 1173758, 1173760, 1173771, 1173773, 1173776, 1173778, 1173780, 1173782, 1173795, 1173797, 1173799, 1173801, 1173803, 1173806, 1173820, 1173822, 1173825, 1173827, 1173829, 1173831, 1173839, 1173841, 1173843, 1173845, 1173847, 1173849, 1173863, 1173865, 1173867, 1173869, 1173871, 1173873, 1173875, 1173882, 1173884, 1173886, 1173888, 1173890, 1173892, 1173896, 1173900, 1173902, 1173904, 1173908, 1173910, 1173913, 1173915, 1173917, 1173919, 1173921, 1173923, 1173932, 1173934, 1173936, 1173938, 1173940, 1173942, 1173945, 1173947, 1173949, 1173951, 1173953, 1173955, 1173960, 1173962, 1173968, 1173974, 1173980, 1173986, 1174012, 1174014, 1174016, 1174018, 1174020, 1174022, 1174035, 1174038, 1174040, 1174042, 1174044, 1174046, 1174050, 1174052, 1174054, 1174056, 1174058, 1174060, 1174069, 1174071, 1174073, 1174076, 1174078, 1174080, 1174092, 1174094, 1174096, 1174098, 1174100, 1174104, 1174106, 1174109, 1174111, 1174113, 1174115, 1174117, 1174119, 1174123, 1174125, 1174127, 1174129, 1174131, 1174133, 1174136, 1174138, 1174140, 1174142, 1174144, 1174146, 1174153, 1174155, 1174159, 1174161, 1174167, 1174169, 1174172, 1174174, 1174176, 1174178, 1174180, 1174183, 1174186, 1174188, 1174191, 1174193, 1174195, 1174205, 1174235, 1174237, 1174241, 1174245, 1174247, 1174249, 1174282, 1174286, 1174288, 1174290, 1174292, 1174294, 1174301, 1174303, 1174305, 1174307, 1174309, 1174311, 1174314, 1174316, 1174318, 1174320, 1174322, 1174324, 1174331, 1174333, 1174335, 1174337, 1174339, 1174341, 1174343, 1174347, 1174349, 1174351, 1174353, 1174355, 1174357, 1174362, 1174364, 1174366, 1174368, 1174370, 1174372, 1174376, 1174378, 1174380, 1174382, 1174384, 1174386, 1174395, 1174398, 1174400, 1174402, 1174404, 1174406, 1174412, 1174414, 1174418, 1174420, 1174423, 1174425, 1174432, 1174434, 1174436, 1174438, 1174440, 1174442, 1174445, 1174447, 1174451, 1174453, 1174457, 1174461, 1174464, 1174466, 1174472, 1174478, 1174484, 1174490, 1174525, 1174528, 1174530, 1174532, 1174536, 1174538, 1174542, 1174544, 1174546, 1174548, 1174551, 1174553, 1174560, 1174562, 1174564, 1174566, 1174568, 1174570, 1174574, 1174576, 1174578, 1174580, 1174582, 1174584, 1174586, 1174593, 1174595, 1174597, 1174599, 1174601, 1174603, 1174606, 1174608, 1174610, 1174612, 1174614, 1174616, 1174623, 1174625, 1174627, 1174629, 1174633, 1174635, 1174642, 1174644, 1174646, 1174648, 1174650, 1174652, 1174655, 1174657, 1174659, 1174661, 1174665, 1174667, 1174670, 1174672, 1174674, 1174676, 1174678, 1174680, 1174687, 1174689, 1174692, 1174694, 1174696, 1174698, 1174701, 1174705, 1174707, 1174709, 1174711, 1174717, 1174754, 1174756, 1174758, 1174760, 1174762, 1174766, 1174777, 1174779, 1174781, 1174783, 1174785, 1174786, 1174791, 1174801, 1174803, 1174805, 1174807, 1174809, 1174811, 1174825, 1174827]}",,OPCUA_READ_SCRAPING,True
1786344345000,1786344350000,OPCUA_READ_SCRAPING,OPCUA_READ_SCRAPING#c174,"[""OPCUA_READ_SCRAPING""]","{""OPCUA_READ_SCRAPING#c174"": [1174829, 1174831, 1174833, 1174835, 1174838, 1174840, 1174842, 1174848, 1174850, 1174852, 1174859, 1174861, 1174863, 1174867, 1174869, 1174871, 1174878, 1174880, 1174882, 1174884, 1174886, 1174888, 1174894, 1174900, 1174902, 1174904, 1174906, 1174908, 1174911, 1174913, 1174915, 1174917, 1174919, 1174921, 1174928, 1174930, 1174932, 1174934, 1174936, 1174938, 1174943, 1174945, 1174947, 1174949, 1174951, 1174953, 1174960, 1174962, 1174965, 1174968, 1174970, 1174972, 1174989, 1174993, 1174995, 1174997, 1174999, 1175001, 1175019, 1175031, 1175033, 1175038, 1175040, 1175042, 1175044, 1175052, 1175054, 1175057, 1175059, 1175061, 1175063, 1175074, 1175076, 1175078, 1175080, 1175082, 1175084, 1175089, 1175091, 1175093, 1175097, 1175103, 1175105, 1175110, 1175112, 1175114, 1175116, 1175118, 1175120, 1175123, 1175125, 1175127, 1175129, 1175131, 1175133, 1175138, 1175140, 1175142, 1175144, 1175146, 1175148, 1175155, 1175157, 1175159, 1175161, 1175163, 1175165, 1175170, 1175172, 1175174, 1175176, 1175178, 1175180, 1175189, 1175191, 1175194, 1175196, 1175198, 1175200, 1175207, 1175209, 1175211, 1175213, 1175217, 1175219, 1175224, 1175225, 1175232, 1175234, 1175238, 1175244, 1175246, 1175277, 1175279, 1175287, 1175294, 1175296, 1175298, 1175308, 1175310, 1175312, 1175315, 1175317, 1175319, 1175326, 1175330, 1175336, 1175338, 1175340, 1175342, 1175347, 1175350, 1175352, 1175357, 1175362, 1175364, 1175369, 1175371, 1175373, 1175375, 1175379, 1175381, 1175384, 1175386, 1175388, 1175390, 1175392, 1175394, 1175401, 1175403, 1175405, 1175407, 1175409, 1175411, 1175416, 1175418, 1175420, 1175422, 1175424, 1175426, 1175431, 1175433, 1175435, 1175438, 1175440, 1175442, 1175469, 1175471, 1175473, 1175475, 1175477, 1175479, 1175486, 1175487, 1175491, 1175494, 1175496, 1175498, 1175500, 1175511, 1175513, 1175515, 1175517, 1175519, 1175521, 1175560, 1175562, 1175564, 1175566, 1175568, 1175570, 1175579, 1175581, 1175583, 1175585, 1175587, 1175589, 1175603, 1175605, 1175607, 1175609, 1175611, 1175613, 1175616, 1175618, 1175620, 1175622, 1175624, 1175626, 1175629, 1175631, 1175633, 1175635, 1175637, 1175640, 1175648, 1175650, 1175652, 1175654, 1175657, 1175659, 1175664, 1175666, 1175668, 1175670, 1175672, 1175674, 1175679, 1175685, 1175687, 1175689, 1175691, 1175693, 1175702, 1175704, 1175706, 1175708, 1175710, 1175712, 1175717, 1175718, 1175723, 1175725, 1175727, 1175729, 1175731, 1175737, 1175739]}",,OPCUA_READ_SCRAPING,True
1786344350000,1786344355000,benign,benign#chunk161,[],{},,,False
1786344355000,1786344360000,benign,benign#chunk161,[],{},,,False
1786344360000,1786344365000,benign,benign#chunk161,[],{},,,False
1786344365000,1786344370000,benign,benign#chunk161,[],{},,,False
1786344370000,1786344375000,benign,benign#chunk161,[],{},,,False
1786344375000,1786344380000,benign,benign#chunk161,[],{},,,False
1786344380000,1786344385000,benign,benign#chunk161,[],{},,,False
1786344385000,1786344390000,benign,benign#chunk161,[],{},,,False
1786344390000,1786344395000,benign,benign#chunk162,[],{},,,False
1786344395000,1786344400000,benign,benign#chunk162,[],{},,,False
1786344400000,1786344405000,benign,benign#chunk162,[],{},,,False
1786344405000,1786344410000,OPCUA_SLOWLORIS,OPCUA_SLOWLORIS#c175,"[""OPCUA_SLOWLORIS""]","{""OPCUA_SLOWLORIS#c175"": [1181715, 1181719, 1181722, 1181731, 1181749, 1181765, 1181772, 1181784, 1181804, 1181818, 1181826, 1181831, 1181849, 1181861, 1181876, 1181884, 1181899, 1181916, 1181919, 1181924, 1181940, 1181954, 1181959, 1181967, 1181981, 1181999, 1182002, 1182008, 1182027, 1182041, 1182046, 1182052, 1182067, 1182081, 1182084, 1182093, 1182108, 1182122, 1182129, 1182134, 1182149, 1182163, 1182166, 1182168, 1182171, 1182173, 1182190, 1182204, 1182218, 1182220, 1182222, 1182224, 1182233, 1182235, 1182238]}",,OPCUA_SLOWLORIS,True
1786344410000,1786344415000,OPCUA_SLOWLORIS,OPCUA_SLOWLORIS#c175,"[""OPCUA_SLOWLORIS""]","{""OPCUA_SLOWLORIS#c175"": [1182299, 1182303, 1182313, 1182323, 1182352, 1182361, 1182366, 1182371, 1182382, 1182388, 1182419, 1182444, 1182451, 1182452, 1182461, 1182490, 1182491, 1182511, 1182517, 1182527, 1182596, 1182599, 1182613, 1182614, 1182623, 1182626, 1182627, 1182656, 1182674, 1182689, 1182740, 1182745, 1182752, 1182753, 1182759, 1182765, 1182766, 1182773, 1182774, 1182791, 1182860, 1182864, 1182871, 1182872, 1182878, 1182891, 1182892, 1182903, 1182904, 1182911]}",,OPCUA_SLOWLORIS,True
1786344415000,1786344420000,OPCUA_SLOWLORIS,OPCUA_SLOWLORIS#c175,"[""OPCUA_SLOWLORIS""]","{""OPCUA_SLOWLORIS#c175"": [1182980, 1182987, 1182994, 1182995, 1183002, 1183020, 1183021, 1183057, 1183058, 1183072, 1183142, 1183148, 1183159, 1183160, 1183169, 1183172, 1183173, 1183182, 1183183, 1183191, 1183284, 1183292, 1183303, 1183304, 1183314, 1183319, 1183320, 1183327, 1183328, 1183335, 1183420, 1183425, 1183432, 1183433, 1183440, 1183451, 1183452, 1183457, 1183458, 1183463, 1183540, 1183549, 1183556, 1183557, 1183560, 1183571, 1183572, 1183600, 1183601, 1183611]}",,OPCUA_SLOWLORIS,True
1786344420000,1786344425000,OPCUA_SLOWLORIS,OPCUA_SLOWLORIS#c175,"[""OPCUA_SLOWLORIS""]","{""OPCUA_SLOWLORIS#c175"": [1183682, 1183689, 1183708, 1183709, 1183710, 1183732, 1183733, 1183742, 1183743, 1183753, 1183793, 1183807, 1183843, 1183844, 1183845, 1183862, 1183863, 1183884, 1183885, 1183891, 1183923, 1183925, 1183960, 1183962, 1183963, 1183988, 1183989, 1184003, 1184004, 1184026, 1184063, 1184066, 1184075, 1184076, 1184077, 1184092, 1184093, 1184132, 1184133, 1184145, 1184191, 1184195, 1184206, 1184207, 1184208, 1184217, 1184218, 1184225, 1184226, 1184270]}",,OPCUA_SLOWLORIS,True
1786344425000,1786344430000,OPCUA_SLOWLORIS,OPCUA_SLOWLORIS#c175,"[""OPCUA_SLOWLORIS""]","{""OPCUA_SLOWLORIS#c175"": [1184351, 1184353, 1184361, 1184362, 1184363, 1184391, 1184392, 1184413, 1184414, 1184453, 1184519, 1184520, 1184533, 1184534, 1184535, 1184546, 1184547, 1184560, 1184561, 1184568, 1184656, 1184657, 1184664, 1184666, 1184667, 1184680, 1184681, 1184686, 1184687, 1184692, 1184821, 1184822, 1184831, 1184832, 1184833, 1184850, 1184851, 1184858, 1184859, 1184865, 1184956, 1184957, 1184964, 1184965, 1184966, 1184979, 1184980, 1184985, 1184986, 1184991, 1184992, 1184995, 1184997, 1185003, 1185005, 1185007, 1185009, 1185011, 1185013, 1185015]}",,OPCUA_SLOWLORIS,True
1786344430000,1786344435000,OPCUA_SLOWLORIS,OPCUA_SLOWLORIS#c175,"[""OPCUA_SLOWLORIS""]","{""OPCUA_SLOWLORIS#c175"": [1185097, 1185098, 1185109, 1185110, 1185111, 1185119, 1185120, 1185130, 1185131, 1185142, 1185249, 1185250, 1185255, 1185256, 1185257, 1185267, 1185268, 1185278, 1185279, 1185288, 1185371, 1185372, 1185383, 1185384, 1185385, 1185399, 1185400, 1185409, 1185410, 1185420, 1185513, 1185514, 1185519, 1185520, 1185521, 1185529, 1185530, 1185545, 1185546, 1185553, 1185631, 1185632, 1185642, 1185643, 1185644, 1185650, 1185652, 1185668, 1185669, 1185681]}",,OPCUA_SLOWLORIS,True
1786344435000,1786344440000,OPCUA_SLOWLORIS,OPCUA_SLOWLORIS#c175,"[""OPCUA_SLOWLORIS""]","{""OPCUA_SLOWLORIS#c175"": [1185808, 1185809, 1185846, 1185858, 1185859, 1185860, 1185861, 1185874, 1185875, 1185895, 1185935, 1185936, 1185943, 1185950, 1185951, 1185952, 1185953, 1185974, 1185975, 1186015, 1186062, 1186063, 1186077, 1186078, 1186079, 1186080, 1186085, 1186097, 1186098, 1186121, 1186192, 1186193, 1186207, 1186208, 1186209, 1186210, 1186216, 1186228, 1186229, 1186242, 1186325, 1186326, 1186341, 1186342, 1186343, 1186344, 1186349, 1186358, 1186359, 1186384]}",,OPCUA_SLOWLORIS,True
1786344440000,1786344445000,OPCUA_SLOWLORIS,OPCUA_SLOWLORIS#c175,"[""OPCUA_SLOWLORIS""]","{""OPCUA_SLOWLORIS#c175"": [1186465, 1186466, 1186471, 1186472, 1186473, 1186474, 1186484, 1186490, 1186491, 1186510, 1186686, 1186687, 1186696, 1186697, 1186698, 1186699, 1186707, 1186715, 1186716, 1186737, 1186814, 1186815, 1186822, 1186823, 1186824, 1186825, 1186826, 1186832, 1186833, 1186866, 1186955, 1186956, 1186961, 1186962, 1186963, 1186964, 1186965, 1186971, 1186972, 1186995, 1187084, 1187085, 1187090, 1187091, 1187092, 1187093, 1187094, 1187095, 1187096, 1187121]}",,OPCUA_SLOWLORIS,True
1786344445000,1786344450000,OPCUA_SLOWLORIS,OPCUA_SLOWLORIS#c175,"[""OPCUA_SLOWLORIS""]","{""OPCUA_SLOWLORIS#c175"": [1187227, 1187228, 1187242, 1187243, 1187244, 1187245, 1187246, 1187247, 1187248, 1187287, 1187369, 1187370, 1187377, 1187378, 1187379, 1187380, 1187381, 1187382, 1187383, 1187417, 1187508, 1187509, 1187522, 1187524, 1187525, 1187526, 1187527, 1187528, 1187529, 1187565, 1187622, 1187623, 1187632, 1187644, 1187645, 1187646, 1187647, 1187648, 1187649, 1187677, 1187746, 1187747, 1187748, 1187775, 1187776, 1187784, 1187785, 1187786, 1187787, 1187788, 1187790, 1187794, 1187810, 1187812, 1187840, 1187842, 1187851, 1187853, 1187873, 1187874, 1187876, 1187882, 1187884, 1187903, 1187905, 1187913, 1187915, 1187944, 1187946, 1187951]}",,OPCUA_SLOWLORIS,True
1786344450000,1786344455000,benign,benign#chunk162,[],{},,,False
1786344455000,1786344460000,benign,benign#chunk162,[],{},,,False
1786344460000,1786344465000,benign,benign#chunk162,[],{},,,False
1786344465000,1786344470000,benign,benign#chunk162,[],{},,,False
1786344470000,1786344475000,benign,benign#chunk162,[],{},,,False
1786344475000,1786344480000,benign,benign#chunk162,[],{},,,False
1786344480000,1786344485000,benign,benign#chunk162,[],{},,,False
1786344485000,1786344490000,benign,benign#chunk162,[],{},,,False
1786344490000,1786344495000,benign,benign#chunk162,[],{},,,False
1786344495000,1786344500000,benign,benign#chunk163,[],{},,,False
1786344500000,1786344505000,benign,benign#chunk163,[],{},,,False
1786344505000,1786344510000,OPCUA_RECURSIVE_BROWSE,OPCUA_RECURSIVE_BROWSE#c176,"[""OPCUA_RECURSIVE_BROWSE""]","{""OPCUA_RECURSIVE_BROWSE#c176"": [1194057, 1194060, 1194062, 1194076, 1194092, 1194094, 1194096, 1194098, 1194100, 1194102, 1194104, 1194106, 1194108, 1194110, 1194112, 1194114, 1194116, 1194118, 1194120, 1194122, 1194124, 1194126, 1194128, 1194130, 1194132, 1194134, 1194136, 1194138, 1194140, 1194142, 1194144, 1194146, 1194148, 1194150, 1194152, 1194154, 1194156]}",,OPCUA_RECURSIVE_BROWSE,True
1786344510000,1786344515000,OPCUA_RECURSIVE_BROWSE,OPCUA_RECURSIVE_BROWSE#c176,"[""OPCUA_RECURSIVE_BROWSE""]","{""OPCUA_RECURSIVE_BROWSE#c176"": [1194158, 1194160, 1194162, 1194164, 1194166, 1194168, 1194170, 1194172, 1194177, 1194182, 1194184, 1194186, 1194188, 1194190, 1194192, 1194194, 1194196, 1194198, 1194201, 1194203, 1194205, 1194207, 1194209, 1194271, 1194273, 1194275, 1194277, 1194279, 1194281, 1194283, 1194285, 1194288, 1194290, 1194292, 1194298, 1194300, 1194302, 1194304, 1194307, 1194309, 1194311, 1194313, 1194315, 1194317, 1194319, 1194329, 1194331, 1194333, 1194335, 1194337, 1194339, 1194341, 1194343, 1194345, 1194347, 1194349, 1194351, 1194353, 1194355, 1194357, 1194359, 1194361, 1194362, 1194367, 1194369, 1194371, 1194375, 1194377, 1194379, 1194381, 1194383, 1194385, 1194387, 1194389, 1194391, 1194393, 1194395, 1194398, 1194400, 1194402, 1194404, 1194406, 1194440, 1194442, 1194444, 1194446, 1194448, 1194450, 1194452, 1194454, 1194456, 1194458, 1194460, 1194462, 1194464, 1194466, 1194468, 1194470, 1194472, 1194474, 1194476, 1194478, 1194480, 1194482, 1194484, 1194488, 1194494, 1194502, 1194512, 1194526, 1194532, 1194539, 1194545, 1194548, 1194550, 1194554, 1194560, 1194562, 1194564, 1194566, 1194570, 1194572, 1194574, 1194576, 1194578, 1194580, 1194582, 1194586, 1194588, 1194590, 1194593, 1194595, 1194597, 1194600, 1194602, 1194611, 1194617, 1194619, 1194621, 1194623, 1194626, 1194659, 1194661, 1194663, 1194665, 1194669, 1194671, 1194673, 1194675, 1194677, 1194679, 1194681, 1194683, 1194685, 1194689, 1194691, 1194693, 1194695, 1194697, 1194699, 1194701, 1194703, 1194705, 1194707, 1194709, 1194711, 1194713, 1194715, 1194717, 1194719, 1194721, 1194723, 1194725, 1194727, 1194729, 1194731, 1194733, 1194735, 1194737, 1194739, 1194741, 1194747, 1194749, 1194751, 1194753, 1194757, 1194759, 1194761, 1194763, 1194765, 1194767, 1194769, 1194771, 1194773, 1194776, 1194778, 1194780, 1194782, 1194784, 1194861, 1194878, 1194881, 1194884, 1194886, 1194888, 1194890, 1194892, 1194894, 1194896, 1194898, 1194900, 1194902, 1194905, 1194907, 1194909, 1194911, 1194913, 1194915, 1194917, 1194920, 1194922, 1194924, 1194927, 1194929, 1194937, 1194940, 1194942, 1194944, 1194946, 1194948, 1194950, 1194952, 1194954, 1194956, 1194958, 1194960, 1194962, 1194966, 1194968, 1194970, 1194973, 1194975, 1194977, 1194987, 1194989, 1194991, 1194993, 1194997, 1194999, 1195001, 1195003, 1195005, 1195007, 1195010, 1195013, 1195015, 1195017, 1195019, 1195106, 1195107, 1195112, 1195114, 1195116, 1195118, 1195120, 1195123, 1195125, 1195127, 1195129, 1195131, 1195133, 1195136, 1195138, 1195140, 1195142, 1195144, 1195146, 1195148, 1195150, 1195152, 1195154, 1195156, 1195158, 1195160, 1195162, 1195164, 1195166, 1195168, 1195174, 1195176, 1195178, 1195180, 1195182, 1195184, 1195186, 1195188, 1195190, 1195192, 1195194, 1195196, 1195198, 1195200, 1195202, 1195204, 1195206, 1195208, 1195210, 1195212, 1195214, 1195216, 1195218, 1195220, 1195223, 1195225, 1195227, 1195230, 1195232, 1195250, 1195252, 1195254, 1195257, 1195259, 1195261, 1195265, 1195267, 1195269, 1195272, 1195274, 1195276, 1195278, 1195280, 1195282, 1195290, 1195300, 1195305, 1195307, 1195309, 1195311, 1195313, 1195315, 1195317, 1195319, 1195321, 1195323, 1195325, 1195327, 1195335, 1195339, 1195345, 1195351, 1195357, 1195365, 1195371, 1195377, 1195378, 1195383, 1195385, 1195387, 1195389, 1195395, 1195399, 1195401, 1195404, 1195406, 1195412, 1195414, 1195416, 1195418, 1195422, 1195426, 1195428, 1195431, 1195433, 1195438, 1195440, 1195442]}",,OPCUA_RECURSIVE_BROWSE,True
1786344515000,1786344520000,OPCUA_RECURSIVE_BROWSE,OPCUA_RECURSIVE_BROWSE#c176,"[""OPCUA_RECURSIVE_BROWSE""]","{""OPCUA_RECURSIVE_BROWSE#c176"": [1195462, 1195464, 1195466, 1195468, 1195470, 1195472, 1195474, 1195476, 1195478, 1195482, 1195484, 1195486, 1195488, 1195490, 1195492, 1195494, 1195496, 1195498, 1195500, 1195502, 1195504, 1195506, 1195508, 1195510, 1195512, 1195514, 1195516, 1195518, 1195520, 1195522, 1195524, 1195526, 1195528, 1195534, 1195536, 1195538, 1195540, 1195542, 1195544, 1195547, 1195549, 1195552, 1195556, 1195558, 1195562, 1195564, 1195566, 1195568, 1195570, 1195582, 1195584, 1195590, 1195592, 1195595, 1195597, 1195599, 1195601, 1195603, 1195611, 1195673, 1195675, 1195677, 1195679, 1195681, 1195683, 1195685, 1195687, 1195689, 1195691, 1195693, 1195695, 1195697, 1195699, 1195701, 1195703, 1195705, 1195707, 1195709, 1195711, 1195713, 1195715, 1195718, 1195720, 1195722, 1195724, 1195726, 1195728, 1195730, 1195732, 1195734, 1195740, 1195742, 1195744, 1195746, 1195748, 1195750, 1195752, 1195754, 1195756, 1195758, 1195760, 1195762, 1195764, 1195766, 1195768, 1195770, 1195772, 1195774, 1195776, 1195781, 1195783, 1195785, 1195789, 1195791, 1195793, 1195795, 1195797, 1195826, 1195859, 1195867, 1195873, 1195879, 1195883, 1195887, 1195889, 1195891, 1195902, 1195904, 1195906, 1195908, 1195914, 1195916, 1195920, 1195926, 1195928, 1195930, 1195932, 1195934, 1195936, 1195938, 1195940, 1195943, 1195946, 1195948, 1195950, 1195952, 1195954, 1195956, 1195958, 1195962, 1195964, 1195966, 1195968, 1195970, 1195972, 1195974, 1195976, 1195978, 1195980, 1195982, 1195984, 1195986, 1195988, 1195990, 1195992, 1195996, 1195998, 1196000, 1196002, 1196004, 1196006, 1196009, 1196011, 1196013, 1196015, 1196017, 1196056, 1196057, 1196060, 1196064, 1196066, 1196068, 1196070, 1196072, 1196074, 1196080, 1196082, 1196084, 1196089, 1196091, 1196093, 1196095, 1196097, 1196099, 1196101, 1196103, 1196105, 1196107, 1196109, 1196111, 1196113, 1196115, 1196117, 1196120, 1196122, 1196124, 1196128, 1196130, 1196132, 1196134, 1196136, 1196138, 1196140, 1196143, 1196145, 1196147, 1196149, 1196151, 1196153, 1196155, 1196157, 1196159, 1196161, 1196163, 1196165, 1196167, 1196169, 1196171, 1196177, 1196183, 1196192, 1196198, 1196204, 1196213, 1196219, 1196256, 1196258, 1196264, 1196272, 1196277, 1196283, 1196285, 1196287, 1196289, 1196291, 1196297, 1196299, 1196301, 1196303, 1196305, 1196307, 1196309, 1196311, 1196313, 1196315, 1196319, 1196321, 1196323, 1196325, 1196327, 1196329, 1196331, 1196333, 1196335, 1196337, 1196339, 1196341, 1196343, 1196345, 1196347, 1196348, 1196353, 1196357, 1196359, 1196361, 1196363, 1196365, 1196367, 1196369, 1196375, 1196377, 1196379, 1196381, 1196383, 1196385, 1196387, 1196389, 1196391, 1196393, 1196396, 1196398, 1196400, 1196402, 1196404, 1196465, 1196467, 1196469, 1196471, 1196473, 1196475, 1196477, 1196479, 1196481, 1196483, 1196485, 1196490, 1196492, 1196494, 1196496, 1196498, 1196500, 1196502, 1196504, 1196506, 1196508, 1196510, 1196512, 1196514, 1196516, 1196518, 1196520, 1196522, 1196524, 1196526, 1196528, 1196535, 1196537, 1196540, 1196542, 1196544, 1196548, 1196552, 1196554, 1196556, 1196558, 1196564, 1196578, 1196580, 1196582, 1196584, 1196592, 1196594, 1196596, 1196598, 1196600, 1196602, 1196604, 1196607, 1196609, 1196611, 1196613, 1196615, 1196622]}",,OPCUA_RECURSIVE_BROWSE,True
1786344520000,1786344525000,OPCUA_RECURSIVE_BROWSE,OPCUA_RECURSIVE_BROWSE#c176,"[""OPCUA_RECURSIVE_BROWSE""]","{""OPCUA_RECURSIVE_BROWSE#c176"": [1196633, 1196635, 1196637, 1196640, 1196645, 1196647, 1196649, 1196651, 1196653, 1196655, 1196657, 1196659, 1196661, 1196665, 1196671, 1196679, 1196683, 1196693, 1196699, 1196703, 1196705, 1196707, 1196709, 1196711, 1196713, 1196717, 1196723, 1196727, 1196729, 1196731, 1196735, 1196737, 1196739, 1196741, 1196745, 1196749, 1196751, 1196755, 1196757, 1196759, 1196761, 1196763, 1196766, 1196768, 1196770, 1196772, 1196778, 1196781, 1196785, 1196788, 1196790, 1196792, 1196794, 1196797, 1196799, 1196801, 1196803, 1196805, 1196835, 1196845, 1196847, 1196849, 1196851, 1196853, 1196855, 1196857, 1196859, 1196861, 1196863, 1196865, 1196867, 1196869, 1196871, 1196873, 1196875, 1196877, 1196879, 1196881, 1196883, 1196885, 1196887, 1196891, 1196893, 1196895, 1196897, 1196899, 1196901, 1196903, 1196905, 1196907, 1196909, 1196911, 1196913, 1196916, 1196918, 1196920, 1196922, 1196924, 1196926, 1196928, 1196930, 1196932, 1196934, 1196936, 1196938, 1196940, 1196942, 1196944, 1196946, 1196948, 1196950, 1196952, 1196955, 1196957, 1196959, 1196961, 1196963, 1197045, 1197049, 1197051, 1197053, 1197055, 1197057, 1197059, 1197061, 1197063, 1197065, 1197067, 1197069, 1197071, 1197073, 1197075, 1197077, 1197079, 1197081, 1197083, 1197085, 1197087, 1197089, 1197091, 1197093, 1197095, 1197097, 1197099, 1197101, 1197103, 1197105, 1197107, 1197109, 1197111, 1197113, 1197117, 1197119, 1197121, 1197123, 1197125, 1197127, 1197129, 1197135, 1197137, 1197139, 1197141, 1197143, 1197145, 1197147, 1197149, 1197151, 1197153, 1197155, 1197157, 1197159, 1197164, 1197166, 1197168, 1197170, 1197172, 1197231, 1197235, 1197237, 1197245, 1197251, 1197253, 1197255, 1197258, 1197260, 1197262, 1197264, 1197266, 1197268, 1197270, 1197272, 1197274, 1197276, 1197278, 1197280, 1197284, 1197286, 1197288, 1197293, 1197295, 1197297, 1197299, 1197301, 1197303, 1197305, 1197307, 1197309, 1197311, 1197313, 1197314, 1197319, 1197321, 1197323, 1197325, 1197327, 1197329, 1197331, 1197335, 1197337, 1197339, 1197341, 1197343, 1197345, 1197347, 1197349, 1197351, 1197353, 1197355, 1197357, 1197359, 1197362, 1197364, 1197366, 1197368, 1197370, 1197404, 1197406, 1197408, 1197410, 1197412, 1197414, 1197416, 1197418, 1197420, 1197422, 1197424, 1197426, 1197428, 1197430, 1197432, 1197434, 1197436, 1197438, 1197440, 1197442, 1197444, 1197446, 1197448, 1197450, 1197452, 1197454, 1197456, 1197458, 1197460, 1197463, 1197465, 1197467, 1197469, 1197473, 1197480, 1197486, 1197492, 1197500, 1197514, 1197516, 1197526, 1197536, 1197541, 1197543, 1197546, 1197554, 1197558, 1197560, 1197562, 1197566, 1197569, 1197571, 1197573, 1197578, 1197580, 1197582, 1197584, 1197587, 1197593, 1197611, 1197613, 1197615, 1197617, 1197619, 1197621, 1197623, 1197625, 1197627, 1197629, 1197631, 1197633, 1197635, 1197637, 1197639, 1197641, 1197643, 1197645, 1197647, 1197649, 1197651, 1197653, 1197655, 1197657, 1197659, 1197661, 1197663, 1197665, 1197667, 1197669, 1197671, 1197673, 1197675, 1197677, 1197679, 1197681, 1197683, 1197685, 1197687, 1197689, 1197691, 1197693, 1197695, 1197697, 1197699, 1197701, 1197703, 1197705, 1197707, 1197709, 1197711, 1197713, 1197715, 1197718, 1197720, 1197722, 1197724, 1197726, 1197797]}",,OPCUA_RECURSIVE_BROWSE,True
1786344525000,1786344530000,OPCUA_RECURSIVE_BROWSE,OPCUA_RECURSIVE_BROWSE#c176,"[""OPCUA_RECURSIVE_BROWSE""]","{""OPCUA_RECURSIVE_BROWSE#c176"": [1197811, 1197813, 1197815, 1197821, 1197823, 1197825, 1197827, 1197829, 1197831, 1197833, 1197835, 1197837, 1197839, 1197842, 1197844, 1197846, 1197856, 1197861, 1197863, 1197865, 1197869, 1197871, 1197873, 1197875, 1197877, 1197879, 1197881, 1197883, 1197885, 1197887, 1197900, 1197902, 1197904, 1197906, 1197908, 1197910, 1197912, 1197914, 1197920, 1197922, 1197924, 1197926, 1197928, 1197930, 1197932, 1197934, 1197936, 1197938, 1197940, 1197942, 1197944, 1197946, 1197948, 1197951, 1197953, 1197955, 1197957, 1197959, 1198018, 1198025, 1198027]}",,OPCUA_RECURSIVE_BROWSE,True
1786344530000,1786344535000,benign,benign#chunk163,[],{},,,False
1786344535000,1786344540000,benign,benign#chunk163,[],{},,,False
1786344540000,1786344545000,benign,benign#chunk163,[],{},,,False
1786344545000,1786344550000,benign,benign#chunk163,[],{},,,False
1786344550000,1786344555000,benign,benign#chunk163,[],{},,,False
1786344555000,1786344560000,benign,benign#chunk163,[],{},,,False
1786344560000,1786344565000,benign,benign#chunk163,[],{},,,False
1786344565000,1786344570000,benign,benign#chunk163,[],{},,,False
1786344570000,1786344575000,benign,benign#chunk163,[],{},,,False
1786344575000,1786344580000,benign,benign#chunk163,[],{},,,False
1786344580000,1786344585000,benign,benign#chunk164,[],{},,,False
1786344585000,1786344590000,OPCUA_SUBSCRIPTION_FLOOD,OPCUA_SUBSCRIPTION_FLOOD#c177,"[""OPCUA_SUBSCRIPTION_FLOOD""]","{""OPCUA_SUBSCRIPTION_FLOOD#c177"": [1204564, 1204566, 1204568, 1204571, 1204573, 1204591, 1204592, 1204599, 1204710, 1204716]}",,OPCUA_SUBSCRIPTION_FLOOD,True
1786344590000,1786344595000,OPCUA_SUBSCRIPTION_FLOOD,OPCUA_SUBSCRIPTION_FLOOD#c177,"[""OPCUA_SUBSCRIPTION_FLOOD""]","{""OPCUA_SUBSCRIPTION_FLOOD#c177"": [1204828, 1204929, 1205022, 1205116, 1205203]}",,OPCUA_SUBSCRIPTION_FLOOD,True
1786344595000,1786344600000,OPCUA_SUBSCRIPTION_FLOOD,OPCUA_SUBSCRIPTION_FLOOD#c177,"[""OPCUA_SUBSCRIPTION_FLOOD""]","{""OPCUA_SUBSCRIPTION_FLOOD#c177"": [1205291, 1205436, 1205559, 1205695, 1205698, 1205706, 1205710, 1205713]}",,OPCUA_SUBSCRIPTION_FLOOD,True
1786344600000,1786344605000,OPCUA_SUBSCRIPTION_FLOOD,OPCUA_SUBSCRIPTION_FLOOD#c177,[],{},attack_without_in_interval_event_evidence,OPCUA_SUBSCRIPTION_FLOOD,True
1786344605000,1786344610000,benign,benign#chunk164,[],{},,,False
1786344610000,1786344615000,benign,benign#chunk164,[],{},,,False
1786344615000,1786344620000,benign,benign#chunk164,[],{},,,False
1786344620000,1786344625000,benign,benign#chunk164,[],{},,,False
1786344625000,1786344630000,benign,benign#chunk164,[],{},,,False
1786344630000,1786344635000,benign,benign#chunk164,[],{},,,False
1786344635000,1786344640000,benign,benign#chunk164,[],{},,,False
1786344640000,1786344645000,benign,benign#chunk164,[],{},,,False
1786344645000,1786344650000,benign,benign#chunk164,[],{},,,False
1786344650000,1786344655000,benign,benign#chunk164,[],{},,,False
1786344655000,1786344660000,benign,benign#chunk164,[],{},,,False
1786344660000,1786344665000,OPCUA_SESSION_BURST,OPCUA_SESSION_BURST#c178,"[""OPCUA_SESSION_BURST""]","{""OPCUA_SESSION_BURST#c178"": [1212285, 1212291, 1212293, 1212295, 1212298, 1212300, 1212316, 1212330, 1212385, 1212388, 1212390, 1212392, 1212395, 1212397, 1212411, 1212425, 1212513, 1212519, 1212521, 1212523, 1212526, 1212528, 1212542, 1212552, 1212607, 1212610, 1212612, 1212614, 1212619, 1212621, 1212635, 1212649, 1212730, 1212733, 1212735, 1212737, 1212740, 1212742, 1212756, 1212770]}",,OPCUA_SESSION_BURST,True
1786344665000,1786344670000,benign,benign#chunk165,[],{},,OPCUA_SESSION_BURST,False
1786344670000,1786344675000,benign,benign#chunk165,[],{},,OPCUA_SESSION_BURST,False
1786344675000,1786344680000,benign,benign#chunk165,[],{},,,False
1786344680000,1786344685000,benign,benign#chunk165,[],{},,,False
1786344685000,1786344690000,benign,benign#chunk165,[],{},,,False
1786344690000,1786344695000,benign,benign#chunk165,[],{},,,False
1786344695000,1786344700000,benign,benign#chunk165,[],{},,,False
1786344700000,1786344705000,benign,benign#chunk165,[],{},,,False
1786344705000,1786344710000,benign,benign#chunk165,[],{},,,False
1786344710000,1786344715000,benign,benign#chunk165,[],{},,,False
1786344715000,1786344720000,benign,benign#chunk165,[],{},,,False
1786344720000,1786344725000,benign,benign#chunk165,[],{},,,False
1786344725000,1786344730000,benign,benign#chunk166,[],{},,,False
1786344730000,1786344735000,OPCUA_RECURSIVE_BROWSE,OPCUA_RECURSIVE_BROWSE#c179,"[""OPCUA_RECURSIVE_BROWSE""]","{""OPCUA_RECURSIVE_BROWSE#c179"": [1219481, 1219484, 1219486, 1219502, 1219520, 1219522, 1219524, 1219526, 1219528, 1219530, 1219534, 1219536, 1219538, 1219540, 1219542, 1219544, 1219546, 1219548, 1219550, 1219553, 1219558, 1219560, 1219562, 1219564, 1219566, 1219568, 1219570, 1219572, 1219574, 1219576, 1219578, 1219580, 1219582, 1219592, 1219596, 1219598, 1219600, 1219602, 1219604, 1219607, 1219609, 1219611, 1219613, 1219615, 1219617, 1219619, 1219622, 1219624, 1219626, 1219628, 1219630, 1219632, 1219634, 1219636, 1219638, 1219642, 1219644, 1219646, 1219648, 1219650, 1219720, 1219722, 1219724, 1219726, 1219728, 1219733, 1219735, 1219737, 1219739, 1219741, 1219743, 1219745, 1219747, 1219749, 1219751, 1219753, 1219755, 1219757, 1219759, 1219761, 1219763, 1219769, 1219771, 1219773, 1219775, 1219777, 1219779, 1219781, 1219783, 1219784, 1219789, 1219793, 1219795, 1219797, 1219799, 1219801, 1219803, 1219809, 1219811, 1219813, 1219815, 1219817, 1219819, 1219821, 1219823, 1219825, 1219827, 1219829, 1219833, 1219835, 1219837, 1219839, 1219843, 1219845, 1219848, 1219850, 1219852, 1219854, 1219856, 1219880, 1219882, 1219884, 1219886, 1219888, 1219890, 1219892, 1219894, 1219896, 1219900, 1219906, 1219912, 1219918, 1219924, 1219930, 1219936, 1219942, 1219946, 1219948, 1219950, 1219952, 1219954, 1219956, 1219960, 1219964, 1219969, 1219971, 1219973, 1219975, 1219977, 1219981, 1219983, 1219987, 1219989, 1219991, 1219994, 1219996, 1219998, 1220001, 1220003, 1220005, 1220007, 1220009, 1220011, 1220013, 1220015, 1220020, 1220022, 1220024, 1220026, 1220028, 1220034, 1220036, 1220039, 1220041, 1220043, 1220045, 1220051, 1220060, 1220093, 1220095, 1220097, 1220101, 1220103, 1220105, 1220109, 1220113, 1220115, 1220117, 1220119, 1220122, 1220124, 1220126, 1220128, 1220130, 1220134, 1220137, 1220139, 1220141, 1220143, 1220149, 1220151, 1220153, 1220155, 1220157, 1220159, 1220161, 1220163, 1220165, 1220167, 1220169, 1220171, 1220176, 1220178, 1220180, 1220182, 1220184, 1220186, 1220188, 1220190, 1220192, 1220194, 1220196, 1220198, 1220200, 1220202, 1220204, 1220206, 1220208, 1220210, 1220212, 1220214, 1220217, 1220219, 1220221, 1220223, 1220225, 1220286, 1220301, 1220303, 1220305, 1220307, 1220309, 1220311, 1220313, 1220315, 1220317, 1220319, 1220321, 1220323, 1220325, 1220327, 1220329, 1220331, 1220333, 1220335, 1220337, 1220339, 1220341, 1220343, 1220345, 1220347, 1220349, 1220351, 1220353, 1220355, 1220357, 1220359, 1220361, 1220363, 1220365, 1220367, 1220369, 1220371, 1220373, 1220375, 1220377, 1220379, 1220381, 1220383, 1220385, 1220387, 1220389, 1220391, 1220393, 1220395, 1220397, 1220401, 1220405, 1220407, 1220409, 1220412, 1220414, 1220416, 1220418, 1220422, 1220493, 1220494, 1220499, 1220501, 1220503, 1220506, 1220508, 1220510, 1220512, 1220514, 1220516, 1220520, 1220522, 1220528, 1220530, 1220532, 1220534, 1220536, 1220538, 1220541, 1220543, 1220546, 1220549, 1220551, 1220553, 1220558, 1220560, 1220562, 1220565, 1220567, 1220569, 1220571, 1220573, 1220575, 1220581, 1220586, 1220588, 1220593, 1220595, 1220597, 1220599, 1220604, 1220606, 1220608, 1220611, 1220613, 1220615, 1220617, 1220619, 1220625, 1220627, 1220629, 1220631, 1220633, 1220637, 1220639, 1220641, 1220643, 1220646, 1220699, 1220701, 1220703, 1220705, 1220707]}",,OPCUA_RECURSIVE_BROWSE,True
1786344735000,1786344740000,OPCUA_RECURSIVE_BROWSE,OPCUA_RECURSIVE_BROWSE#c179,"[""OPCUA_RECURSIVE_BROWSE""]","{""OPCUA_RECURSIVE_BROWSE#c179"": [1220709, 1220711, 1220713, 1220715, 1220718, 1220720, 1220722, 1220724, 1220726, 1220728, 1220730, 1220732, 1220734, 1220736, 1220738, 1220740, 1220742, 1220744, 1220746, 1220748, 1220750, 1220752, 1220754, 1220756, 1220760, 1220766, 1220778, 1220780, 1220788, 1220794, 1220800, 1220806, 1220812, 1220816, 1220817, 1220820, 1220828, 1220830, 1220832, 1220834, 1220837, 1220839, 1220842, 1220844, 1220847, 1220851, 1220853, 1220857, 1220859, 1220862, 1220864, 1220866, 1220868, 1220874, 1221001, 1221003, 1221005, 1221007, 1221009, 1221011, 1221013, 1221015, 1221021, 1221023, 1221025, 1221027, 1221029, 1221031, 1221033, 1221035, 1221037, 1221039, 1221041, 1221043, 1221045, 1221056, 1221060, 1221062, 1221064, 1221066, 1221068, 1221070, 1221072, 1221074, 1221076, 1221078, 1221080, 1221082, 1221084, 1221086, 1221088, 1221090, 1221092, 1221094, 1221096, 1221099, 1221108, 1221110, 1221112, 1221114, 1221116, 1221118, 1221120, 1221122, 1221124, 1221126, 1221128, 1221131, 1221133, 1221135, 1221137, 1221139, 1221148, 1221220, 1221222, 1221224, 1221226, 1221228, 1221230, 1221232, 1221234, 1221236, 1221238, 1221240, 1221242, 1221244, 1221246, 1221248, 1221250, 1221252, 1221254, 1221256, 1221259, 1221261, 1221263, 1221265, 1221268, 1221270, 1221272, 1221274, 1221276, 1221278, 1221282, 1221286, 1221288, 1221290, 1221297, 1221303, 1221305, 1221307, 1221311, 1221313, 1221315, 1221317, 1221319, 1221321, 1221323, 1221325, 1221327, 1221329, 1221331, 1221333, 1221335, 1221337, 1221339, 1221341, 1221344, 1221346, 1221348, 1221350, 1221352, 1221375, 1221397, 1221399, 1221401, 1221405, 1221409, 1221411, 1221413, 1221415, 1221417, 1221419, 1221423, 1221433, 1221439, 1221445, 1221451, 1221459, 1221461, 1221468, 1221470, 1221472, 1221474, 1221476, 1221479, 1221481, 1221483, 1221487, 1221489, 1221492, 1221497, 1221499, 1221501, 1221503, 1221507, 1221510, 1221512, 1221514, 1221525, 1221527, 1221529, 1221531, 1221533, 1221538, 1221543, 1221545, 1221547, 1221549, 1221551, 1221555, 1221557, 1221560, 1221562, 1221564, 1221566, 1221569, 1221578, 1221592, 1221594, 1221596, 1221626, 1221627, 1221632, 1221634, 1221636, 1221638, 1221640, 1221642, 1221648, 1221650, 1221652, 1221654, 1221656, 1221658, 1221660, 1221662, 1221664, 1221666, 1221668, 1221670, 1221672, 1221674, 1221676, 1221678, 1221680, 1221682, 1221684, 1221686, 1221688, 1221690, 1221692, 1221694, 1221696, 1221698, 1221700, 1221702, 1221704, 1221706, 1221708, 1221717, 1221724, 1221726, 1221728, 1221730, 1221732, 1221734, 1221736, 1221738, 1221740, 1221743, 1221745, 1221747, 1221749, 1221751, 1221754, 1221756, 1221758, 1221760, 1221762, 1221833, 1221835, 1221837, 1221839, 1221841, 1221843, 1221845, 1221847, 1221849, 1221851, 1221853, 1221855, 1221857, 1221859, 1221861, 1221863, 1221865, 1221867, 1221869, 1221871, 1221873, 1221875, 1221877, 1221879, 1221881, 1221883, 1221885, 1221891, 1221893, 1221895, 1221897, 1221899, 1221901, 1221903, 1221905, 1221907, 1221909, 1221911, 1221913, 1221914, 1221917, 1221921, 1221923, 1221925, 1221927, 1221929, 1221931, 1221933, 1221935, 1221937, 1221941, 1221943, 1221945, 1221947, 1221952, 1221954, 1221956, 1221958, 1221964, 1222038, 1222043, 1222045, 1222047, 1222049, 1222051, 1222053, 1222055, 1222057, 1222059, 1222062, 1222066, 1222068, 1222070, 1222072, 1222074, 1222076, 1222081, 1222087, 1222089, 1222091, 1222093, 1222095, 1222097, 1222099, 1222101, 1222103, 1222105, 1222110, 1222112, 1222114, 1222116, 1222118, 1222120, 1222122, 1222124, 1222126, 1222128, 1222130, 1222132]}",,OPCUA_RECURSIVE_BROWSE,True
1786344740000,1786344745000,OPCUA_RECURSIVE_BROWSE,OPCUA_RECURSIVE_BROWSE#c179,"[""OPCUA_RECURSIVE_BROWSE""]","{""OPCUA_RECURSIVE_BROWSE#c179"": [1222134, 1222136, 1222138, 1222140, 1222142, 1222144, 1222148, 1222150, 1222152, 1222154, 1222156, 1222158, 1222160, 1222163, 1222165, 1222167, 1222169, 1222171, 1222182, 1222195, 1222197, 1222199, 1222201, 1222203, 1222205, 1222207, 1222209, 1222211, 1222213, 1222215, 1222217, 1222219, 1222221, 1222223, 1222225, 1222227, 1222229, 1222231, 1222233, 1222235, 1222237, 1222239, 1222241, 1222243, 1222245, 1222248, 1222250, 1222252, 1222254, 1222256, 1222259, 1222261, 1222263, 1222265, 1222273, 1222279, 1222291, 1222303, 1222309, 1222315, 1222321, 1222327, 1222331, 1222333, 1222335, 1222342, 1222350, 1222354, 1222356, 1222358, 1222360, 1222364, 1222367, 1222369, 1222376, 1222401, 1222417, 1222501, 1222510, 1222512, 1222514, 1222516, 1222518, 1222520, 1222522, 1222524, 1222526, 1222528, 1222530, 1222532, 1222534, 1222536, 1222538, 1222540, 1222542, 1222544, 1222546, 1222548, 1222550, 1222552, 1222554, 1222556, 1222558, 1222560, 1222562, 1222564, 1222566, 1222568, 1222570, 1222572, 1222574, 1222576, 1222578, 1222580, 1222582, 1222584, 1222586, 1222588, 1222590, 1222592, 1222594, 1222596, 1222598, 1222600, 1222602, 1222604, 1222606, 1222608, 1222610, 1222612, 1222614, 1222617, 1222619, 1222621, 1222623, 1222625, 1222717, 1222718, 1222722, 1222725, 1222727, 1222729, 1222731, 1222733, 1222735, 1222737, 1222741, 1222743, 1222745, 1222747, 1222749, 1222751, 1222753, 1222755, 1222757, 1222759, 1222761, 1222763, 1222765, 1222767, 1222769, 1222771, 1222773, 1222775, 1222777, 1222779, 1222781, 1222783, 1222787, 1222789, 1222791, 1222793, 1222795, 1222797, 1222799, 1222801, 1222803, 1222805, 1222807, 1222809, 1222811, 1222813, 1222815, 1222817, 1222819, 1222821, 1222823, 1222825, 1222827, 1222829, 1222832, 1222834, 1222836, 1222838, 1222840, 1222881, 1222885, 1222887, 1222889, 1222891, 1222895, 1222901, 1222907, 1222913, 1222922, 1222928, 1222930, 1222932, 1222934, 1222940, 1222942, 1222944, 1222946, 1222951, 1222958, 1222961, 1222963, 1222965, 1222967, 1222969, 1222971, 1222973, 1222981, 1222984, 1222991, 1222993, 1222995, 1222997, 1222999, 1223001, 1223003, 1223006, 1223008, 1223010, 1223012, 1223013, 1223018, 1223020, 1223025, 1223027, 1223029, 1223031, 1223035, 1223040, 1223042, 1223044, 1223046, 1223050, 1223052, 1223055, 1223060, 1223062, 1223064, 1223066, 1223085, 1223087, 1223092, 1223096, 1223100, 1223102, 1223104, 1223106, 1223108, 1223110, 1223112, 1223114, 1223116, 1223120, 1223122, 1223124, 1223126, 1223128, 1223130, 1223132, 1223134, 1223136, 1223138, 1223140, 1223142, 1223144, 1223146, 1223148, 1223150, 1223154, 1223156, 1223158, 1223162, 1223164, 1223166, 1223168, 1223170, 1223172, 1223174, 1223176, 1223178, 1223180, 1223182, 1223184, 1223186, 1223188, 1223190, 1223192, 1223194, 1223196, 1223198, 1223200, 1223202, 1223205, 1223207, 1223209, 1223211, 1223213, 1223265, 1223281, 1223283, 1223285, 1223287, 1223289, 1223291, 1223293, 1223295, 1223297, 1223299, 1223301, 1223303, 1223305, 1223307, 1223309, 1223311, 1223313, 1223315, 1223317, 1223319, 1223321, 1223323, 1223325, 1223327, 1223330, 1223332, 1223338, 1223340, 1223342, 1223344, 1223346, 1223348, 1223350, 1223352, 1223354, 1223356, 1223358, 1223361, 1223367, 1223369, 1223371, 1223373, 1223375, 1223377, 1223379, 1223381, 1223383, 1223385, 1223387, 1223390, 1223397, 1223402, 1223406, 1223411, 1223413, 1223417, 1223419, 1223421]}",,OPCUA_RECURSIVE_BROWSE,True
1786344745000,1786344750000,OPCUA_RECURSIVE_BROWSE,OPCUA_RECURSIVE_BROWSE#c179,"[""OPCUA_RECURSIVE_BROWSE""]","{""OPCUA_RECURSIVE_BROWSE#c179"": [1223477, 1223495, 1223497, 1223499, 1223501, 1223507, 1223509, 1223511, 1223513, 1223515, 1223517, 1223519, 1223521, 1223523, 1223528, 1223530, 1223532, 1223534, 1223536, 1223538, 1223540, 1223542, 1223544, 1223546, 1223548, 1223550, 1223552, 1223554, 1223556, 1223558, 1223560, 1223562, 1223564, 1223566, 1223568, 1223570, 1223572, 1223574, 1223576, 1223578, 1223580, 1223584, 1223586, 1223588, 1223591, 1223593, 1223595, 1223597, 1223602, 1223608, 1223610, 1223612, 1223614, 1223620, 1223624, 1223626, 1223628, 1223630, 1223632, 1223690, 1223692]}",,OPCUA_RECURSIVE_BROWSE,True
1786344750000,1786344755000,benign,benign#chunk166,[],{},,,False
1786344755000,1786344760000,benign,benign#chunk166,[],{},,,False
1786344760000,1786344765000,benign,benign#chunk166,[],{},,,False
1786344765000,1786344770000,benign,benign#chunk166,[],{},,,False
1786344770000,1786344775000,benign,benign#chunk166,[],{},,,False
1786344775000,1786344780000,benign,benign#chunk166,[],{},,,False
1786344780000,1786344785000,benign,benign#chunk166,[],{},,,False
1786344785000,1786344790000,benign,benign#chunk166,[],{},,,False
1786344790000,1786344795000,benign,benign#chunk166,[],{},,,False
1786344795000,1786344800000,benign,benign#chunk166,[],{},,,False
1786344800000,1786344805000,benign,benign#chunk166,[],{},,,False
1786344805000,1786344810000,OPCUA_WRITE_DENIED,OPCUA_WRITE_DENIED#c180,"[""OPCUA_WRITE_DENIED""]","{""OPCUA_WRITE_DENIED#c180"": [1230147, 1230150, 1230152, 1230166, 1230180, 1230182]}",,OPCUA_WRITE_DENIED,True
1786344810000,1786344815000,benign,benign#chunk167,[],{},,,False
1786344815000,1786344820000,benign,benign#chunk167,[],{},,,False
1786344820000,1786344825000,benign,benign#chunk167,[],{},,,False
1786344825000,1786344830000,benign,benign#chunk167,[],{},,,False
1786344830000,1786344835000,benign,benign#chunk167,[],{},,,False
1786344835000,1786344840000,benign,benign#chunk167,[],{},,,False
1786344840000,1786344845000,benign,benign#chunk167,[],{},,,False
1786344845000,1786344850000,benign,benign#chunk167,[],{},,,False
1786344850000,1786344855000,benign,benign#chunk167,[],{},,,False
1786344855000,1786344860000,benign,benign#chunk167,[],{},,,False
1786344860000,1786344865000,benign,benign#chunk167,[],{},,,False
1786344865000,1786344870000,OPCUA_NODE_BROWSE,OPCUA_NODE_BROWSE#c181,"[""OPCUA_NODE_BROWSE""]","{""OPCUA_NODE_BROWSE#c181"": [1236200, 1236203, 1236205, 1236219, 1236233, 1236235, 1236237, 1236239, 1236241, 1236243, 1236245, 1236247, 1236249, 1236251, 1236255, 1236266, 1236270, 1236276, 1236286, 1236292, 1236298, 1236304]}",,OPCUA_NODE_BROWSE,True
1786344870000,1786344875000,benign,benign#chunk167,[],{},,,False
1786344875000,1786344880000,benign,benign#chunk168,[],{},,,False
1786344880000,1786344885000,benign,benign#chunk168,[],{},,,False
1786344885000,1786344890000,benign,benign#chunk168,[],{},,,False
1786344890000,1786344895000,benign,benign#chunk168,[],{},,,False
1786344895000,1786344900000,benign,benign#chunk168,[],{},,,False
1786344900000,1786344905000,benign,benign#chunk168,[],{},,,False
1786344905000,1786344910000,benign,benign#chunk168,[],{},,,False
1786344910000,1786344915000,benign,benign#chunk168,[],{},,,False
1786344915000,1786344920000,benign,benign#chunk168,[],{},,,False
1786344920000,1786344925000,benign,benign#chunk168,[],{},,,False
1786344925000,1786344930000,OPCUA_SLOWLORIS,OPCUA_SLOWLORIS#c182,"[""OPCUA_SLOWLORIS""]","{""OPCUA_SLOWLORIS#c182"": [1242090, 1242098, 1242113, 1242127, 1242134, 1242139, 1242163, 1242177, 1242180, 1242185, 1242204, 1242214, 1242221, 1242226, 1242241, 1242253, 1242258, 1242264, 1242282, 1242296, 1242300, 1242306, 1242320, 1242336, 1242339, 1242345, 1242359, 1242374, 1242377, 1242383, 1242402, 1242416, 1242422, 1242435, 1242452, 1242466, 1242473, 1242492, 1242507, 1242521, 1242524, 1242526, 1242590, 1242591, 1242614, 1242628, 1242673, 1242740, 1242763, 1242765, 1242778, 1242780, 1242786, 1242883, 1242885, 1242903, 1242908, 1242914, 1242917, 1242922, 1242927, 1242934, 1242936, 1242983, 1242995, 1243031, 1243035, 1243045, 1243069, 1243078, 1243090, 1243093, 1243095, 1243118, 1243131, 1243144, 1243162, 1243180, 1243181, 1243190, 1243200, 1243212, 1243218]}",,OPCUA_SLOWLORIS,True
1786344930000,1786344935000,OPCUA_SLOWLORIS,OPCUA_SLOWLORIS#c182,"[""OPCUA_SLOWLORIS""]","{""OPCUA_SLOWLORIS#c182"": [1243279, 1243288, 1243289, 1243294, 1243317, 1243318, 1243353, 1243364, 1243369, 1243380, 1243418, 1243438, 1243439, 1243443, 1243461, 1243462, 1243470, 1243518, 1243522, 1243536, 1243583, 1243595, 1243596, 1243597, 1243614, 1243615, 1243624, 1243644, 1243645, 1243687, 1243713, 1243724, 1243725, 1243726, 1243735, 1243736, 1243751, 1243757, 1243758, 1243768, 1243834, 1243847, 1243848, 1243849, 1243861, 1243862, 1243875, 1243877, 1243878, 1243886]}",,OPCUA_SLOWLORIS,True
1786344935000,1786344940000,OPCUA_SLOWLORIS,OPCUA_SLOWLORIS#c182,"[""OPCUA_SLOWLORIS""]","{""OPCUA_SLOWLORIS#c182"": [1243964, 1243975, 1243976, 1243977, 1243987, 1243988, 1244002, 1244005, 1244006, 1244014, 1244090, 1244099, 1244100, 1244101, 1244121, 1244122, 1244133, 1244139, 1244140, 1244147, 1244235, 1244239, 1244242, 1244243, 1244255, 1244256, 1244268, 1244271, 1244272, 1244279, 1244368, 1244369, 1244370, 1244371, 1244383, 1244384, 1244401, 1244404, 1244405, 1244408, 1244487, 1244488, 1244489, 1244490, 1244502, 1244503, 1244521, 1244527, 1244528, 1244529]}",,OPCUA_SLOWLORIS,True
1786344940000,1786344945000,OPCUA_SLOWLORIS,OPCUA_SLOWLORIS#c182,"[""OPCUA_SLOWLORIS""]","{""OPCUA_SLOWLORIS#c182"": [1244620, 1244621, 1244622, 1244623, 1244653, 1244655, 1244674, 1244691, 1244692, 1244693, 1244794, 1244795, 1244796, 1244797, 1244826, 1244827, 1244836, 1244839, 1244840, 1244841, 1244922, 1244923, 1244924, 1244925, 1244951, 1244952, 1244957, 1244969, 1244970, 1244971, 1245025, 1245026, 1245027, 1245028, 1245077, 1245078, 1245089, 1245097, 1245098, 1245099, 1245119, 1245120, 1245121, 1245122, 1245182, 1245185, 1245197, 1245208, 1245209, 1245210]}",,OPCUA_SLOWLORIS,True
1786344945000,1786344950000,OPCUA_SLOWLORIS,OPCUA_SLOWLORIS#c182,"[""OPCUA_SLOWLORIS""]","{""OPCUA_SLOWLORIS#c182"": [1245258, 1245262, 1245263, 1245264, 1245284, 1245285, 1245305, 1245341, 1245342, 1245343, 1245402, 1245404, 1245405, 1245406, 1245429, 1245430, 1245435, 1245444, 1245445, 1245446, 1245460, 1245466, 1245475, 1245481, 1245485, 1245487, 1245489, 1245491, 1245495, 1245503, 1245562, 1245564, 1245565, 1245566, 1245592, 1245593, 1245601, 1245604, 1245605, 1245606, 1245678, 1245681, 1245682, 1245683, 1245704, 1245705, 1245713, 1245718, 1245719, 1245720, 1245788, 1245793, 1245794, 1245795, 1245814, 1245815, 1245823, 1245848, 1245849, 1245850]}",,OPCUA_SLOWLORIS,True
1786344950000,1786344955000,OPCUA_SLOWLORIS,OPCUA_SLOWLORIS#c182,"[""OPCUA_SLOWLORIS""]","{""OPCUA_SLOWLORIS#c182"": [1245929, 1245932, 1245934, 1245935, 1245957, 1245958, 1245970, 1245977, 1245978, 1245979, 1246046, 1246070, 1246071, 1246072, 1246081, 1246082, 1246093, 1246100, 1246101, 1246102, 1246184, 1246199, 1246200, 1246201, 1246209, 1246210, 1246222, 1246225, 1246226, 1246227, 1246303, 1246318, 1246319, 1246320, 1246328, 1246329, 1246339, 1246342, 1246343, 1246344, 1246412, 1246422, 1246423, 1246424, 1246433, 1246434, 1246444, 1246449, 1246450, 1246451]}",,OPCUA_SLOWLORIS,True
1786344955000,1786344960000,OPCUA_SLOWLORIS,OPCUA_SLOWLORIS#c182,"[""OPCUA_SLOWLORIS""]","{""OPCUA_SLOWLORIS#c182"": [1246557, 1246563, 1246564, 1246565, 1246587, 1246588, 1246591, 1246596, 1246597, 1246598, 1246674, 1246680, 1246681, 1246682, 1246716, 1246717, 1246722, 1246730, 1246731, 1246732, 1246786, 1246787, 1246788, 1246789, 1246841, 1246842, 1246856, 1246874, 1246875, 1246876, 1246950, 1246951, 1246952, 1246953, 1246972, 1246973, 1246974, 1247019, 1247020, 1247021, 1247074, 1247075, 1247076, 1247077, 1247114, 1247115, 1247116, 1247141, 1247143]}",,OPCUA_SLOWLORIS,True
1786344960000,1786344965000,OPCUA_SLOWLORIS,OPCUA_SLOWLORIS#c182,"[""OPCUA_SLOWLORIS""]","{""OPCUA_SLOWLORIS#c182"": [1247144, 1247226, 1247227, 1247228, 1247229, 1247251, 1247252, 1247253, 1247270, 1247271, 1247272, 1247387, 1247388, 1247389, 1247390, 1247403, 1247404, 1247405, 1247429, 1247430, 1247432, 1247531, 1247532, 1247533, 1247534, 1247543, 1247544, 1247545, 1247570, 1247571, 1247572, 1247638, 1247639, 1247640, 1247641, 1247652, 1247653, 1247654, 1247667, 1247668, 1247669, 1247756, 1247757, 1247758, 1247759, 1247780, 1247781, 1247782]}",,OPCUA_SLOWLORIS,True
1786344965000,1786344970000,OPCUA_SLOWLORIS,OPCUA_SLOWLORIS#c182,"[""OPCUA_SLOWLORIS""]","{""OPCUA_SLOWLORIS#c182"": [1247795, 1247796, 1247797, 1247898, 1247899, 1247900, 1247901, 1247914, 1247915, 1247916, 1247929, 1247930, 1247931, 1248005, 1248006, 1248007, 1248008, 1248035, 1248036, 1248037, 1248054, 1248056, 1248058, 1248075, 1248077, 1248082, 1248083, 1248084, 1248085, 1248087, 1248104, 1248106, 1248114, 1248116, 1248137, 1248139, 1248150, 1248152, 1248177, 1248179, 1248184, 1248186, 1248206]}",,OPCUA_SLOWLORIS,True
1786344970000,1786344975000,benign,benign#chunk168,[],{},,,False
1786344975000,1786344980000,benign,benign#chunk168,[],{},,,False
1786344980000,1786344985000,benign,benign#chunk169,[],{},,,False
1786344985000,1786344990000,benign,benign#chunk169,[],{},,,False
1786344990000,1786344995000,benign,benign#chunk169,[],{},,,False
1786344995000,1786345000000,benign,benign#chunk169,[],{},,,False
1786345000000,1786345005000,benign,benign#chunk169,[],{},,,False
1786345005000,1786345010000,benign,benign#chunk169,[],{},,,False
1786345010000,1786345015000,benign,benign#chunk169,[],{},,,False
1786345015000,1786345020000,benign,benign#chunk169,[],{},,,False
1786345020000,1786345025000,benign,benign#chunk169,[],{},,,False
1786345025000,1786345030000,OPCUA_PROTOCOL_FUZZ,OPCUA_PROTOCOL_FUZZ#c183,"[""OPCUA_PROTOCOL_FUZZ""]","{""OPCUA_PROTOCOL_FUZZ#c183"": [1254466]}",,OPCUA_PROTOCOL_FUZZ,True
1786345030000,1786345035000,OPCUA_PROTOCOL_FUZZ,OPCUA_PROTOCOL_FUZZ#c183,"[""OPCUA_PROTOCOL_FUZZ""]","{""OPCUA_PROTOCOL_FUZZ#c183"": [1254687, 1254742, 1254808]}",,OPCUA_PROTOCOL_FUZZ,True
1786345035000,1786345040000,benign,benign#chunk169,[],{},,,False
1786345040000,1786345045000,benign,benign#chunk169,[],{},,,False
1786345045000,1786345050000,benign,benign#chunk169,[],{},,,False
1786345050000,1786345055000,benign,benign#chunk170,[],{},,,False
1786345055000,1786345060000,benign,benign#chunk170,[],{},,,False
1786345060000,1786345065000,benign,benign#chunk170,[],{},,,False
1786345065000,1786345070000,benign,benign#chunk170,[],{},,,False
1786345070000,1786345075000,benign,benign#chunk170,[],{},,,False
1786345075000,1786345080000,benign,benign#chunk170,[],{},,,False
1786345080000,1786345085000,benign,benign#chunk170,[],{},,,False
1786345085000,1786345090000,benign,benign#chunk170,[],{},,,False
1786345090000,1786345095000,OPCUA_BEHAVIORAL_PROFILING,OPCUA_BEHAVIORAL_PROFILING#c184,"[""OPCUA_BEHAVIORAL_PROFILING""]","{""OPCUA_BEHAVIORAL_PROFILING#c184"": [1260993, 1261004, 1261008, 1261010, 1261011, 1261028, 1261042, 1261044, 1261046, 1261048, 1261051, 1261110, 1261114, 1261227, 1261381, 1261384]}",,OPCUA_BEHAVIORAL_PROFILING,True
1786345095000,1786345100000,OPCUA_BEHAVIORAL_PROFILING,OPCUA_BEHAVIORAL_PROFILING#c184,"[""OPCUA_BEHAVIORAL_PROFILING""]","{""OPCUA_BEHAVIORAL_PROFILING#c184"": [1261494, 1261584, 1261733, 1261734, 1261847, 1261935]}",,OPCUA_BEHAVIORAL_PROFILING,True
1786345100000,1786345105000,OPCUA_BEHAVIORAL_PROFILING,OPCUA_BEHAVIORAL_PROFILING#c184,"[""OPCUA_BEHAVIORAL_PROFILING""]","{""OPCUA_BEHAVIORAL_PROFILING#c184"": [1262042, 1262047, 1262240, 1262353, 1262466, 1262468, 1262549]}",,OPCUA_BEHAVIORAL_PROFILING,True
1786345105000,1786345110000,OPCUA_BEHAVIORAL_PROFILING,OPCUA_BEHAVIORAL_PROFILING#c184,"[""OPCUA_BEHAVIORAL_PROFILING""]","{""OPCUA_BEHAVIORAL_PROFILING#c184"": [1262615, 1262712, 1263061, 1263144, 1263236]}",,OPCUA_BEHAVIORAL_PROFILING,True
1786345110000,1786345115000,OPCUA_BEHAVIORAL_PROFILING,OPCUA_BEHAVIORAL_PROFILING#c184,"[""OPCUA_BEHAVIORAL_PROFILING""]","{""OPCUA_BEHAVIORAL_PROFILING#c184"": [1263341, 1263431, 1263438, 1263561, 1263664, 1263754, 1263758]}",,OPCUA_BEHAVIORAL_PROFILING,True
1786345115000,1786345120000,OPCUA_BEHAVIORAL_PROFILING,OPCUA_BEHAVIORAL_PROFILING#c184,"[""OPCUA_BEHAVIORAL_PROFILING""]","{""OPCUA_BEHAVIORAL_PROFILING#c184"": [1263850, 1263946, 1264013, 1264050, 1264104, 1264198]}",,OPCUA_BEHAVIORAL_PROFILING,True
1786345120000,1786345125000,OPCUA_BEHAVIORAL_PROFILING,OPCUA_BEHAVIORAL_PROFILING#c184,"[""OPCUA_BEHAVIORAL_PROFILING""]","{""OPCUA_BEHAVIORAL_PROFILING#c184"": [1264312, 1264322, 1264433, 1264542, 1264620]}",,OPCUA_BEHAVIORAL_PROFILING,True
1786345125000,1786345130000,OPCUA_BEHAVIORAL_PROFILING,OPCUA_BEHAVIORAL_PROFILING#c184,"[""OPCUA_BEHAVIORAL_PROFILING""]","{""OPCUA_BEHAVIORAL_PROFILING#c184"": [1264723, 1264849, 1264938, 1265054, 1265184, 1265192, 1265260, 1265266, 1265270]}",,OPCUA_BEHAVIORAL_PROFILING,True
1786345130000,1786345135000,benign,benign#chunk170,[],{},,,False
1786345135000,1786345140000,benign,benign#chunk170,[],{},,,False
1786345140000,1786345145000,benign,benign#chunk170,[],{},,,False
1786345145000,1786345150000,benign,benign#chunk170,[],{},,,False
1786345150000,1786345155000,benign,benign#chunk171,[],{},,,False
1786345155000,1786345160000,benign,benign#chunk171,[],{},,,False
1786345160000,1786345165000,benign,benign#chunk171,[],{},,,False
1786345165000,1786345170000,benign,benign#chunk171,[],{},,,False
1786345170000,1786345175000,benign,benign#chunk171,[],{},,,False
1786345175000,1786345180000,benign,benign#chunk171,[],{},,,False
1786345180000,1786345185000,benign,benign#chunk171,[],{},,,False
1786345185000,1786345190000,OPCUA_RECURSIVE_BROWSE,OPCUA_RECURSIVE_BROWSE#c185,"[""OPCUA_RECURSIVE_BROWSE""]","{""OPCUA_RECURSIVE_BROWSE#c185"": [1271513, 1271516, 1271526, 1271542, 1271552, 1271554, 1271562, 1271564, 1271566, 1271568, 1271575, 1271577, 1271579, 1271583, 1271585]}",,OPCUA_RECURSIVE_BROWSE,True
1786345190000,1786345195000,OPCUA_RECURSIVE_BROWSE,OPCUA_RECURSIVE_BROWSE#c185,"[""OPCUA_RECURSIVE_BROWSE""]","{""OPCUA_RECURSIVE_BROWSE#c185"": [1271587, 1271591, 1271593, 1271595, 1271597, 1271599, 1271601, 1271603, 1271613, 1271615, 1271617, 1271619, 1271621, 1271623, 1271625, 1271627, 1271629, 1271631, 1271633, 1271635, 1271637, 1271639, 1271641, 1271643, 1271645, 1271647, 1271649, 1271651, 1271653, 1271655, 1271659, 1271661, 1271663, 1271665, 1271667, 1271669, 1271675, 1271677, 1271679, 1271681, 1271684, 1271686, 1271688, 1271690, 1271692, 1271714, 1271718, 1271726, 1271728, 1271730, 1271734, 1271740, 1271746, 1271752, 1271758, 1271764, 1271770, 1271778, 1271784, 1271786, 1271788, 1271790, 1271792, 1271800, 1271804, 1271806, 1271808, 1271810, 1271812, 1271814, 1271815, 1271818, 1271822, 1271824, 1271828, 1271832, 1271834, 1271836, 1271838, 1271840, 1271842, 1271844, 1271847, 1271850, 1271852, 1271854, 1271858, 1271862, 1271864, 1271866, 1271868, 1271870, 1271872, 1271874, 1271876, 1271878, 1271882, 1271884, 1271886, 1271889, 1271891, 1271893, 1271895, 1271897, 1271918, 1271920, 1271922, 1271924, 1271926, 1271928, 1271930, 1271932, 1271934, 1271939, 1271941, 1271943, 1271945, 1271947, 1271949, 1271951, 1271953, 1271955, 1271957, 1271959, 1271961, 1271963, 1271965, 1271967, 1271969, 1271971, 1271973, 1271975, 1271977, 1271979, 1271981, 1271983, 1271985, 1271987, 1271990, 1271992, 1271994, 1271996, 1271998, 1272000, 1272003, 1272005, 1272007, 1272013, 1272015, 1272017, 1272019, 1272021, 1272023, 1272025, 1272027, 1272029, 1272031, 1272034, 1272036, 1272038, 1272040, 1272042, 1272084, 1272126, 1272128, 1272130, 1272135, 1272137, 1272139, 1272143, 1272145, 1272147, 1272149, 1272151, 1272153, 1272155, 1272157, 1272159, 1272161, 1272163, 1272165, 1272167, 1272169, 1272171, 1272173, 1272175, 1272177, 1272179, 1272181, 1272183, 1272185, 1272187, 1272189, 1272191, 1272193, 1272195, 1272197, 1272199, 1272201, 1272203, 1272205, 1272207, 1272209, 1272211, 1272213, 1272215, 1272217, 1272219, 1272221, 1272223, 1272225, 1272227, 1272229, 1272231, 1272233, 1272235, 1272238, 1272242, 1272260, 1272266, 1272268, 1272289, 1272380, 1272382, 1272384, 1272386, 1272388, 1272393, 1272395, 1272397, 1272399, 1272401, 1272403, 1272405, 1272407, 1272409, 1272411, 1272413, 1272415, 1272417, 1272419, 1272421, 1272423, 1272425, 1272427, 1272429, 1272431, 1272433, 1272435, 1272437, 1272439, 1272443, 1272445, 1272447, 1272449, 1272451, 1272453, 1272457, 1272459, 1272465, 1272477, 1272487, 1272492, 1272494, 1272496, 1272498, 1272500, 1272502, 1272504, 1272506, 1272512, 1272514, 1272516, 1272526, 1272528, 1272535, 1272537, 1272539, 1272541, 1272543, 1272588, 1272589, 1272592, 1272596, 1272600, 1272602, 1272606, 1272608, 1272610, 1272612, 1272614, 1272616, 1272618, 1272620, 1272622, 1272624, 1272626, 1272628, 1272636, 1272644, 1272652, 1272658, 1272664, 1272670, 1272676, 1272682, 1272687, 1272689, 1272691, 1272694, 1272696, 1272702, 1272708, 1272710, 1272712, 1272714, 1272716, 1272718, 1272720, 1272722, 1272728, 1272730, 1272732, 1272734, 1272739, 1272741, 1272744, 1272746, 1272750, 1272752, 1272754, 1272761, 1272763, 1272765, 1272769, 1272771, 1272773, 1272775, 1272777, 1272811, 1272813, 1272815, 1272817, 1272819, 1272821, 1272823, 1272825, 1272827, 1272829, 1272831, 1272833, 1272835, 1272837, 1272839, 1272841, 1272843, 1272845, 1272849, 1272853, 1272859, 1272861, 1272863, 1272867, 1272871, 1272873, 1272875, 1272877, 1272879, 1272881, 1272883, 1272885, 1272887, 1272889, 1272891, 1272893, 1272894, 1272899, 1272901, 1272903, 1272905, 1272907, 1272909, 1272911, 1272913, 1272915, 1272917, 1272919, 1272921, 1272923]}",,OPCUA_RECURSIVE_BROWSE,True
1786345195000,1786345200000,OPCUA_RECURSIVE_BROWSE,OPCUA_RECURSIVE_BROWSE#c185,"[""OPCUA_RECURSIVE_BROWSE""]","{""OPCUA_RECURSIVE_BROWSE#c185"": [1272925, 1272927, 1272929, 1272931, 1272934, 1272936, 1272938, 1272940, 1272945, 1273018, 1273020, 1273024, 1273026, 1273028, 1273030, 1273032, 1273034, 1273036, 1273038, 1273040, 1273042, 1273048, 1273050, 1273052, 1273054, 1273056, 1273058, 1273060, 1273062, 1273064, 1273066, 1273068, 1273070, 1273072, 1273074, 1273076, 1273078, 1273080, 1273082, 1273084, 1273086, 1273088, 1273091, 1273093, 1273095, 1273097, 1273099, 1273102, 1273104, 1273106, 1273108, 1273110, 1273112, 1273122, 1273130, 1273132, 1273134, 1273136, 1273138, 1273140, 1273142, 1273144, 1273147, 1273149, 1273151, 1273153, 1273155, 1273166, 1273221, 1273227, 1273231, 1273236, 1273238, 1273242, 1273244, 1273246, 1273248, 1273250, 1273252, 1273254, 1273258, 1273260, 1273262, 1273264, 1273266, 1273268, 1273270, 1273272, 1273276, 1273278, 1273280, 1273282, 1273284, 1273286, 1273288, 1273290, 1273292, 1273294, 1273296, 1273298, 1273301, 1273303, 1273306, 1273308, 1273310, 1273312, 1273314, 1273316, 1273318, 1273320, 1273322, 1273330, 1273332, 1273334, 1273336, 1273338, 1273340, 1273342, 1273344, 1273346, 1273348, 1273352, 1273354, 1273356, 1273358, 1273361, 1273394, 1273406, 1273408, 1273410, 1273412, 1273414, 1273418, 1273422, 1273424, 1273426, 1273428, 1273430, 1273432, 1273434, 1273436, 1273438, 1273440, 1273444, 1273446, 1273448, 1273450, 1273452, 1273454, 1273460, 1273462, 1273464, 1273466, 1273468, 1273470, 1273472, 1273474, 1273476, 1273478, 1273480, 1273482, 1273484, 1273486, 1273488, 1273493, 1273495, 1273497, 1273500, 1273503, 1273505, 1273507, 1273509, 1273511, 1273515, 1273517, 1273519, 1273521, 1273523, 1273525, 1273527, 1273530, 1273532, 1273536, 1273538, 1273540, 1273611, 1273613, 1273615, 1273617, 1273621, 1273623, 1273625, 1273627, 1273629, 1273631, 1273637, 1273639, 1273641, 1273643, 1273645, 1273647, 1273649, 1273651, 1273653, 1273655, 1273657, 1273659, 1273661, 1273663, 1273665, 1273667, 1273668, 1273673, 1273675, 1273677, 1273679, 1273681, 1273683, 1273685, 1273687, 1273689, 1273691, 1273693, 1273695, 1273697, 1273699, 1273701, 1273703, 1273705, 1273707, 1273709, 1273711, 1273713, 1273715, 1273717, 1273721, 1273723, 1273725, 1273727, 1273730, 1273737, 1273743, 1273745, 1273749, 1273820, 1273822, 1273825, 1273827, 1273829, 1273831, 1273833, 1273836, 1273838, 1273840, 1273842, 1273844, 1273846, 1273848, 1273850, 1273852, 1273854, 1273856, 1273858, 1273860, 1273862, 1273864, 1273866, 1273868, 1273870, 1273872, 1273874, 1273876, 1273878, 1273880, 1273884, 1273886, 1273888, 1273890, 1273892, 1273894, 1273900, 1273902, 1273904, 1273906, 1273908, 1273910, 1273912, 1273914, 1273916, 1273918, 1273920, 1273922, 1273924, 1273926, 1273928, 1273930, 1273932, 1273935, 1273937, 1273939, 1273941, 1273943, 1273950, 1273990, 1273992, 1273994, 1273996, 1274000, 1274002, 1274004, 1274006, 1274008, 1274010, 1274012, 1274014, 1274016, 1274018, 1274020, 1274022, 1274024, 1274026, 1274028, 1274030, 1274032, 1274034, 1274036, 1274038, 1274040, 1274042, 1274044, 1274046, 1274048, 1274050, 1274052, 1274054, 1274056, 1274058, 1274060, 1274066, 1274072, 1274078, 1274086, 1274094, 1274100, 1274106, 1274112, 1274119, 1274121, 1274124, 1274126, 1274128, 1274130, 1274132, 1274134, 1274136, 1274138, 1274143, 1274145, 1274147, 1274149, 1274151, 1274179]}",,OPCUA_RECURSIVE_BROWSE,True
1786345200000,1786345205000,OPCUA_RECURSIVE_BROWSE,OPCUA_RECURSIVE_BROWSE#c185,"[""OPCUA_RECURSIVE_BROWSE""]","{""OPCUA_RECURSIVE_BROWSE#c185"": [1274195, 1274197, 1274199, 1274201, 1274203, 1274213, 1274215, 1274217, 1274219, 1274221, 1274223, 1274225, 1274229, 1274231, 1274233, 1274235, 1274238, 1274241, 1274243, 1274245, 1274247, 1274249, 1274251, 1274253, 1274255, 1274257, 1274259, 1274261, 1274263, 1274265, 1274267, 1274269, 1274271, 1274273, 1274275, 1274277, 1274279, 1274281, 1274283, 1274285, 1274291, 1274293, 1274295, 1274297, 1274299, 1274301, 1274303, 1274305, 1274307, 1274309, 1274311, 1274313, 1274315, 1274318, 1274320, 1274322, 1274324, 1274326, 1274392, 1274393, 1274396, 1274400, 1274402, 1274404, 1274406, 1274408, 1274410, 1274412, 1274418, 1274420, 1274422, 1274424, 1274426, 1274428, 1274433, 1274435, 1274437, 1274439, 1274441, 1274443, 1274447, 1274449, 1274451, 1274453, 1274455, 1274457, 1274459, 1274461, 1274463, 1274465, 1274467, 1274469, 1274471, 1274473, 1274475, 1274477, 1274479, 1274483, 1274487, 1274489, 1274491, 1274495, 1274497, 1274499, 1274504, 1274506, 1274508, 1274512, 1274516, 1274518, 1274520, 1274522, 1274527, 1274529, 1274531, 1274533, 1274537, 1274559, 1274563, 1274569, 1274573, 1274579, 1274581, 1274583, 1274585, 1274587, 1274589, 1274593, 1274599, 1274605, 1274613, 1274617, 1274619, 1274623, 1274627, 1274635, 1274642, 1274644, 1274646, 1274648, 1274651, 1274653, 1274660, 1274664, 1274666, 1274672, 1274674, 1274676, 1274678, 1274680, 1274685, 1274687, 1274689, 1274693, 1274696, 1274698, 1274699, 1274702, 1274706, 1274708, 1274710, 1274712, 1274714, 1274716, 1274720, 1274722, 1274725, 1274727, 1274729, 1274731, 1274733, 1274736, 1274738, 1274740, 1274742, 1274744, 1274775, 1274777, 1274779, 1274781, 1274783, 1274785, 1274789, 1274791, 1274793, 1274795, 1274797, 1274799, 1274801, 1274803, 1274805, 1274807, 1274809, 1274811, 1274813, 1274815, 1274817, 1274819, 1274821, 1274823, 1274825, 1274827, 1274829, 1274831, 1274833, 1274835, 1274838, 1274840, 1274843, 1274845, 1274847, 1274849, 1274851, 1274853, 1274855, 1274857, 1274867, 1274869, 1274871, 1274873, 1274875, 1274877, 1274879, 1274885, 1274887, 1274889, 1274891, 1274893, 1274895, 1274898, 1274900, 1274902, 1274904, 1274906, 1274968, 1275023, 1275025, 1275027, 1275029, 1275031, 1275033, 1275035, 1275037, 1275039, 1275041, 1275043, 1275045, 1275047, 1275049, 1275051, 1275053, 1275055, 1275057, 1275059, 1275061, 1275063, 1275065, 1275072, 1275078, 1275080, 1275082, 1275084, 1275086, 1275088, 1275090, 1275092, 1275094, 1275096, 1275098, 1275100, 1275102, 1275108, 1275110, 1275114, 1275116, 1275118, 1275120, 1275122, 1275124, 1275126, 1275128, 1275130, 1275132, 1275134, 1275136, 1275138, 1275140, 1275142, 1275145, 1275147, 1275149, 1275151, 1275153, 1275209, 1275236, 1275238, 1275240, 1275242, 1275244, 1275246, 1275248, 1275250, 1275254, 1275259, 1275264, 1275266, 1275268, 1275270, 1275274, 1275276, 1275278, 1275280, 1275284, 1275286, 1275288, 1275290, 1275292, 1275294, 1275296, 1275298, 1275300, 1275302, 1275304, 1275306, 1275308, 1275310, 1275312, 1275314, 1275316, 1275318, 1275320, 1275322, 1275324, 1275326, 1275328, 1275330, 1275332, 1275334, 1275336, 1275338, 1275340, 1275342, 1275344, 1275346, 1275348, 1275350, 1275352, 1275355, 1275357, 1275359, 1275361, 1275363, 1275400, 1275402, 1275404, 1275406, 1275408, 1275410, 1275412, 1275414, 1275416, 1275418, 1275420, 1275422, 1275424, 1275426, 1275428, 1275430, 1275434, 1275436, 1275437]}",,OPCUA_RECURSIVE_BROWSE,True
1786345205000,1786345210000,OPCUA_RECURSIVE_BROWSE,OPCUA_RECURSIVE_BROWSE#c185,"[""OPCUA_RECURSIVE_BROWSE""]","{""OPCUA_RECURSIVE_BROWSE#c185"": [1275442, 1275444, 1275446, 1275452, 1275456, 1275458, 1275460, 1275462, 1275464, 1275466, 1275470, 1275474, 1275476, 1275478, 1275480, 1275484, 1275490, 1275496, 1275504, 1275512, 1275516, 1275518, 1275520, 1275522, 1275526, 1275530, 1275533, 1275537, 1275541, 1275545, 1275547, 1275549, 1275551, 1275555, 1275559, 1275563, 1275565, 1275567, 1275570, 1275572, 1275603, 1275605]}",,OPCUA_RECURSIVE_BROWSE,True
1786345210000,1786345215000,benign,benign#chunk171,[],{},,,False
1786345215000,1786345220000,benign,benign#chunk171,[],{},,,False
1786345220000,1786345225000,benign,benign#chunk171,[],{},,,False
1786345225000,1786345230000,benign,benign#chunk171,[],{},,,False
1786345230000,1786345235000,benign,benign#chunk171,[],{},,,False
1786345235000,1786345240000,benign,benign#chunk172,[],{},,,False
1786345240000,1786345245000,benign,benign#chunk172,[],{},,,False
1786345245000,1786345250000,benign,benign#chunk172,[],{},,,False
1786345250000,1786345255000,benign,benign#chunk172,[],{},,,False
1786345255000,1786345260000,benign,benign#chunk172,[],{},,,False
1786345260000,1786345265000,benign,benign#chunk172,[],{},,,False
1786345265000,1786345270000,OPCUA_INVALID_WRITE,OPCUA_INVALID_WRITE#c186,"[""OPCUA_INVALID_WRITE""]","{""OPCUA_INVALID_WRITE#c186"": [1281865, 1281877, 1281896, 1281912, 1281916]}",,OPCUA_INVALID_WRITE,True
1786345270000,1786345275000,benign,benign#chunk172,[],{},,,False
1786345275000,1786345280000,benign,benign#chunk172,[],{},,,False
1786345280000,1786345285000,benign,benign#chunk172,[],{},,,False
1786345285000,1786345290000,benign,benign#chunk172,[],{},,,False
1786345290000,1786345295000,benign,benign#chunk172,[],{},,,False
1786345295000,1786345300000,benign,benign#chunk172,[],{},,,False
1786345300000,1786345305000,benign,benign#chunk173,[],{},,,False
1786345305000,1786345310000,benign,benign#chunk173,[],{},,,False
1786345310000,1786345315000,benign,benign#chunk173,[],{},,,False
1786345315000,1786345320000,benign,benign#chunk173,[],{},,,False
1786345320000,1786345325000,benign,benign#chunk173,[],{},,,False
1786345325000,1786345330000,OPCUA_INVALID_WRITE,OPCUA_INVALID_WRITE#c187,"[""OPCUA_INVALID_WRITE""]","{""OPCUA_INVALID_WRITE#c187"": [1288412, 1288419, 1288426, 1288444, 1288460, 1288462]}",,OPCUA_INVALID_WRITE,True
1786345330000,1786345335000,benign,benign#chunk173,[],{},,,False
1786345335000,1786345340000,benign,benign#chunk173,[],{},,,False
1786345340000,1786345345000,benign,benign#chunk173,[],{},,,False
1786345345000,1786345350000,benign,benign#chunk173,[],{},,,False
1786345350000,1786345355000,benign,benign#chunk173,[],{},,,False
1786345355000,1786345360000,benign,benign#chunk173,[],{},,,False
1786345360000,1786345365000,benign,benign#chunk173,[],{},,,False
1786345365000,1786345370000,benign,benign#chunk174,[],{},,,False
1786345370000,1786345375000,benign,benign#chunk174,[],{},,,False
1786345375000,1786345380000,benign,benign#chunk174,[],{},,,False
1786345380000,1786345385000,benign,benign#chunk174,[],{},,,False
1786345385000,1786345390000,OPCUA_BEHAVIORAL_PROFILING,OPCUA_BEHAVIORAL_PROFILING#c188,"[""OPCUA_BEHAVIORAL_PROFILING""]","{""OPCUA_BEHAVIORAL_PROFILING#c188"": [1294639, 1294642, 1294644, 1294658, 1294659, 1294662, 1294676, 1294678, 1294680, 1294682, 1294684, 1294810, 1294814, 1294939, 1295042, 1295127, 1295131]}",,OPCUA_BEHAVIORAL_PROFILING,True
1786345390000,1786345395000,OPCUA_BEHAVIORAL_PROFILING,OPCUA_BEHAVIORAL_PROFILING#c188,"[""OPCUA_BEHAVIORAL_PROFILING""]","{""OPCUA_BEHAVIORAL_PROFILING#c188"": [1295230, 1295332, 1295438, 1295439, 1295539, 1295607, 1295620]}",,OPCUA_BEHAVIORAL_PROFILING,True
1786345395000,1786345400000,OPCUA_BEHAVIORAL_PROFILING,OPCUA_BEHAVIORAL_PROFILING#c188,"[""OPCUA_BEHAVIORAL_PROFILING""]","{""OPCUA_BEHAVIORAL_PROFILING#c188"": [1295701, 1295789, 1295889, 1295973, 1296074]}",,OPCUA_BEHAVIORAL_PROFILING,True
1786345400000,1786345405000,OPCUA_BEHAVIORAL_PROFILING,OPCUA_BEHAVIORAL_PROFILING#c188,"[""OPCUA_BEHAVIORAL_PROFILING""]","{""OPCUA_BEHAVIORAL_PROFILING#c188"": [1296176, 1296367, 1296472, 1296479, 1296595]}",,OPCUA_BEHAVIORAL_PROFILING,True
1786345405000,1786345410000,OPCUA_BEHAVIORAL_PROFILING,OPCUA_BEHAVIORAL_PROFILING#c188,"[""OPCUA_BEHAVIORAL_PROFILING""]","{""OPCUA_BEHAVIORAL_PROFILING#c188"": [1296691, 1296777, 1296790, 1296901, 1297000, 1297035, 1297071]}",,OPCUA_BEHAVIORAL_PROFILING,True
1786345410000,1786345415000,OPCUA_BEHAVIORAL_PROFILING,OPCUA_BEHAVIORAL_PROFILING#c188,"[""OPCUA_BEHAVIORAL_PROFILING""]","{""OPCUA_BEHAVIORAL_PROFILING#c188"": [1297148, 1297251, 1297334, 1297341, 1297465, 1297548]}",,OPCUA_BEHAVIORAL_PROFILING,True
1786345415000,1786345420000,OPCUA_BEHAVIORAL_PROFILING,OPCUA_BEHAVIORAL_PROFILING#c188,"[""OPCUA_BEHAVIORAL_PROFILING""]","{""OPCUA_BEHAVIORAL_PROFILING#c188"": [1297669, 1297815, 1297934, 1298033, 1298167, 1298229]}",,OPCUA_BEHAVIORAL_PROFILING,True
1786345420000,1786345425000,OPCUA_BEHAVIORAL_PROFILING,OPCUA_BEHAVIORAL_PROFILING#c188,"[""OPCUA_BEHAVIORAL_PROFILING""]","{""OPCUA_BEHAVIORAL_PROFILING#c188"": [1298271, 1298390, 1298495, 1298542, 1298590, 1298656, 1298660, 1298662]}",,OPCUA_BEHAVIORAL_PROFILING,True
1786345425000,1786345430000,benign,benign#chunk174,[],{},,,False
1786345430000,1786345435000,benign,benign#chunk174,[],{},,,False
1786345435000,1786345440000,benign,benign#chunk174,[],{},,,False
1786345440000,1786345445000,benign,benign#chunk174,[],{},,,False
1786345445000,1786345450000,benign,benign#chunk174,[],{},,,False
1786345450000,1786345455000,benign,benign#chunk174,[],{},,,False
1786345455000,1786345460000,benign,benign#chunk174,[],{},,,False
1786345460000,1786345465000,benign,benign#chunk174,[],{},,,False
1786345465000,1786345470000,benign,benign#chunk175,[],{},,,False
1786345470000,1786345475000,benign,benign#chunk175,[],{},,,False
1786345475000,1786345480000,benign,benign#chunk175,[],{},,,False
1786345480000,1786345485000,OPCUA_ENDPOINT_DISCOVERY,OPCUA_ENDPOINT_DISCOVERY#c189,"[""OPCUA_ENDPOINT_DISCOVERY""]","{""OPCUA_ENDPOINT_DISCOVERY#c189"": [1304891, 1304894, 1304899, 1304915, 1304931, 1304935]}",,OPCUA_ENDPOINT_DISCOVERY,True
1786345485000,1786345490000,benign,benign#chunk175,[],{},,,False
1786345490000,1786345495000,benign,benign#chunk175,[],{},,,False
1786345495000,1786345500000,benign,benign#chunk175,[],{},,,False
1786345500000,1786345505000,benign,benign#chunk175,[],{},,,False
1786345505000,1786345510000,benign,benign#chunk175,[],{},,,False
1786345510000,1786345515000,benign,benign#chunk175,[],{},,,True
1786345515000,1786345520000,benign,benign#chunk175,[],{},,,False
1786345520000,1786345525000,benign,benign#chunk175,[],{},,,False
1786345525000,1786345530000,benign,benign#chunk175,[],{},,,False
1786345530000,1786345535000,benign,benign#chunk176,[],{},,,False
1786345535000,1786345540000,benign,benign#chunk176,[],{},,,False
1786345540000,1786345545000,OPCUA_INVALID_WRITE,OPCUA_INVALID_WRITE#c190,"[""OPCUA_INVALID_WRITE""]","{""OPCUA_INVALID_WRITE#c190"": [1311161, 1311164, 1311166, 1311184, 1311198, 1311200]}",,OPCUA_INVALID_WRITE,True
1786345545000,1786345550000,benign,benign#chunk176,[],{},,,False
1786345550000,1786345555000,benign,benign#chunk176,[],{},,,False
1786345555000,1786345560000,benign,benign#chunk176,[],{},,,False
1786345560000,1786345565000,benign,benign#chunk176,[],{},,,False
1786345565000,1786345570000,benign,benign#chunk176,[],{},,,False
1786345570000,1786345575000,benign,benign#chunk176,[],{},,,True
1786345575000,1786345580000,benign,benign#chunk176,[],{},,,False
1786345580000,1786345585000,benign,benign#chunk176,[],{},,,False
1786345585000,1786345590000,benign,benign#chunk176,[],{},,,False
1786345590000,1786345595000,benign,benign#chunk176,[],{},,,False
1786345595000,1786345600000,benign,benign#chunk177,[],{},,,False
1786345600000,1786345605000,OPCUA_INVALID_WRITE,OPCUA_INVALID_WRITE#c191,"[""OPCUA_INVALID_WRITE""]","{""OPCUA_INVALID_WRITE#c191"": [1317229, 1317235, 1317253, 1317275, 1317277]}",,OPCUA_INVALID_WRITE,True
1786345605000,1786345610000,benign,benign#chunk177,[],{},,,False
1786345610000,1786345615000,benign,benign#chunk177,[],{},,,False
1786345615000,1786345620000,benign,benign#chunk177,[],{},,,False
1786345620000,1786345625000,benign,benign#chunk177,[],{},,,False
1786345625000,1786345630000,benign,benign#chunk177,[],{},,,False
1786345630000,1786345635000,benign,benign#chunk177,[],{},,,True
1786345635000,1786345640000,benign,benign#chunk177,[],{},,,False
1786345640000,1786345645000,benign,benign#chunk177,[],{},,,False
1786345645000,1786345650000,benign,benign#chunk177,[],{},,,False
1786345650000,1786345655000,benign,benign#chunk177,[],{},,,False
1786345655000,1786345660000,benign,benign#chunk177,[],{},,,False
1786345660000,1786345665000,OPCUA_ENDPOINT_DISCOVERY,OPCUA_ENDPOINT_DISCOVERY#c192,"[""OPCUA_ENDPOINT_DISCOVERY""]","{""OPCUA_ENDPOINT_DISCOVERY#c192"": [1323603, 1323608, 1323614, 1323634, 1323650, 1323654]}",,OPCUA_ENDPOINT_DISCOVERY,True
1786345665000,1786345670000,benign,benign#chunk178,[],{},,,False
1786345670000,1786345675000,benign,benign#chunk178,[],{},,,False
1786345675000,1786345680000,benign,benign#chunk178,[],{},,,False
1786345680000,1786345685000,benign,benign#chunk178,[],{},,,False
1786345685000,1786345690000,benign,benign#chunk178,[],{},,,False
1786345690000,1786345695000,benign,benign#chunk178,[],{},,,True
1786345695000,1786345700000,benign,benign#chunk178,[],{},,,False
1786345700000,1786345705000,benign,benign#chunk178,[],{},,,False
1786345705000,1786345710000,benign,benign#chunk178,[],{},,,False
1786345710000,1786345715000,benign,benign#chunk178,[],{},,,False
1786345715000,1786345720000,benign,benign#chunk178,[],{},,,False
1786345720000,1786345725000,OPCUA_WRITE_DENIED,OPCUA_WRITE_DENIED#c193,"[""OPCUA_WRITE_DENIED""]","{""OPCUA_WRITE_DENIED#c193"": [1329758, 1329767, 1329769, 1329795, 1329809, 1329813]}",,OPCUA_WRITE_DENIED,True
1786345725000,1786345730000,benign,benign#chunk178,[],{},,,False
1786345730000,1786345735000,benign,benign#chunk179,[],{},,,False
1786345735000,1786345740000,benign,benign#chunk179,[],{},,,False
1786345740000,1786345745000,benign,benign#chunk179,[],{},,,False
1786345745000,1786345750000,benign,benign#chunk179,[],{},,,False
1786345750000,1786345755000,benign,benign#chunk179,[],{},,,True
1786345755000,1786345760000,benign,benign#chunk179,[],{},,,False
1786345760000,1786345765000,benign,benign#chunk179,[],{},,,False
1786345765000,1786345770000,benign,benign#chunk179,[],{},,,False
1786345770000,1786345775000,benign,benign#chunk179,[],{},,,False
1786345775000,1786345780000,benign,benign#chunk179,[],{},,,False
1786345780000,1786345785000,OPCUA_INVALID_WRITE,OPCUA_INVALID_WRITE#c194,"[""OPCUA_INVALID_WRITE""]","{""OPCUA_INVALID_WRITE#c194"": [1335901, 1335906, 1335908, 1335924, 1335936, 1335938]}",,OPCUA_INVALID_WRITE,True
1786345785000,1786345790000,benign,benign#chunk179,[],{},,,False
1786345790000,1786345795000,benign,benign#chunk179,[],{},,,False
1786345795000,1786345800000,benign,benign#chunk180,[],{},,,False
1786345800000,1786345805000,benign,benign#chunk180,[],{},,,False
1786345805000,1786345810000,benign,benign#chunk180,[],{},,,False
1786345810000,1786345815000,benign,benign#chunk180,[],{},,,True
1786345815000,1786345820000,benign,benign#chunk180,[],{},,,False
1786345820000,1786345825000,benign,benign#chunk180,[],{},,,False
1786345825000,1786345830000,benign,benign#chunk180,[],{},,,False
1786345830000,1786345835000,benign,benign#chunk180,[],{},,,False
1786345835000,1786345840000,benign,benign#chunk180,[],{},,,False
1786345840000,1786345845000,OPCUA_WRITE_DENIED,OPCUA_WRITE_DENIED#c195,"[""OPCUA_WRITE_DENIED""]","{""OPCUA_WRITE_DENIED#c195"": [1342198, 1342200, 1342218, 1342232, 1342234]}",,OPCUA_WRITE_DENIED,True
1786345845000,1786345850000,benign,benign#chunk180,[],{},,,False
1786345850000,1786345855000,benign,benign#chunk180,[],{},,,False
1786345855000,1786345860000,benign,benign#chunk180,[],{},,,False
1786345860000,1786345865000,benign,benign#chunk181,[],{},,,False
1786345865000,1786345870000,benign,benign#chunk181,[],{},,,False
1786345870000,1786345875000,benign,benign#chunk181,[],{},,,True
1786345875000,1786345880000,benign,benign#chunk181,[],{},,,False
1786345880000,1786345885000,benign,benign#chunk181,[],{},,,False
1786345885000,1786345890000,benign,benign#chunk181,[],{},,,False
1786345890000,1786345895000,benign,benign#chunk181,[],{},,,False
1786345895000,1786345900000,benign,benign#chunk181,[],{},,,False
1786345900000,1786345905000,OPCUA_ENDPOINT_DISCOVERY,OPCUA_ENDPOINT_DISCOVERY#c196,"[""OPCUA_ENDPOINT_DISCOVERY""]","{""OPCUA_ENDPOINT_DISCOVERY#c196"": [1347771, 1347774, 1347779, 1347793, 1347809, 1347813]}",,OPCUA_ENDPOINT_DISCOVERY,True
1786345905000,1786345910000,benign,benign#chunk181,[],{},,,False
1786345910000,1786345915000,benign,benign#chunk181,[],{},,,False
1786345915000,1786345920000,benign,benign#chunk181,[],{},,,False
1786345920000,1786345925000,benign,benign#chunk181,[],{},,,False
1786345925000,1786345930000,benign,benign#chunk182,[],{},,,False
1786345930000,1786345935000,benign,benign#chunk182,[],{},,,True
1786345935000,1786345940000,benign,benign#chunk182,[],{},,,False
1786345940000,1786345945000,benign,benign#chunk182,[],{},,,False
1786345945000,1786345950000,benign,benign#chunk182,[],{},,,False
1786345950000,1786345955000,benign,benign#chunk182,[],{},,,False
1786345955000,1786345960000,benign,benign#chunk182,[],{},,,False
1786345960000,1786345965000,OPCUA_BEHAVIORAL_PROFILING,OPCUA_BEHAVIORAL_PROFILING#c197,"[""OPCUA_BEHAVIORAL_PROFILING""]","{""OPCUA_BEHAVIORAL_PROFILING#c197"": [1353498, 1353501, 1353503, 1353519, 1353520, 1353523, 1353541, 1353547, 1353553, 1353559, 1353565]}",,OPCUA_BEHAVIORAL_PROFILING,True
1786345965000,1786345970000,OPCUA_BEHAVIORAL_PROFILING,OPCUA_BEHAVIORAL_PROFILING#c197,"[""OPCUA_BEHAVIORAL_PROFILING""]","{""OPCUA_BEHAVIORAL_PROFILING#c197"": [1353636, 1353642, 1353747, 1353903, 1353907, 1353998, 1354081]}",,OPCUA_BEHAVIORAL_PROFILING,True
1786345970000,1786345975000,OPCUA_BEHAVIORAL_PROFILING,OPCUA_BEHAVIORAL_PROFILING#c197,"[""OPCUA_BEHAVIORAL_PROFILING""]","{""OPCUA_BEHAVIORAL_PROFILING#c197"": [1354249, 1354250, 1354383, 1354499, 1354599, 1354600, 1354699]}",,OPCUA_BEHAVIORAL_PROFILING,True
1786345975000,1786345980000,OPCUA_BEHAVIORAL_PROFILING,OPCUA_BEHAVIORAL_PROFILING#c197,"[""OPCUA_BEHAVIORAL_PROFILING""]","{""OPCUA_BEHAVIORAL_PROFILING#c197"": [1354814, 1354874, 1354900, 1354973, 1355061, 1355154]}",,OPCUA_BEHAVIORAL_PROFILING,True
1786345980000,1786345985000,OPCUA_BEHAVIORAL_PROFILING,OPCUA_BEHAVIORAL_PROFILING#c197,"[""OPCUA_BEHAVIORAL_PROFILING""]","{""OPCUA_BEHAVIORAL_PROFILING#c197"": [1355319, 1355443, 1355549, 1355641, 1355729, 1355730]}",,OPCUA_BEHAVIORAL_PROFILING,True
1786345985000,1786345990000,OPCUA_BEHAVIORAL_PROFILING,OPCUA_BEHAVIORAL_PROFILING#c197,"[""OPCUA_BEHAVIORAL_PROFILING""]","{""OPCUA_BEHAVIORAL_PROFILING#c197"": [1355816, 1355910, 1356015, 1356016, 1356089, 1356159]}",,OPCUA_BEHAVIORAL_PROFILING,True
1786345990000,1786345995000,OPCUA_BEHAVIORAL_PROFILING,OPCUA_BEHAVIORAL_PROFILING#c197,"[""OPCUA_BEHAVIORAL_PROFILING""]","{""OPCUA_BEHAVIORAL_PROFILING#c197"": [1356212, 1356213, 1356299, 1356377, 1356458, 1356459, 1356550]}",,OPCUA_BEHAVIORAL_PROFILING,True
1786345995000,1786346000000,OPCUA_BEHAVIORAL_PROFILING,OPCUA_BEHAVIORAL_PROFILING#c197,"[""OPCUA_BEHAVIORAL_PROFILING""]","{""OPCUA_BEHAVIORAL_PROFILING#c197"": [1356668, 1356751, 1356837, 1356905, 1357010]}",,OPCUA_BEHAVIORAL_PROFILING,True
1786346000000,1786346005000,OPCUA_BEHAVIORAL_PROFILING,OPCUA_BEHAVIORAL_PROFILING#c197,"[""OPCUA_BEHAVIORAL_PROFILING""]","{""OPCUA_BEHAVIORAL_PROFILING#c197"": [1357088, 1357254, 1357267, 1357308, 1357314, 1357318]}",,OPCUA_BEHAVIORAL_PROFILING,True
1786346005000,1786346010000,benign,benign#chunk182,[],{},,,False
1786346010000,1786346015000,benign,benign#chunk182,[],{},,,False
1786346015000,1786346020000,benign,benign#chunk182,[],{},,,False
1786346020000,1786346025000,benign,benign#chunk182,[],{},,,True
1786346025000,1786346030000,benign,benign#chunk182,[],{},,,False
1786346030000,1786346035000,benign,benign#chunk183,[],{},,,False
1786346035000,1786346040000,benign,benign#chunk183,[],{},,,False
1786346040000,1786346045000,benign,benign#chunk183,[],{},,,False
1786346045000,1786346050000,benign,benign#chunk183,[],{},,,False
1786346050000,1786346055000,benign,benign#chunk183,[],{},,,True
1786346055000,1786346060000,benign,benign#chunk183,[],{},,,False
1786346060000,1786346065000,OPCUA_SLOWLORIS,OPCUA_SLOWLORIS#c198,"[""OPCUA_SLOWLORIS""]","{""OPCUA_SLOWLORIS#c198"": [1363106, 1363110, 1363116, 1363130, 1363144, 1363147, 1363152, 1363171, 1363185, 1363200, 1363213, 1363228, 1363230, 1363261, 1363266, 1363281, 1363295, 1363298, 1363305, 1363322, 1363330, 1363333, 1363353, 1363373, 1363385, 1363402, 1363408, 1363430, 1363432, 1363454, 1363459, 1363481, 1363490, 1363503, 1363511, 1363525, 1363545, 1363548, 1363556, 1363570, 1363586, 1363593, 1363596, 1363598, 1363599, 1363621, 1363639, 1363657, 1363667, 1363669, 1363671, 1363674, 1363678, 1363680, 1363701, 1363704, 1363714, 1363718, 1363721, 1363722, 1363727, 1363734, 1363743, 1363745, 1363801, 1363816, 1363817, 1363823, 1363826, 1363827, 1363858]}",,OPCUA_SLOWLORIS,True
1786346065000,1786346070000,OPCUA_SLOWLORIS,OPCUA_SLOWLORIS#c198,"[""OPCUA_SLOWLORIS""]","{""OPCUA_SLOWLORIS#c198"": [1363899, 1363904, 1363905, 1363978, 1363985, 1363986, 1363991, 1364000, 1364001, 1364006, 1364009, 1364020, 1364021, 1364078, 1364088, 1364089, 1364099, 1364102, 1364103, 1364110, 1364126, 1364131, 1364132, 1364210, 1364211, 1364212, 1364228, 1364235, 1364236, 1364241, 1364243, 1364255, 1364256, 1364319, 1364320, 1364321, 1364326, 1364335, 1364336, 1364345, 1364363, 1364382, 1364383, 1364507, 1364508, 1364509, 1364513, 1364527, 1364528]}",,OPCUA_SLOWLORIS,True
1786346070000,1786346075000,OPCUA_SLOWLORIS,OPCUA_SLOWLORIS#c198,"[""OPCUA_SLOWLORIS""]","{""OPCUA_SLOWLORIS#c198"": [1364533, 1364536, 1364545, 1364546, 1364619, 1364620, 1364621, 1364622, 1364640, 1364641, 1364649, 1364652, 1364661, 1364662, 1364738, 1364739, 1364740, 1364741, 1364760, 1364761, 1364769, 1364774, 1364792, 1364793, 1364872, 1364873, 1364874, 1364875, 1364895, 1364896, 1364903, 1364911, 1364921, 1364922, 1364977, 1364978, 1364997, 1364998, 1365028, 1365029, 1365043, 1365049, 1365063, 1365067, 1365094, 1365095, 1365096, 1365097, 1365118, 1365119]}",,OPCUA_SLOWLORIS,True
1786346075000,1786346080000,OPCUA_SLOWLORIS,OPCUA_SLOWLORIS#c198,"[""OPCUA_SLOWLORIS""]","{""OPCUA_SLOWLORIS#c198"": [1365152, 1365174, 1365187, 1365192, 1365240, 1365241, 1365242, 1365243, 1365255, 1365256, 1365261, 1365304, 1365321, 1365331, 1365381, 1365382, 1365383, 1365384, 1365395, 1365396, 1365401, 1365410, 1365418, 1365466, 1365552, 1365553, 1365554, 1365555, 1365564, 1365565, 1365574, 1365577, 1365584, 1365597, 1365705, 1365706, 1365707, 1365708, 1365726, 1365727, 1365740, 1365743, 1365746, 1365755, 1365844, 1365845, 1365846, 1365847]}",,OPCUA_SLOWLORIS,True
1786346080000,1786346085000,OPCUA_SLOWLORIS,OPCUA_SLOWLORIS#c198,"[""OPCUA_SLOWLORIS""]","{""OPCUA_SLOWLORIS#c198"": [1365856, 1365857, 1365862, 1365867, 1365870, 1365883, 1365975, 1365976, 1365977, 1365978, 1365987, 1365988, 1365996, 1366005, 1366007, 1366023, 1366094, 1366095, 1366096, 1366097, 1366102, 1366103, 1366116, 1366125, 1366132, 1366143, 1366215, 1366216, 1366217, 1366218, 1366226, 1366227, 1366245, 1366251, 1366258, 1366259, 1366262, 1366266, 1366274, 1366276, 1366278, 1366280, 1366282, 1366286, 1366287, 1366292, 1366369, 1366370, 1366371, 1366372, 1366373, 1366374, 1366391, 1366394, 1366401, 1366410]}",,OPCUA_SLOWLORIS,True
1786346085000,1786346090000,OPCUA_SLOWLORIS,OPCUA_SLOWLORIS#c198,"[""OPCUA_SLOWLORIS""]","{""OPCUA_SLOWLORIS#c198"": [1366486, 1366487, 1366488, 1366489, 1366490, 1366491, 1366504, 1366509, 1366514, 1366525, 1366613, 1366614, 1366615, 1366616, 1366621, 1366622, 1366633, 1366638, 1366643, 1366656, 1366743, 1366744, 1366745, 1366746, 1366754, 1366755, 1366768, 1366771, 1366780, 1366791, 1366835, 1366836, 1366837, 1366838, 1366880, 1366881, 1366888, 1366891, 1366904, 1366916, 1366953, 1366954, 1366955, 1366956, 1366989, 1366990, 1367006, 1367013, 1367034, 1367043]}",,OPCUA_SLOWLORIS,True
1786346090000,1786346095000,OPCUA_SLOWLORIS,OPCUA_SLOWLORIS#c198,"[""OPCUA_SLOWLORIS""]","{""OPCUA_SLOWLORIS#c198"": [1367093, 1367094, 1367095, 1367096, 1367110, 1367111, 1367122, 1367154, 1367172, 1367187, 1367220, 1367221, 1367222, 1367223, 1367237, 1367238, 1367246, 1367260, 1367285, 1367319, 1367341, 1367342, 1367343, 1367344, 1367355, 1367356, 1367369, 1367372, 1367379, 1367384, 1367450, 1367451, 1367452, 1367453, 1367476, 1367477, 1367490, 1367495, 1367510, 1367521, 1367598, 1367599, 1367600, 1367601, 1367606, 1367607, 1367618, 1367620, 1367630, 1367633]}",,OPCUA_SLOWLORIS,True
1786346095000,1786346100000,OPCUA_SLOWLORIS,OPCUA_SLOWLORIS#c198,"[""OPCUA_SLOWLORIS""]","{""OPCUA_SLOWLORIS#c198"": [1367712, 1367713, 1367714, 1367715, 1367723, 1367724, 1367734, 1367738, 1367775, 1367780, 1367864, 1367865, 1367866, 1367867, 1367872, 1367873, 1367882, 1367887, 1367902, 1367905, 1367982, 1367983, 1367984, 1367985, 1367994, 1367995, 1368005, 1368020, 1368026, 1368033, 1368094, 1368095, 1368096, 1368097, 1368104, 1368105, 1368114, 1368125, 1368128, 1368135, 1368186, 1368187, 1368188, 1368189, 1368206, 1368207, 1368216, 1368223, 1368228, 1368233]}",,OPCUA_SLOWLORIS,True
1786346100000,1786346105000,OPCUA_SLOWLORIS,OPCUA_SLOWLORIS#c198,"[""OPCUA_SLOWLORIS""]","{""OPCUA_SLOWLORIS#c198"": [1368258, 1368259, 1368260, 1368261, 1368296, 1368297, 1368314, 1368323, 1368357, 1368367, 1368447, 1368448, 1368449, 1368450, 1368459, 1368460, 1368497, 1368514, 1368529, 1368533, 1368580, 1368581, 1368582, 1368583, 1368593, 1368594, 1368602, 1368633, 1368649, 1368655, 1368691, 1368692, 1368693, 1368694, 1368703, 1368705, 1368715, 1368716, 1368718, 1368720, 1368726, 1368728, 1368745, 1368747, 1368752, 1368753, 1368755, 1368778, 1368780, 1368790, 1368792, 1368793, 1368817, 1368819, 1368824, 1368827, 1368848, 1368850, 1368859]}",,OPCUA_SLOWLORIS,True
1786346105000,1786346110000,benign,benign#chunk183,[],{},,,False
1786346110000,1786346115000,benign,benign#chunk183,[],{},,,False
1786346115000,1786346120000,benign,benign#chunk183,[],{},,,False
1786346120000,1786346125000,benign,benign#chunk183,[],{},,,False
1786346125000,1786346130000,benign,benign#chunk183,[],{},,,False
1786346130000,1786346135000,benign,benign#chunk183,[],{},,,False
1786346135000,1786346140000,benign,benign#chunk184,[],{},,,False
1786346140000,1786346145000,benign,benign#chunk184,[],{},,,False
1786346145000,1786346150000,benign,benign#chunk184,[],{},,,False
1786346150000,1786346155000,benign,benign#chunk184,[],{},,,False
1786346155000,1786346160000,benign,benign#chunk184,[],{},,,False
1786346160000,1786346165000,OPCUA_PROTOCOL_FUZZ,OPCUA_PROTOCOL_FUZZ#c199,"[""OPCUA_PROTOCOL_FUZZ""]","{""OPCUA_PROTOCOL_FUZZ#c199"": [1374580]}",,OPCUA_PROTOCOL_FUZZ,True
1786346165000,1786346170000,OPCUA_PROTOCOL_FUZZ,OPCUA_PROTOCOL_FUZZ#c199,"[""OPCUA_PROTOCOL_FUZZ""]","{""OPCUA_PROTOCOL_FUZZ#c199"": [1374804, 1374901, 1374933]}",,OPCUA_PROTOCOL_FUZZ,True
1786346170000,1786346175000,benign,benign#chunk184,[],{},,,False
1786346175000,1786346180000,benign,benign#chunk184,[],{},,,False
1786346180000,1786346185000,benign,benign#chunk184,[],{},,,False
1786346185000,1786346190000,benign,benign#chunk184,[],{},,,False
1786346190000,1786346195000,benign,benign#chunk184,[],{},,,False
1786346195000,1786346200000,benign,benign#chunk184,[],{},,,False
1786346200000,1786346205000,benign,benign#chunk184,[],{},,,False
1786346205000,1786346210000,benign,benign#chunk185,[],{},,,False
1786346210000,1786346215000,benign,benign#chunk185,[],{},,,False
1786346215000,1786346220000,benign,benign#chunk185,[],{},,,False
1786346220000,1786346225000,benign,benign#chunk185,[],{},,,False
1786346225000,1786346230000,OPCUA_WRITE_DENIED,OPCUA_WRITE_DENIED#c200,"[""OPCUA_WRITE_DENIED""]","{""OPCUA_WRITE_DENIED#c200"": [1381299, 1381302, 1381304, 1381319, 1381333, 1381335]}",,OPCUA_WRITE_DENIED,True
1786346230000,1786346235000,benign,benign#chunk185,[],{},,,False
1786346235000,1786346240000,benign,benign#chunk185,[],{},,,False
1786346240000,1786346245000,benign,benign#chunk185,[],{},,,False
1786346245000,1786346250000,benign,benign#chunk185,[],{},,,False
1786346250000,1786346255000,benign,benign#chunk185,[],{},,,False
1786346255000,1786346260000,benign,benign#chunk185,[],{},,,False
1786346260000,1786346265000,benign,benign#chunk185,[],{},,,False
1786346265000,1786346270000,benign,benign#chunk185,[],{},,,False
1786346270000,1786346275000,benign,benign#chunk186,[],{},,,False
1786346275000,1786346280000,benign,benign#chunk186,[],{},,,False
1786346280000,1786346285000,benign,benign#chunk186,[],{},,,False
1786346285000,1786346290000,OPCUA_NODE_BROWSE,OPCUA_NODE_BROWSE#c201,"[""OPCUA_NODE_BROWSE""]","{""OPCUA_NODE_BROWSE#c201"": [1387199, 1387202, 1387204, 1387218, 1387232, 1387234, 1387236, 1387238, 1387240, 1387242, 1387248, 1387250, 1387252, 1387254, 1387256, 1387258, 1387260, 1387262, 1387264, 1387266, 1387268, 1387270]}",,OPCUA_NODE_BROWSE,True
1786346290000,1786346295000,benign,benign#chunk186,[],{},,,False
1786346295000,1786346300000,benign,benign#chunk186,[],{},,,False
1786346300000,1786346305000,benign,benign#chunk186,[],{},,,False
1786346305000,1786346310000,benign,benign#chunk186,[],{},,,False
1786346310000,1786346315000,benign,benign#chunk186,[],{},,,False
1786346315000,1786346320000,benign,benign#chunk186,[],{},,,False
1786346320000,1786346325000,benign,benign#chunk186,[],{},,,False
1786346325000,1786346330000,benign,benign#chunk186,[],{},,,False
1786346330000,1786346335000,benign,benign#chunk186,[],{},,,False
1786346335000,1786346340000,benign,benign#chunk187,[],{},,,False
1786346340000,1786346345000,benign,benign#chunk187,[],{},,,False
1786346345000,1786346350000,OPCUA_RECURSIVE_BROWSE,OPCUA_RECURSIVE_BROWSE#c202,"[""OPCUA_RECURSIVE_BROWSE""]","{""OPCUA_RECURSIVE_BROWSE#c202"": [1392898, 1392900, 1392916, 1392930, 1392932, 1392934, 1392936, 1392938, 1392940, 1392942, 1392944, 1392946, 1392948, 1392950, 1392952, 1392954, 1392956, 1392958, 1392960, 1392962, 1392964, 1392966, 1392968, 1392970, 1392972, 1392974, 1392976, 1392978, 1392980, 1392982, 1392984, 1392986, 1392988, 1392990, 1392998, 1393000, 1393002, 1393004, 1393006, 1393008, 1393010, 1393014, 1393018, 1393020, 1393022, 1393024, 1393026, 1393028, 1393030, 1393032, 1393034, 1393036, 1393038, 1393040, 1393043, 1393045, 1393047, 1393049, 1393051, 1393127, 1393129, 1393133, 1393138, 1393140, 1393142, 1393144, 1393146, 1393148, 1393150, 1393155, 1393157, 1393159, 1393161, 1393163, 1393165, 1393167, 1393169, 1393171, 1393173, 1393175, 1393177, 1393179, 1393181, 1393183, 1393185, 1393187, 1393189, 1393191, 1393193, 1393195, 1393197, 1393199, 1393201, 1393202, 1393209, 1393211, 1393213, 1393215, 1393217, 1393219, 1393223, 1393225, 1393227, 1393229, 1393231, 1393233, 1393235, 1393237, 1393239, 1393241, 1393243, 1393245, 1393247, 1393250, 1393252, 1393254, 1393256, 1393262, 1393305, 1393307, 1393309, 1393311, 1393315, 1393319, 1393321, 1393323, 1393325, 1393327, 1393329, 1393331, 1393333, 1393337, 1393343, 1393347, 1393349]}",,OPCUA_RECURSIVE_BROWSE,True
1786346350000,1786346355000,OPCUA_RECURSIVE_BROWSE,OPCUA_RECURSIVE_BROWSE#c202,"[""OPCUA_RECURSIVE_BROWSE""]","{""OPCUA_RECURSIVE_BROWSE#c202"": [1393351, 1393353, 1393355, 1393357, 1393359, 1393361, 1393365, 1393371, 1393377, 1393386, 1393390, 1393392, 1393394, 1393399, 1393405, 1393411, 1393413, 1393415, 1393417, 1393419, 1393421, 1393426, 1393428, 1393430, 1393434, 1393436, 1393438, 1393440, 1393442, 1393455, 1393467, 1393472, 1393474, 1393476, 1393479, 1393481, 1393484, 1393486, 1393488, 1393490, 1393492, 1393495, 1393526, 1393528, 1393530, 1393534, 1393539, 1393541, 1393543, 1393545, 1393547, 1393549, 1393551, 1393553, 1393555, 1393557, 1393559, 1393561, 1393563, 1393565, 1393567, 1393569, 1393571, 1393573, 1393577, 1393581, 1393583, 1393585, 1393587, 1393589, 1393591, 1393593, 1393595, 1393597, 1393599, 1393602, 1393604, 1393606, 1393612, 1393614, 1393616, 1393618, 1393620, 1393623, 1393625, 1393627, 1393629, 1393636, 1393638, 1393640, 1393642, 1393644, 1393646, 1393648, 1393650, 1393653, 1393655, 1393657, 1393659, 1393661, 1393716, 1393735, 1393737, 1393739, 1393741, 1393745, 1393747, 1393749, 1393751, 1393753, 1393755, 1393757, 1393759, 1393761, 1393763, 1393765, 1393767, 1393769, 1393771, 1393773, 1393775, 1393777, 1393779, 1393781, 1393783, 1393785, 1393787, 1393789, 1393791, 1393793, 1393795, 1393798, 1393800, 1393802, 1393804, 1393806, 1393808, 1393810, 1393812, 1393818, 1393820, 1393822, 1393824, 1393834, 1393836, 1393838, 1393841, 1393843, 1393845, 1393847, 1393849, 1393851, 1393853, 1393855, 1393858, 1393860, 1393862, 1393864, 1393866, 1393928, 1393936, 1393938, 1393942, 1393944, 1393946, 1393948, 1393951, 1393953, 1393955, 1393957, 1393959, 1393961, 1393963, 1393965, 1393967, 1393969, 1393971, 1393973, 1393975, 1393977, 1393980, 1393982, 1393984, 1393986, 1393988, 1393990, 1393992, 1393994, 1393998, 1394000, 1394002, 1394004, 1394006, 1394008, 1394010, 1394012, 1394014, 1394016, 1394018, 1394020, 1394022, 1394024, 1394026, 1394028, 1394030, 1394032, 1394034, 1394036, 1394038, 1394040, 1394042, 1394044, 1394046, 1394049, 1394051, 1394053, 1394055, 1394057, 1394101, 1394103, 1394105, 1394107, 1394109, 1394111, 1394113, 1394115, 1394117, 1394119, 1394121, 1394123, 1394125, 1394127, 1394129, 1394131, 1394133, 1394135, 1394141, 1394145, 1394147, 1394149, 1394150, 1394155, 1394157, 1394159, 1394161, 1394165, 1394169, 1394171, 1394173, 1394175, 1394179, 1394185, 1394191, 1394197, 1394203, 1394209, 1394211, 1394213, 1394215, 1394219, 1394223, 1394225, 1394227, 1394229, 1394237, 1394240, 1394242, 1394244, 1394246, 1394248, 1394250, 1394252, 1394257, 1394259, 1394261, 1394263, 1394265, 1394309, 1394311, 1394313, 1394315, 1394317, 1394319, 1394321, 1394325, 1394327, 1394329, 1394331, 1394333, 1394335, 1394337, 1394339, 1394341, 1394343, 1394345, 1394347, 1394349, 1394351, 1394353, 1394355, 1394357, 1394359, 1394361, 1394363, 1394367, 1394369, 1394371, 1394376, 1394378, 1394380, 1394382, 1394384, 1394386, 1394388, 1394390, 1394392, 1394394, 1394396, 1394398, 1394400, 1394402, 1394404, 1394407, 1394409, 1394411, 1394413, 1394415, 1394417, 1394419, 1394421, 1394424, 1394425, 1394428, 1394432, 1394434, 1394436, 1394512, 1394514, 1394516, 1394518, 1394520, 1394522, 1394526, 1394528, 1394530, 1394532, 1394534, 1394536, 1394538, 1394540, 1394542, 1394544, 1394546, 1394548, 1394550, 1394552, 1394554, 1394556, 1394558, 1394560, 1394562, 1394564, 1394566, 1394570, 1394572, 1394574, 1394580, 1394582, 1394584, 1394586, 1394588]}",,OPCUA_RECURSIVE_BROWSE,True
1786346355000,1786346360000,OPCUA_RECURSIVE_BROWSE,OPCUA_RECURSIVE_BROWSE#c202,"[""OPCUA_RECURSIVE_BROWSE""]","{""OPCUA_RECURSIVE_BROWSE#c202"": [1394590, 1394592, 1394594, 1394596, 1394600, 1394602, 1394604, 1394606, 1394608, 1394610, 1394612, 1394614, 1394616, 1394618, 1394620, 1394622, 1394624, 1394626, 1394629, 1394631, 1394633, 1394635, 1394637, 1394644, 1394689, 1394691, 1394693, 1394695, 1394697, 1394699, 1394701, 1394705, 1394707, 1394709, 1394711, 1394713, 1394715, 1394717, 1394719, 1394721, 1394727, 1394729, 1394733, 1394735, 1394737, 1394739, 1394741, 1394743, 1394749, 1394751, 1394753, 1394766, 1394769, 1394771, 1394773, 1394775, 1394777, 1394779, 1394781, 1394783, 1394785, 1394787, 1394789, 1394791, 1394793, 1394795, 1394797, 1394799, 1394801, 1394803, 1394805, 1394812, 1394814, 1394816, 1394818, 1394820, 1394822, 1394825, 1394827, 1394829, 1394831, 1394834, 1394854, 1394857, 1394859, 1394861, 1394863, 1394865, 1394867, 1394869, 1394871, 1394873, 1394875, 1394881, 1394883, 1394885, 1394887, 1394889, 1394891, 1394893, 1394895, 1394897, 1394900, 1394902, 1394904, 1394906, 1394908, 1394910, 1394912, 1394914, 1394916, 1394918, 1394920, 1394922, 1394924, 1394926, 1394928, 1394930, 1394932, 1394934, 1394940, 1394944, 1394950, 1394956, 1394962, 1394968, 1394976, 1394982, 1394990, 1394992, 1394994, 1394996, 1394998, 1395002, 1395006, 1395008, 1395011, 1395013, 1395015, 1395019, 1395021, 1395058, 1395060, 1395062, 1395064, 1395066, 1395068, 1395070, 1395072, 1395076, 1395078, 1395081, 1395083, 1395085, 1395090, 1395092, 1395094, 1395095, 1395100, 1395102, 1395105, 1395107, 1395109, 1395111, 1395115, 1395117, 1395119, 1395122, 1395124, 1395126, 1395128, 1395130, 1395132, 1395134, 1395136, 1395138, 1395140, 1395142, 1395144, 1395146, 1395148, 1395150, 1395152, 1395154, 1395156, 1395158, 1395160, 1395162, 1395164, 1395166, 1395171, 1395173, 1395175, 1395181, 1395183, 1395186, 1395188, 1395190, 1395192, 1395194, 1395272, 1395274, 1395276, 1395280, 1395282, 1395284, 1395286, 1395288, 1395290, 1395292, 1395294, 1395296, 1395298, 1395300, 1395302, 1395304, 1395306, 1395308, 1395310, 1395312, 1395314, 1395316, 1395318, 1395320, 1395322, 1395324, 1395326, 1395328, 1395330, 1395332, 1395336, 1395338, 1395340, 1395345, 1395347, 1395349, 1395351, 1395353, 1395355, 1395361, 1395363, 1395365, 1395367, 1395369, 1395371, 1395373, 1395375, 1395377, 1395379, 1395381, 1395384, 1395386, 1395388, 1395391, 1395393, 1395395, 1395397, 1395398, 1395403, 1395456, 1395458, 1395460, 1395466, 1395468, 1395472, 1395474, 1395476, 1395480, 1395484, 1395488, 1395492, 1395494, 1395496, 1395498, 1395500, 1395502, 1395506, 1395510, 1395512, 1395514, 1395516, 1395519, 1395521, 1395523, 1395525, 1395527, 1395529, 1395531, 1395533, 1395535, 1395537, 1395539, 1395541, 1395543, 1395545, 1395548, 1395550, 1395552, 1395554, 1395556, 1395560, 1395564, 1395566, 1395568, 1395570, 1395572, 1395574, 1395576, 1395578, 1395580, 1395584, 1395586, 1395591, 1395593, 1395595, 1395597, 1395599, 1395612, 1395617, 1395619, 1395621, 1395623, 1395625, 1395627, 1395629, 1395631, 1395633, 1395635, 1395637, 1395639, 1395641, 1395643, 1395645, 1395647, 1395650, 1395652, 1395654, 1395656, 1395658, 1395663, 1395665, 1395667, 1395670, 1395672, 1395678, 1395684, 1395686, 1395688, 1395690, 1395692, 1395694, 1395696, 1395698, 1395700, 1395702, 1395704, 1395706, 1395708, 1395710, 1395712, 1395714, 1395716, 1395718, 1395720, 1395726, 1395732, 1395738, 1395744, 1395750, 1395756, 1395765, 1395775, 1395779, 1395784, 1395786, 1395788]}",,OPCUA_RECURSIVE_BROWSE,True
1786346360000,1786346365000,OPCUA_RECURSIVE_BROWSE,OPCUA_RECURSIVE_BROWSE#c202,"[""OPCUA_RECURSIVE_BROWSE""]","{""OPCUA_RECURSIVE_BROWSE#c202"": [1395817, 1395826, 1395828, 1395830, 1395832, 1395834, 1395836, 1395838, 1395840, 1395842, 1395844, 1395846, 1395848, 1395850, 1395852, 1395854, 1395856, 1395858, 1395860, 1395864, 1395866, 1395868, 1395870, 1395874, 1395876, 1395878, 1395880, 1395882, 1395884, 1395886, 1395888, 1395890, 1395892, 1395894, 1395896, 1395898, 1395900, 1395902, 1395904, 1395906, 1395908, 1395910, 1395912, 1395914, 1395916, 1395921, 1395923, 1395925, 1395927, 1395930, 1395933, 1395935, 1395937, 1395939, 1395942, 1395944, 1395946, 1395948, 1395950, 1396040, 1396042, 1396044, 1396048, 1396051, 1396054, 1396056, 1396060, 1396062, 1396064, 1396066, 1396068, 1396071, 1396072, 1396075, 1396080, 1396082, 1396084, 1396086, 1396088, 1396092, 1396094, 1396096, 1396098, 1396100, 1396102, 1396104, 1396106, 1396108, 1396110, 1396112, 1396115, 1396117, 1396119, 1396121, 1396123, 1396125, 1396127, 1396129, 1396132, 1396134, 1396136, 1396138, 1396141, 1396144, 1396146, 1396148, 1396150, 1396152, 1396154, 1396156, 1396160, 1396190, 1396211, 1396227, 1396251, 1396255, 1396257, 1396259, 1396306, 1396308, 1396312, 1396322, 1396332, 1396338, 1396344, 1396350, 1396361, 1396367, 1396371, 1396373, 1396375, 1396379, 1396383, 1396393, 1396395, 1396397, 1396399, 1396401, 1396403, 1396405, 1396409, 1396411, 1396413, 1396417, 1396419, 1396421, 1396423, 1396425, 1396427, 1396429, 1396431, 1396433, 1396435, 1396437, 1396439, 1396441, 1396444, 1396446, 1396448, 1396453, 1396455, 1396457, 1396458, 1396461, 1396465, 1396467, 1396469, 1396471, 1396473, 1396475, 1396479, 1396481, 1396484, 1396486, 1396488, 1396490, 1396492, 1396516, 1396518, 1396520, 1396522, 1396524, 1396526, 1396528, 1396530, 1396532, 1396535, 1396537, 1396541, 1396543, 1396545, 1396547, 1396549, 1396551, 1396553, 1396555, 1396557, 1396559, 1396573, 1396575, 1396577, 1396579, 1396581, 1396583, 1396585, 1396587, 1396589, 1396591, 1396593, 1396596, 1396600, 1396602, 1396604, 1396606, 1396608, 1396610, 1396615, 1396619, 1396621, 1396623, 1396625, 1396627, 1396629, 1396631, 1396633, 1396638, 1396640, 1396642, 1396646, 1396648, 1396655, 1396663, 1396669, 1396675, 1396681, 1396710, 1396716, 1396718, 1396720, 1396722, 1396724, 1396726, 1396728, 1396730, 1396733, 1396735, 1396737, 1396751, 1396753, 1396755, 1396757, 1396759, 1396761, 1396767, 1396769, 1396771, 1396773, 1396775, 1396777, 1396779, 1396781, 1396783, 1396785, 1396787, 1396789, 1396791, 1396793, 1396795, 1396797, 1396799, 1396801, 1396803, 1396805, 1396807, 1396809, 1396811, 1396813, 1396815, 1396817, 1396819, 1396821, 1396823, 1396825, 1396827, 1396829, 1396831, 1396833, 1396839, 1396841, 1396845, 1396847, 1396849, 1396851, 1396853, 1396907, 1396925, 1396927]}",,OPCUA_RECURSIVE_BROWSE,True
1786346365000,1786346370000,benign,benign#chunk187,[],{},,,False
1786346370000,1786346375000,benign,benign#chunk187,[],{},,,False
1786346375000,1786346380000,benign,benign#chunk187,[],{},,,False
1786346380000,1786346385000,benign,benign#chunk187,[],{},,,False
1786346385000,1786346390000,benign,benign#chunk187,[],{},,,False
1786346390000,1786346395000,benign,benign#chunk187,[],{},,,False
1786346395000,1786346400000,benign,benign#chunk187,[],{},,,False
1786346400000,1786346405000,benign,benign#chunk187,[],{},,,False
1786346405000,1786346410000,benign,benign#chunk187,[],{},,,False
1786346410000,1786346415000,benign,benign#chunk187,[],{},,,False
1786346415000,1786346420000,benign,benign#chunk188,[],{},,,False
1786346420000,1786346425000,OPCUA_READ_SCRAPING,OPCUA_READ_SCRAPING#c203,"[""OPCUA_READ_SCRAPING""]","{""OPCUA_READ_SCRAPING#c203"": [1403239, 1403243, 1403245, 1403259, 1403273, 1403275, 1403277, 1403279, 1403282, 1403284, 1403286, 1403288, 1403290, 1403296, 1403300, 1403302, 1403306, 1403308, 1403310, 1403318, 1403322, 1403324, 1403326, 1403328, 1403330, 1403332, 1403339, 1403344, 1403346, 1403348, 1403354, 1403358]}",,OPCUA_READ_SCRAPING,True
1786346425000,1786346430000,OPCUA_READ_SCRAPING,OPCUA_READ_SCRAPING#c203,"[""OPCUA_READ_SCRAPING""]","{""OPCUA_READ_SCRAPING#c203"": [1403371, 1403373, 1403375, 1403377, 1403379, 1403381, 1403384, 1403386, 1403388, 1403390, 1403392, 1403394, 1403399, 1403401, 1403403, 1403405, 1403407, 1403409, 1403423, 1403425, 1403427, 1403431, 1403437, 1403443, 1403476, 1403480, 1403482, 1403484, 1403486, 1403488, 1403495, 1403497, 1403499, 1403501, 1403503, 1403516, 1403518, 1403524, 1403526, 1403528, 1403530, 1403532, 1403534, 1403540, 1403542, 1403544, 1403546, 1403548, 1403550, 1403558, 1403562, 1403574, 1403576, 1403578, 1403580, 1403583, 1403588, 1403590, 1403596, 1403598, 1403600, 1403607, 1403609, 1403611, 1403617, 1403623, 1403627, 1403632, 1403634, 1403636, 1403638, 1403642, 1403644, 1403649, 1403651, 1403653, 1403655, 1403657, 1403659, 1403662, 1403664, 1403666, 1403668, 1403670, 1403672, 1403675, 1403677, 1403679, 1403681, 1403683, 1403685, 1403710, 1403716, 1403722, 1403726, 1403728, 1403730, 1403741, 1403743, 1403746, 1403748, 1403749, 1403754, 1403758, 1403762, 1403764, 1403766, 1403769, 1403771, 1403773, 1403779, 1403781, 1403786, 1403788, 1403790, 1403793, 1403805, 1403807, 1403809, 1403815, 1403817, 1403819, 1403826, 1403831, 1403833, 1403835, 1403837, 1403839, 1403844, 1403850, 1403854, 1403856, 1403858, 1403860, 1403887, 1403889, 1403891, 1403893, 1403895, 1403897, 1403900, 1403908, 1403910, 1403912, 1403914, 1403916, 1403922, 1403924, 1403926, 1403928, 1403930, 1403932, 1403941, 1403943, 1403945, 1403947, 1403949, 1403953, 1403958, 1403960, 1403962, 1403964, 1403966, 1403968, 1404006, 1404007, 1404010, 1404016, 1404020, 1404022, 1404024, 1404036, 1404038, 1404040, 1404042, 1404044, 1404046, 1404056, 1404059, 1404061, 1404063, 1404070, 1404072, 1404080, 1404082, 1404084, 1404086, 1404088, 1404090, 1404107, 1404109, 1404111, 1404113, 1404115, 1404117, 1404126, 1404128, 1404130, 1404132, 1404134, 1404136, 1404141, 1404143, 1404145, 1404147, 1404149, 1404151, 1404154, 1404156, 1404158, 1404160, 1404162, 1404166, 1404171, 1404173, 1404175, 1404177, 1404179, 1404181, 1404184, 1404186, 1404188, 1404190, 1404192, 1404194, 1404197, 1404199, 1404201, 1404203, 1404205, 1404207, 1404213, 1404214, 1404217, 1404221, 1404223, 1404225, 1404229, 1404274, 1404280, 1404282, 1404284, 1404288, 1404292, 1404304, 1404306, 1404308, 1404311, 1404313, 1404316, 1404330, 1404338, 1404343, 1404345, 1404347, 1404349, 1404359, 1404361, 1404363, 1404365, 1404367, 1404370, 1404388, 1404394, 1404398, 1404400, 1404402, 1404404, 1404414, 1404416, 1404418, 1404420, 1404422, 1404427, 1404430, 1404432, 1404434, 1404436, 1404438, 1404440, 1404448, 1404450, 1404452, 1404454, 1404456, 1404458, 1404463, 1404465, 1404467, 1404469, 1404471, 1404473, 1404476, 1404478, 1404480, 1404482, 1404484, 1404486, 1404493, 1404495, 1404497, 1404499, 1404500, 1404505, 1404507, 1404510, 1404512, 1404514, 1404516, 1404520, 1404522, 1404561, 1404563, 1404565, 1404569, 1404578, 1404586, 1404598, 1404600, 1404602, 1404604, 1404606, 1404608, 1404618, 1404620, 1404622, 1404624, 1404626, 1404628]}",,OPCUA_READ_SCRAPING,True
1786346430000,1786346435000,OPCUA_READ_SCRAPING,OPCUA_READ_SCRAPING#c203,"[""OPCUA_READ_SCRAPING""]","{""OPCUA_READ_SCRAPING#c203"": [1404634, 1404636, 1404642, 1404646, 1404648, 1404650, 1404655, 1404657, 1404659, 1404661, 1404663, 1404665, 1404677, 1404679, 1404681, 1404683, 1404685, 1404687, 1404690, 1404692, 1404694, 1404696, 1404698, 1404700, 1404709, 1404711, 1404713, 1404715, 1404717, 1404719, 1404735, 1404737, 1404739, 1404741, 1404743, 1404745, 1404748, 1404749, 1404754, 1404758, 1404760, 1404762, 1404764, 1404767, 1404769, 1404771, 1404773, 1404775, 1404777, 1404782, 1404784, 1404786, 1404788, 1404795, 1404803, 1404837, 1404841, 1404843, 1404845, 1404847, 1404853, 1404867, 1404869, 1404871, 1404873, 1404875, 1404877, 1404883, 1404885, 1404887, 1404893, 1404897, 1404899, 1404910, 1404912, 1404914, 1404916, 1404918, 1404920, 1404923, 1404925, 1404927, 1404929, 1404931, 1404933, 1404938, 1404940, 1404942, 1404944, 1404950, 1404952, 1404955, 1404957, 1404961, 1404963, 1404965, 1404967, 1404973, 1404975, 1404977, 1404980, 1404982, 1404984, 1404987, 1404988, 1404993, 1404995, 1404997, 1404999, 1405001, 1405004, 1405006, 1405008, 1405010, 1405012, 1405014, 1405018, 1405022, 1405024, 1405026, 1405028, 1405031, 1405038, 1405040, 1405042, 1405046, 1405052, 1405058, 1405078, 1405084, 1405090, 1405101, 1405107, 1405111, 1405122, 1405124, 1405129, 1405133, 1405135, 1405138, 1405150, 1405152, 1405154, 1405156, 1405158, 1405161, 1405174, 1405176, 1405181, 1405183, 1405185, 1405187, 1405196, 1405198, 1405200, 1405202, 1405204, 1405206, 1405213, 1405215, 1405217, 1405219, 1405221, 1405223, 1405226, 1405228, 1405230, 1405232, 1405236, 1405238, 1405240, 1405242, 1405244, 1405246, 1405248, 1405250, 1405252, 1405255, 1405257, 1405259, 1405261, 1405263, 1405265, 1405271, 1405274, 1405278, 1405286, 1405288, 1405290, 1405293, 1405295, 1405297, 1405299, 1405301, 1405303, 1405313, 1405315, 1405317, 1405319, 1405321, 1405323, 1405346, 1405352, 1405362, 1405368, 1405378, 1405382, 1405392, 1405394, 1405396, 1405400, 1405403, 1405405, 1405411, 1405413, 1405415, 1405419, 1405421, 1405423, 1405434, 1405436, 1405438, 1405440, 1405442, 1405444, 1405447, 1405449, 1405451, 1405453, 1405455, 1405457, 1405460, 1405462, 1405464, 1405466, 1405468, 1405470, 1405472, 1405477, 1405479, 1405481, 1405483, 1405485, 1405487, 1405490, 1405492, 1405494, 1405497, 1405499, 1405501, 1405511, 1405513]}",,OPCUA_READ_SCRAPING,True
1786346435000,1786346440000,benign,benign#chunk188,[],{},,,False
1786346440000,1786346445000,benign,benign#chunk188,[],{},,,False
1786346445000,1786346450000,benign,benign#chunk188,[],{},,,False
1786346450000,1786346455000,benign,benign#chunk188,[],{},,,False
1786346455000,1786346460000,benign,benign#chunk188,[],{},,,False
1786346460000,1786346465000,benign,benign#chunk188,[],{},,,False
1786346465000,1786346470000,benign,benign#chunk188,[],{},,,False
1786346470000,1786346475000,benign,benign#chunk188,[],{},,,False
1786346475000,1786346480000,benign,benign#chunk188,[],{},,,False
1786346480000,1786346485000,benign,benign#chunk188,[],{},,,False
1786346485000,1786346490000,benign,benign#chunk188,[],{},,,False
1786346490000,1786346495000,OPCUA_WRITE_DENIED,OPCUA_WRITE_DENIED#c204,"[""OPCUA_WRITE_DENIED""]","{""OPCUA_WRITE_DENIED#c204"": [1411260, 1411262, 1411282, 1411296, 1411301]}",,OPCUA_WRITE_DENIED,True
1786346495000,1786346500000,benign,benign#chunk189,[],{},,,False
1786346500000,1786346505000,benign,benign#chunk189,[],{},,,False
1786346505000,1786346510000,benign,benign#chunk189,[],{},,,False
1786346510000,1786346515000,benign,benign#chunk189,[],{},,,False
1786346515000,1786346520000,benign,benign#chunk189,[],{},,,False
1786346520000,1786346525000,benign,benign#chunk189,[],{},,,False
1786346525000,1786346530000,benign,benign#chunk189,[],{},,,False
1786346530000,1786346535000,benign,benign#chunk189,[],{},,,False
1786346535000,1786346540000,benign,benign#chunk189,[],{},,,False
1786346540000,1786346545000,benign,benign#chunk189,[],{},,,False
1786346545000,1786346550000,benign,benign#chunk189,[],{},,,False
1786346550000,1786346555000,OPCUA_WRITE_DENIED,OPCUA_WRITE_DENIED#c205,"[""OPCUA_WRITE_DENIED""]","{""OPCUA_WRITE_DENIED#c205"": [1416921, 1416923, 1416937, 1416957, 1416959]}",,OPCUA_WRITE_DENIED,True
1786346555000,1786346560000,benign,benign#chunk189,[],{},,,False
1786346560000,1786346565000,benign,benign#chunk190,[],{},,,False
1786346565000,1786346570000,benign,benign#chunk190,[],{},,,False
1786346570000,1786346575000,benign,benign#chunk190,[],{},,,False
1786346575000,1786346580000,benign,benign#chunk190,[],{},,,False
1786346580000,1786346585000,benign,benign#chunk190,[],{},,,False
1786346585000,1786346590000,benign,benign#chunk190,[],{},,,False
1786346590000,1786346595000,benign,benign#chunk190,[],{},,,False
1786346595000,1786346600000,benign,benign#chunk190,[],{},,,False
1786346600000,1786346605000,benign,benign#chunk190,[],{},,,False
1786346605000,1786346610000,benign,benign#chunk190,[],{},,,False
1786346610000,1786346615000,OPCUA_SLOWLORIS,OPCUA_SLOWLORIS#c206,"[""OPCUA_SLOWLORIS""]","{""OPCUA_SLOWLORIS#c206"": [1423098, 1423103, 1423117, 1423133, 1423140, 1423145, 1423160, 1423174, 1423181, 1423186, 1423201, 1423219, 1423222, 1423228, 1423242, 1423256, 1423259, 1423264, 1423279, 1423293, 1423296, 1423303, 1423318, 1423336, 1423344, 1423349, 1423363, 1423377, 1423380, 1423385, 1423400, 1423414, 1423417, 1423422, 1423437, 1423455, 1423458, 1423464, 1423480, 1423494, 1423497, 1423500, 1423510, 1423511, 1423529, 1423543, 1423549, 1423551, 1423553, 1423555, 1423558, 1423560, 1423562, 1423644, 1423647]}",,OPCUA_SLOWLORIS,True
1786346615000,1786346620000,OPCUA_SLOWLORIS,OPCUA_SLOWLORIS#c206,"[""OPCUA_SLOWLORIS""]","{""OPCUA_SLOWLORIS#c206"": [1423649, 1423655, 1423658, 1423660, 1423669, 1423673, 1423677, 1423680, 1423752, 1423759, 1423760, 1423765, 1423768, 1423769, 1423798, 1423800, 1423803, 1423807, 1423899, 1423904, 1423905, 1423910, 1423913, 1423914, 1423929, 1423934, 1423939, 1423949, 1424015, 1424018, 1424019, 1424026, 1424028, 1424029, 1424039, 1424041, 1424045, 1424050, 1424119, 1424122, 1424123, 1424128, 1424130, 1424131, 1424147, 1424148, 1424155, 1424173]}",,OPCUA_SLOWLORIS,True
1786346620000,1786346625000,OPCUA_SLOWLORIS,OPCUA_SLOWLORIS#c206,"[""OPCUA_SLOWLORIS""]","{""OPCUA_SLOWLORIS#c206"": [1424227, 1424231, 1424232, 1424238, 1424239, 1424240, 1424253, 1424254, 1424263, 1424272, 1424348, 1424349, 1424350, 1424363, 1424364, 1424365, 1424403, 1424404, 1424415, 1424418, 1424453, 1424454, 1424455, 1424498, 1424499, 1424500, 1424525, 1424526, 1424537, 1424540, 1424561, 1424562, 1424563, 1424570, 1424571, 1424572, 1424627, 1424628, 1424633, 1424638, 1424659, 1424660, 1424661, 1424668, 1424669, 1424670, 1424710, 1424711, 1424744, 1424747]}",,OPCUA_SLOWLORIS,True
1786346625000,1786346630000,OPCUA_SLOWLORIS,OPCUA_SLOWLORIS#c206,"[""OPCUA_SLOWLORIS""]","{""OPCUA_SLOWLORIS#c206"": [1424772, 1424773, 1424774, 1424781, 1424782, 1424783, 1424796, 1424797, 1424812, 1424833, 1424900, 1424901, 1424902, 1424910, 1424911, 1424912, 1424926, 1424927, 1424934, 1424937, 1425002, 1425004, 1425005, 1425015, 1425016, 1425017, 1425032, 1425033, 1425043, 1425048, 1425111, 1425112, 1425113, 1425120, 1425121, 1425122, 1425133, 1425134, 1425146, 1425153, 1425217, 1425218, 1425219, 1425227, 1425228, 1425229, 1425256, 1425257, 1425264, 1425269]}",,OPCUA_SLOWLORIS,True
1786346630000,1786346635000,OPCUA_SLOWLORIS,OPCUA_SLOWLORIS#c206,"[""OPCUA_SLOWLORIS""]","{""OPCUA_SLOWLORIS#c206"": [1425335, 1425336, 1425337, 1425342, 1425343, 1425344, 1425361, 1425362, 1425375, 1425378, 1425442, 1425443, 1425444, 1425448, 1425449, 1425450, 1425468, 1425469, 1425476, 1425480, 1425566, 1425567, 1425568, 1425573, 1425574, 1425575, 1425588, 1425589, 1425598, 1425601, 1425676, 1425677, 1425678, 1425689, 1425690, 1425691, 1425700, 1425701, 1425708, 1425711, 1425769, 1425770, 1425771, 1425786, 1425787, 1425788, 1425797, 1425798, 1425805, 1425808, 1425810, 1425812, 1425814, 1425816, 1425818, 1425820, 1425821, 1425824, 1425826, 1425829]}",,OPCUA_SLOWLORIS,True
1786346635000,1786346640000,OPCUA_SLOWLORIS,OPCUA_SLOWLORIS#c206,"[""OPCUA_SLOWLORIS""]","{""OPCUA_SLOWLORIS#c206"": [1425871, 1425872, 1425873, 1425918, 1425919, 1425920, 1425933, 1425934, 1425970, 1425973, 1426001, 1426002, 1426003, 1426016, 1426017, 1426018, 1426051, 1426052, 1426071, 1426080, 1426117, 1426118, 1426119, 1426125, 1426126, 1426127, 1426141, 1426142, 1426155, 1426196, 1426318, 1426319, 1426320, 1426330, 1426331, 1426332, 1426338, 1426339, 1426351, 1426364, 1426419, 1426420, 1426421, 1426429, 1426430, 1426431, 1426438, 1426439, 1426457, 1426462]}",,OPCUA_SLOWLORIS,True
1786346640000,1786346645000,OPCUA_SLOWLORIS,OPCUA_SLOWLORIS#c206,"[""OPCUA_SLOWLORIS""]","{""OPCUA_SLOWLORIS#c206"": [1426574, 1426575, 1426576, 1426580, 1426581, 1426582, 1426595, 1426596, 1426608, 1426624, 1426762, 1426763, 1426764, 1426774, 1426775, 1426776, 1426784, 1426785, 1426793, 1426797, 1426869, 1426870, 1426871, 1426878, 1426879, 1426880, 1426888, 1426889, 1426897, 1426900, 1426975, 1426976, 1426977, 1426984, 1426985, 1426986, 1426995, 1426996, 1427001, 1427004, 1427070, 1427072, 1427073, 1427089, 1427090, 1427091, 1427095, 1427096, 1427104, 1427115]}",,OPCUA_SLOWLORIS,True
1786346645000,1786346650000,OPCUA_SLOWLORIS,OPCUA_SLOWLORIS#c206,"[""OPCUA_SLOWLORIS""]","{""OPCUA_SLOWLORIS#c206"": [1427199, 1427206, 1427207, 1427219, 1427220, 1427221, 1427227, 1427228, 1427242, 1427256, 1427293, 1427334, 1427335, 1427349, 1427350, 1427351, 1427367, 1427368, 1427377, 1427382, 1427419, 1427426, 1427427, 1427460, 1427461, 1427462, 1427479, 1427480, 1427493, 1427498, 1427543, 1427550, 1427551, 1427554, 1427555, 1427556, 1427574, 1427575, 1427622, 1427639, 1427681, 1427686, 1427687, 1427688, 1427689, 1427690, 1427696, 1427697, 1427707, 1427746]}",,OPCUA_SLOWLORIS,True
1786346650000,1786346655000,OPCUA_SLOWLORIS,OPCUA_SLOWLORIS#c206,"[""OPCUA_SLOWLORIS""]","{""OPCUA_SLOWLORIS#c206"": [1427790, 1427799, 1427800, 1427801, 1427802, 1427803, 1427809, 1427810, 1427820, 1427850, 1427911, 1427914, 1427915, 1427916, 1427917, 1427922, 1427923, 1427924, 1427936, 1427940, 1428079, 1428090, 1428091, 1428092, 1428093, 1428098, 1428099, 1428100, 1428111, 1428114, 1428268, 1428276, 1428277, 1428278, 1428279, 1428288, 1428289, 1428290, 1428300, 1428327, 1428429, 1428432, 1428433, 1428434, 1428435, 1428450, 1428451, 1428452, 1428453, 1428455, 1428457, 1428465, 1428467, 1428469, 1428491, 1428493, 1428501, 1428503, 1428525, 1428527, 1428532, 1428534, 1428551, 1428553, 1428563, 1428565, 1428582, 1428584, 1428589]}",,OPCUA_SLOWLORIS,True
1786346655000,1786346660000,benign,benign#chunk190,[],{},,,False
1786346660000,1786346665000,benign,benign#chunk190,[],{},,,False
1786346665000,1786346670000,benign,benign#chunk191,[],{},,,False
1786346670000,1786346675000,benign,benign#chunk191,[],{},,,False
1786346675000,1786346680000,benign,benign#chunk191,[],{},,,False
1786346680000,1786346685000,benign,benign#chunk191,[],{},,,False
1786346685000,1786346690000,benign,benign#chunk191,[],{},,,False
1786346690000,1786346695000,benign,benign#chunk191,[],{},,,False
1786346695000,1786346700000,benign,benign#chunk191,[],{},,,False
1786346700000,1786346705000,benign,benign#chunk191,[],{},,,False
1786346705000,1786346710000,benign,benign#chunk191,[],{},,,False
1786346710000,1786346715000,OPCUA_BEHAVIORAL_PROFILING,OPCUA_BEHAVIORAL_PROFILING#c207,"[""OPCUA_BEHAVIORAL_PROFILING""]","{""OPCUA_BEHAVIORAL_PROFILING#c207"": [1434725, 1434728, 1434730, 1434748, 1434749, 1434756, 1434770, 1434772, 1434776, 1434784, 1434789]}",,OPCUA_BEHAVIORAL_PROFILING,True
1786346715000,1786346720000,OPCUA_BEHAVIORAL_PROFILING,OPCUA_BEHAVIORAL_PROFILING#c207,"[""OPCUA_BEHAVIORAL_PROFILING""]","{""OPCUA_BEHAVIORAL_PROFILING#c207"": [1434897, 1434901, 1435000, 1435135, 1435228, 1435321]}",,OPCUA_BEHAVIORAL_PROFILING,True
1786346720000,1786346725000,OPCUA_BEHAVIORAL_PROFILING,OPCUA_BEHAVIORAL_PROFILING#c207,"[""OPCUA_BEHAVIORAL_PROFILING""]","{""OPCUA_BEHAVIORAL_PROFILING#c207"": [1435419, 1435557, 1435558, 1435783, 1435889, 1435969, 1435979]}",,OPCUA_BEHAVIORAL_PROFILING,True
1786346725000,1786346730000,OPCUA_BEHAVIORAL_PROFILING,OPCUA_BEHAVIORAL_PROFILING#c207,"[""OPCUA_BEHAVIORAL_PROFILING""]","{""OPCUA_BEHAVIORAL_PROFILING#c207"": [1436076, 1436140, 1436222, 1436252, 1436335, 1436445]}",,OPCUA_BEHAVIORAL_PROFILING,True
1786346730000,1786346735000,OPCUA_BEHAVIORAL_PROFILING,OPCUA_BEHAVIORAL_PROFILING#c207,"[""OPCUA_BEHAVIORAL_PROFILING""]","{""OPCUA_BEHAVIORAL_PROFILING#c207"": [1436566, 1436572, 1436655, 1436795, 1436904, 1437023]}",,OPCUA_BEHAVIORAL_PROFILING,True
1786346735000,1786346740000,OPCUA_BEHAVIORAL_PROFILING,OPCUA_BEHAVIORAL_PROFILING#c207,"[""OPCUA_BEHAVIORAL_PROFILING""]","{""OPCUA_BEHAVIORAL_PROFILING#c207"": [1437348, 1437434, 1437546, 1437665, 1437685, 1437766]}",,OPCUA_BEHAVIORAL_PROFILING,True
1786346740000,1786346745000,OPCUA_BEHAVIORAL_PROFILING,OPCUA_BEHAVIORAL_PROFILING#c207,"[""OPCUA_BEHAVIORAL_PROFILING""]","{""OPCUA_BEHAVIORAL_PROFILING#c207"": [1437848, 1437965, 1437972, 1438074, 1438180, 1438289, 1438298]}",,OPCUA_BEHAVIORAL_PROFILING,True
1786346745000,1786346750000,OPCUA_BEHAVIORAL_PROFILING,OPCUA_BEHAVIORAL_PROFILING#c207,"[""OPCUA_BEHAVIORAL_PROFILING""]","{""OPCUA_BEHAVIORAL_PROFILING#c207"": [1438413, 1438606, 1438698, 1438706, 1438808, 1438890]}",,OPCUA_BEHAVIORAL_PROFILING,True
1786346750000,1786346755000,OPCUA_BEHAVIORAL_PROFILING,OPCUA_BEHAVIORAL_PROFILING#c207,"[""OPCUA_BEHAVIORAL_PROFILING""]","{""OPCUA_BEHAVIORAL_PROFILING#c207"": [1439015, 1439104, 1439160, 1439164, 1439166]}",,OPCUA_BEHAVIORAL_PROFILING,True
1786346755000,1786346760000,benign,benign#chunk191,[],{},,,False
1786346760000,1786346765000,benign,benign#chunk191,[],{},,,False
1786346765000,1786346770000,benign,benign#chunk191,[],{},,,False
1786346770000,1786346775000,benign,benign#chunk192,[],{},,,False
1786346775000,1786346780000,benign,benign#chunk192,[],{},,,False
1786346780000,1786346785000,benign,benign#chunk192,[],{},,,False
1786346785000,1786346790000,benign,benign#chunk192,[],{},,,False
1786346790000,1786346795000,benign,benign#chunk192,[],{},,,False
1786346795000,1786346800000,benign,benign#chunk192,[],{},,,False
1786346800000,1786346805000,benign,benign#chunk192,[],{},,,False
1786346805000,1786346810000,benign,benign#chunk192,[],{},,,False
1786346810000,1786346815000,OPCUA_WRITE_DENIED,OPCUA_WRITE_DENIED#c208,"[""OPCUA_WRITE_DENIED""]","{""OPCUA_WRITE_DENIED#c208"": [1445318, 1445320, 1445336, 1445358, 1445364]}",,OPCUA_WRITE_DENIED,True
1786346815000,1786346820000,benign,benign#chunk192,[],{},,,False
1786346820000,1786346825000,benign,benign#chunk192,[],{},,,False
1786346825000,1786346830000,benign,benign#chunk192,[],{},,,False
1786346830000,1786346835000,benign,benign#chunk192,[],{},,,False
1786346835000,1786346840000,benign,benign#chunk193,[],{},,,False
1786346840000,1786346845000,benign,benign#chunk193,[],{},,,False
1786346845000,1786346850000,benign,benign#chunk193,[],{},,,False
1786346850000,1786346855000,benign,benign#chunk193,[],{},,,False
1786346855000,1786346860000,benign,benign#chunk193,[],{},,,False
1786346860000,1786346865000,benign,benign#chunk193,[],{},,,False
1786346865000,1786346870000,benign,benign#chunk193,[],{},,,False
1786346870000,1786346875000,OPCUA_READ_SCRAPING,OPCUA_READ_SCRAPING#c209,"[""OPCUA_READ_SCRAPING""]","{""OPCUA_READ_SCRAPING#c209"": [1451766, 1451769, 1451771, 1451791, 1451809, 1451815, 1451821, 1451827, 1451846, 1451848, 1451850, 1451854, 1451856, 1451864, 1451877, 1451879, 1451881, 1451883, 1451885, 1451887, 1451894, 1451896, 1451901, 1451903, 1451907, 1451909, 1451914, 1451916, 1451918, 1451920, 1451922, 1451924, 1451929, 1451931, 1451933, 1451935, 1451937, 1451939, 1451942, 1451944, 1451946, 1451948, 1451950, 1451952, 1451959, 1451961, 1451963, 1451965, 1451967, 1451969, 1451981, 1451983, 1451985, 1451987, 1451989, 1451991, 1451996, 1452000, 1452010, 1452012, 1452014, 1452016, 1452022, 1452024, 1452026, 1452028, 1452030, 1452032, 1452034, 1452059, 1452061, 1452063, 1452065, 1452067, 1452071, 1452098, 1452102, 1452110, 1452112, 1452114, 1452118, 1452140, 1452143, 1452145, 1452147, 1452149, 1452151, 1452159, 1452161, 1452163, 1452165, 1452167, 1452169, 1452177, 1452179, 1452181, 1452185, 1452187, 1452189, 1452195, 1452197, 1452199, 1452201, 1452203, 1452205, 1452208, 1452210, 1452212, 1452214, 1452216, 1452218, 1452221, 1452223, 1452229, 1452231, 1452233, 1452235, 1452238, 1452240, 1452242, 1452245, 1452248, 1452250, 1452259, 1452261, 1452263, 1452268, 1452270, 1452272, 1452275, 1452279, 1452281, 1452283, 1452285, 1452287, 1452289, 1452292, 1452294, 1452296, 1452298, 1452300, 1452304]}",,OPCUA_READ_SCRAPING,True
1786346875000,1786346880000,OPCUA_READ_SCRAPING,OPCUA_READ_SCRAPING#c209,"[""OPCUA_READ_SCRAPING""]","{""OPCUA_READ_SCRAPING#c209"": [1452311, 1452313, 1452315, 1452317, 1452319, 1452321, 1452364, 1452366, 1452368, 1452372, 1452376, 1452378, 1452395, 1452397, 1452399, 1452401, 1452403, 1452405, 1452413, 1452415, 1452417, 1452419, 1452421, 1452423, 1452455, 1452457, 1452459, 1452461, 1452463, 1452465, 1452468, 1452470, 1452472, 1452474, 1452476, 1452478, 1452487, 1452489, 1452491, 1452493, 1452495, 1452497, 1452502, 1452504, 1452506, 1452508, 1452511, 1452514, 1452523, 1452525, 1452527, 1452529, 1452531, 1452533, 1452538, 1452540, 1452542, 1452544, 1452546, 1452547, 1452565, 1452571, 1452573, 1452575, 1452577, 1452579, 1452583, 1452588, 1452590, 1452592, 1452594, 1452596, 1452598, 1452615, 1452619, 1452627, 1452635, 1452641, 1452647, 1452665, 1452667, 1452673, 1452675, 1452677, 1452680, 1452686, 1452688, 1452690, 1452692, 1452694, 1452696, 1452708, 1452710, 1452712, 1452714, 1452716, 1452718, 1452723, 1452725, 1452727, 1452729, 1452731, 1452733, 1452740, 1452742, 1452744, 1452746, 1452748, 1452750, 1452753, 1452755, 1452758, 1452760, 1452763, 1452765, 1452783, 1452785, 1452787, 1452789, 1452791, 1452793, 1452796, 1452797, 1452800, 1452804, 1452806, 1452811, 1452813, 1452821, 1452823, 1452825, 1452827, 1452829, 1452831, 1452834, 1452836, 1452841, 1452843, 1452845, 1452855, 1452869, 1452871, 1452873, 1452875, 1452877, 1452879, 1452884, 1452890, 1452896, 1452902, 1452910, 1452916, 1452945, 1452947, 1452949, 1452951, 1452953, 1452955, 1452966, 1452968, 1452970, 1452972, 1452974, 1452976, 1452994, 1452996, 1452998, 1453000, 1453002, 1453006, 1453013, 1453015, 1453018, 1453020, 1453022, 1453025, 1453034, 1453037, 1453039, 1453041, 1453043, 1453046, 1453060, 1453062, 1453064, 1453067, 1453069, 1453071, 1453083, 1453086, 1453088, 1453090, 1453092, 1453094, 1453096, 1453103, 1453105, 1453107, 1453109, 1453111, 1453113, 1453121, 1453123, 1453125, 1453127, 1453133, 1453135, 1453143, 1453145, 1453147, 1453149, 1453151, 1453153, 1453162, 1453164, 1453166, 1453168, 1453170, 1453172, 1453194, 1453200, 1453209, 1453215, 1453221, 1453225, 1453241, 1453244, 1453248, 1453250, 1453252, 1453254, 1453257, 1453259, 1453265, 1453267, 1453271, 1453275, 1453278, 1453280, 1453282, 1453284, 1453286, 1453288, 1453301, 1453303, 1453305, 1453307, 1453309, 1453311, 1453314, 1453316, 1453320, 1453325, 1453327, 1453329, 1453331, 1453337, 1453339, 1453341, 1453343, 1453345, 1453347, 1453352, 1453354, 1453356, 1453358, 1453360, 1453362, 1453368, 1453370, 1453372, 1453374, 1453376, 1453382, 1453396, 1453398, 1453400, 1453402, 1453404, 1453406, 1453413, 1453416, 1453419, 1453421, 1453423, 1453425, 1453433, 1453435, 1453437, 1453439, 1453441, 1453443, 1453458, 1453460, 1453462, 1453468, 1453472, 1453478, 1453505, 1453513, 1453517, 1453521, 1453523, 1453525, 1453532, 1453534, 1453536, 1453538, 1453540, 1453542, 1453557, 1453559, 1453561, 1453563, 1453565, 1453567, 1453570, 1453572, 1453574, 1453576, 1453579, 1453580, 1453585, 1453615, 1453617, 1453619, 1453621, 1453623, 1453625]}",,OPCUA_READ_SCRAPING,True
1786346880000,1786346885000,OPCUA_READ_SCRAPING,OPCUA_READ_SCRAPING#c209,"[""OPCUA_READ_SCRAPING""]","{""OPCUA_READ_SCRAPING#c209"": [1453630, 1453632, 1453634, 1453636, 1453638, 1453640, 1453645, 1453649, 1453651, 1453653, 1453655, 1453657, 1453665, 1453667, 1453669, 1453671, 1453673, 1453675, 1453681, 1453683, 1453685, 1453691, 1453693, 1453695, 1453702, 1453704, 1453706, 1453711, 1453713, 1453715, 1453726, 1453730, 1453732, 1453734, 1453738, 1453740, 1453773, 1453780, 1453786, 1453794, 1453796, 1453798, 1453810, 1453812, 1453814, 1453816, 1453818, 1453820, 1453829, 1453831, 1453833, 1453835, 1453837, 1453839, 1453848, 1453849, 1453852, 1453856, 1453858, 1453860, 1453862, 1453867, 1453869, 1453871, 1453873, 1453875, 1453877, 1453880, 1453882, 1453884, 1453886, 1453888, 1453890, 1453897, 1453899, 1453901, 1453904, 1453906, 1453908, 1453914, 1453916, 1453918, 1453920, 1453922, 1453926, 1453933, 1453935, 1453937, 1453939, 1453941, 1453943, 1453946, 1453948, 1453952, 1453954, 1453956, 1453958, 1453961, 1453963, 1453965, 1453969, 1453971, 1453973, 1453980, 1453982, 1453984, 1453986, 1453988, 1453990, 1454032, 1454034, 1454036, 1454038, 1454040, 1454043, 1454057, 1454062, 1454064, 1454066, 1454068, 1454070, 1454076, 1454077, 1454082, 1454085, 1454087, 1454089, 1454091, 1454099, 1454101, 1454103, 1454105, 1454107, 1454109, 1454112, 1454114, 1454116, 1454118, 1454120, 1454122, 1454129, 1454131]}",,OPCUA_READ_SCRAPING,True
1786346885000,1786346890000,benign,benign#chunk193,[],{},,,False
1786346890000,1786346895000,benign,benign#chunk193,[],{},,,False
1786346895000,1786346900000,benign,benign#chunk193,[],{},,,False
1786346900000,1786346905000,benign,benign#chunk193,[],{},,,False
1786346905000,1786346910000,benign,benign#chunk193,[],{},,,False
1786346910000,1786346915000,benign,benign#chunk194,[],{},,,False
1786346915000,1786346920000,benign,benign#chunk194,[],{},,,False
1786346920000,1786346925000,benign,benign#chunk194,[],{},,,False
1786346925000,1786346930000,benign,benign#chunk194,[],{},,,False
1786346930000,1786346935000,benign,benign#chunk194,[],{},,,False
1786346935000,1786346940000,benign,benign#chunk194,[],{},,,False
1786346940000,1786346945000,OPCUA_SLOWLORIS,OPCUA_SLOWLORIS#c210,"[""OPCUA_SLOWLORIS""]","{""OPCUA_SLOWLORIS#c210"": [1460396, 1460413, 1460427, 1460429, 1460432, 1460437, 1460452, 1460466, 1460469, 1460478, 1460493, 1460511, 1460514, 1460519, 1460534, 1460548, 1460557, 1460562, 1460577, 1460591, 1460594, 1460600, 1460614, 1460632, 1460635, 1460641, 1460655, 1460669, 1460672, 1460677, 1460692, 1460706, 1460711, 1460720, 1460739, 1460741, 1460756, 1460770, 1460788, 1460794, 1460809, 1460816, 1460818, 1460820, 1460847, 1460865, 1460883, 1460887, 1460889, 1460892, 1460894, 1460906, 1460911, 1460946, 1460948, 1460954, 1460956, 1460963, 1460971, 1460975, 1460978, 1460981, 1460986, 1461064, 1461065, 1461074, 1461075, 1461080, 1461082, 1461086, 1461093, 1461095, 1461099]}",,OPCUA_SLOWLORIS,True
1786346945000,1786346950000,OPCUA_SLOWLORIS,OPCUA_SLOWLORIS#c210,"[""OPCUA_SLOWLORIS""]","{""OPCUA_SLOWLORIS#c210"": [1461216, 1461217, 1461228, 1461229, 1461243, 1461244, 1461253, 1461256, 1461258, 1461266, 1461347, 1461348, 1461359, 1461360, 1461370, 1461371, 1461378, 1461381, 1461384, 1461389, 1461491, 1461492, 1461499, 1461500, 1461512, 1461513, 1461518, 1461524, 1461527, 1461530, 1461616, 1461617, 1461623, 1461624, 1461630, 1461631, 1461636, 1461639, 1461644, 1461650, 1461724, 1461725, 1461732, 1461733, 1461754, 1461755, 1461760, 1461764, 1461768, 1461770]}",,OPCUA_SLOWLORIS,True
1786346950000,1786346955000,OPCUA_SLOWLORIS,OPCUA_SLOWLORIS#c210,"[""OPCUA_SLOWLORIS""]","{""OPCUA_SLOWLORIS#c210"": [1461813, 1461814, 1461815, 1461816, 1461865, 1461866, 1461879, 1461885, 1461895, 1461898, 1461931, 1461932, 1461933, 1461934, 1461945, 1461946, 1461965, 1461996, 1462019, 1462037, 1462078, 1462079, 1462080, 1462081, 1462096, 1462097, 1462102, 1462107, 1462124, 1462149, 1462196, 1462197, 1462198, 1462199, 1462208, 1462209, 1462216, 1462219, 1462222, 1462225, 1462312, 1462313, 1462314, 1462315, 1462324, 1462325, 1462332, 1462335, 1462338, 1462340]}",,OPCUA_SLOWLORIS,True
1786346955000,1786346960000,OPCUA_SLOWLORIS,OPCUA_SLOWLORIS#c210,"[""OPCUA_SLOWLORIS""]","{""OPCUA_SLOWLORIS#c210"": [1462433, 1462434, 1462435, 1462436, 1462445, 1462446, 1462451, 1462456, 1462459, 1462462, 1462537, 1462538, 1462539, 1462540, 1462545, 1462546, 1462555, 1462559, 1462571, 1462574, 1462661, 1462662, 1462663, 1462664, 1462669, 1462670, 1462681, 1462683, 1462695, 1462708, 1462804, 1462805, 1462806, 1462807, 1462812, 1462813, 1462822, 1462824, 1462828, 1462837, 1462919, 1462920, 1462921, 1462922, 1462927, 1462928, 1462937, 1462944, 1462946, 1462952]}",,OPCUA_SLOWLORIS,True
1786346960000,1786346965000,OPCUA_SLOWLORIS,OPCUA_SLOWLORIS#c210,"[""OPCUA_SLOWLORIS""]","{""OPCUA_SLOWLORIS#c210"": [1463036, 1463037, 1463038, 1463039, 1463051, 1463052, 1463063, 1463069, 1463070, 1463083, 1463170, 1463171, 1463172, 1463173, 1463178, 1463179, 1463192, 1463195, 1463196, 1463207, 1463405, 1463406, 1463407, 1463409, 1463414, 1463415, 1463432, 1463445, 1463446, 1463458, 1463482, 1463484, 1463486, 1463489, 1463491, 1463510, 1463513, 1463515, 1463517, 1463520, 1463628, 1463629, 1463630, 1463631, 1463632, 1463633, 1463653, 1463656, 1463657, 1463673, 1463713, 1463714, 1463715, 1463716, 1463717, 1463718, 1463759, 1463775, 1463776, 1463792]}",,OPCUA_SLOWLORIS,True
1786346965000,1786346970000,OPCUA_SLOWLORIS,OPCUA_SLOWLORIS#c210,"[""OPCUA_SLOWLORIS""]","{""OPCUA_SLOWLORIS#c210"": [1463867, 1463868, 1463869, 1463870, 1463871, 1463872, 1463887, 1463899, 1463900, 1463948, 1463999, 1464000, 1464001, 1464002, 1464003, 1464004, 1464017, 1464019, 1464020, 1464068, 1464137, 1464138, 1464139, 1464140, 1464141, 1464142, 1464155, 1464159, 1464160, 1464178, 1464273, 1464274, 1464275, 1464276, 1464277, 1464278, 1464295, 1464298, 1464299, 1464316, 1464419, 1464420, 1464427, 1464428, 1464429, 1464430, 1464461, 1464464, 1464465, 1464484]}",,OPCUA_SLOWLORIS,True
1786346970000,1786346975000,OPCUA_SLOWLORIS,OPCUA_SLOWLORIS#c210,"[""OPCUA_SLOWLORIS""]","{""OPCUA_SLOWLORIS#c210"": [1464565, 1464566, 1464573, 1464574, 1464575, 1464576, 1464585, 1464594, 1464595, 1464608, 1464695, 1464696, 1464711, 1464712, 1464713, 1464714, 1464724, 1464769, 1464770, 1464782, 1464890, 1464891, 1464909, 1464910, 1464911, 1464912, 1464930, 1464947, 1464948, 1464956, 1465052, 1465053, 1465058, 1465059, 1465060, 1465061, 1465071, 1465083, 1465084, 1465094, 1465164, 1465165, 1465174, 1465175, 1465176, 1465177, 1465189, 1465212, 1465213, 1465223]}",,OPCUA_SLOWLORIS,True
1786346975000,1786346980000,OPCUA_SLOWLORIS,OPCUA_SLOWLORIS#c210,"[""OPCUA_SLOWLORIS""]","{""OPCUA_SLOWLORIS#c210"": [1465288, 1465289, 1465301, 1465302, 1465303, 1465304, 1465337, 1465363, 1465364, 1465371, 1465418, 1465419, 1465432, 1465433, 1465434, 1465435, 1465454, 1465473, 1465474, 1465487, 1465522, 1465523, 1465528, 1465529, 1465530, 1465531, 1465573, 1465605, 1465606, 1465619, 1465665, 1465666, 1465670, 1465671, 1465672, 1465673, 1465712, 1465772, 1465773, 1465780, 1465863, 1465864, 1465865, 1465869, 1465870, 1465871, 1465885, 1465919, 1465920, 1465949]}",,OPCUA_SLOWLORIS,True
1786346980000,1786346985000,OPCUA_SLOWLORIS,OPCUA_SLOWLORIS#c210,"[""OPCUA_SLOWLORIS""]","{""OPCUA_SLOWLORIS#c210"": [1465980, 1465981, 1465982, 1465986, 1465987, 1465988, 1466008, 1466028, 1466029, 1466046, 1466107, 1466108, 1466109, 1466113, 1466114, 1466115, 1466127, 1466147, 1466148, 1466151, 1466255, 1466256, 1466257, 1466268, 1466269, 1466270, 1466283, 1466291, 1466293, 1466295, 1466316, 1466318, 1466325, 1466327, 1466348, 1466349, 1466350, 1466352, 1466361, 1466363, 1466382, 1466383, 1466385, 1466392, 1466394, 1466409, 1466411, 1466421, 1466423, 1466436]}",,OPCUA_SLOWLORIS,True
1786346985000,1786346990000,benign,benign#chunk194,[],{},,,False
1786346990000,1786346995000,benign,benign#chunk194,[],{},,,False
1786346995000,1786347000000,benign,benign#chunk194,[],{},,,False
1786347000000,1786347005000,benign,benign#chunk194,[],{},,,False
1786347005000,1786347010000,benign,benign#chunk194,[],{},,,False
1786347010000,1786347015000,benign,benign#chunk194,[],{},,,False
1786347015000,1786347020000,benign,benign#chunk195,[],{},,,False
1786347020000,1786347025000,benign,benign#chunk195,[],{},,,False
1786347025000,1786347030000,benign,benign#chunk195,[],{},,,False
1786347030000,1786347035000,benign,benign#chunk195,[],{},,,False
1786347035000,1786347040000,benign,benign#chunk195,[],{},,,False
1786347040000,1786347045000,OPCUA_INVALID_WRITE,OPCUA_INVALID_WRITE#c211,"[""OPCUA_INVALID_WRITE""]","{""OPCUA_INVALID_WRITE#c211"": [1472587, 1472591, 1472608, 1472625, 1472628]}",,OPCUA_INVALID_WRITE,True
1786347045000,1786347050000,benign,benign#chunk195,[],{},,,False
1786347050000,1786347055000,benign,benign#chunk195,[],{},,,False
1786347055000,1786347060000,benign,benign#chunk195,[],{},,,False
1786347060000,1786347065000,benign,benign#chunk195,[],{},,,False
1786347065000,1786347070000,benign,benign#chunk195,[],{},,,False
1786347070000,1786347075000,benign,benign#chunk195,[],{},,,False
1786347075000,1786347080000,benign,benign#chunk195,[],{},,,False
1786347080000,1786347085000,benign,benign#chunk196,[],{},,,False
1786347085000,1786347090000,benign,benign#chunk196,[],{},,,False
1786347090000,1786347095000,benign,benign#chunk196,[],{},,,False
1786347095000,1786347100000,benign,benign#chunk196,[],{},,,False
1786347100000,1786347105000,benign,benign#chunk196,[],{},,OPCUA_SUBSCRIPTION_FLOOD,False
1786347105000,1786347110000,OPCUA_SUBSCRIPTION_FLOOD,OPCUA_SUBSCRIPTION_FLOOD#c212,"[""OPCUA_SUBSCRIPTION_FLOOD""]","{""OPCUA_SUBSCRIPTION_FLOOD#c212"": [1479144, 1479146, 1479148, 1479151, 1479153, 1479171, 1479172, 1479179, 1479289, 1479295, 1479427, 1479571, 1479664]}",,OPCUA_SUBSCRIPTION_FLOOD,True
1786347110000,1786347115000,OPCUA_SUBSCRIPTION_FLOOD,OPCUA_SUBSCRIPTION_FLOOD#c212,"[""OPCUA_SUBSCRIPTION_FLOOD""]","{""OPCUA_SUBSCRIPTION_FLOOD#c212"": [1479754, 1479843, 1479942, 1480060, 1480167]}",,OPCUA_SUBSCRIPTION_FLOOD,True
1786347115000,1786347120000,OPCUA_SUBSCRIPTION_FLOOD,OPCUA_SUBSCRIPTION_FLOOD#c212,"[""OPCUA_SUBSCRIPTION_FLOOD""]","{""OPCUA_SUBSCRIPTION_FLOOD#c212"": [1480269, 1480270, 1480279, 1480285, 1480287]}",,OPCUA_SUBSCRIPTION_FLOOD,True
1786347120000,1786347125000,benign,benign#chunk196,[],{},,,False
1786347125000,1786347130000,benign,benign#chunk196,[],{},,,False
1786347130000,1786347135000,benign,benign#chunk196,[],{},,,False
1786347135000,1786347140000,benign,benign#chunk196,[],{},,,False
1786347140000,1786347145000,benign,benign#chunk196,[],{},,,False
1786347145000,1786347150000,benign,benign#chunk196,[],{},,,False
1786347150000,1786347155000,benign,benign#chunk196,[],{},,,False
1786347155000,1786347160000,benign,benign#chunk197,[],{},,,False
1786347160000,1786347165000,benign,benign#chunk197,[],{},,,False
1786347165000,1786347170000,benign,benign#chunk197,[],{},,,False
1786347170000,1786347175000,benign,benign#chunk197,[],{},,,False
1786347175000,1786347180000,OPCUA_READ_SCRAPING,OPCUA_READ_SCRAPING#c213,"[""OPCUA_READ_SCRAPING""]","{""OPCUA_READ_SCRAPING#c213"": [1486744, 1486749, 1486751, 1486768, 1486781, 1486783, 1486789, 1486791, 1486799, 1486801, 1486803, 1486805, 1486807, 1486809, 1486818, 1486820, 1486822, 1486824, 1486826, 1486828, 1486831, 1486833, 1486835, 1486838, 1486840, 1486842, 1486850, 1486852, 1486854, 1486856, 1486858, 1486860, 1486865, 1486867, 1486869, 1486871, 1486873, 1486875, 1486880, 1486882, 1486884, 1486886, 1486888, 1486890, 1486893, 1486895, 1486897, 1486899, 1486901, 1486903, 1486940, 1486946, 1486950, 1486952, 1486954, 1486956, 1486966, 1486970, 1486972, 1486975, 1486981, 1486983, 1486998, 1487002, 1487003, 1487008, 1487010, 1487012, 1487014, 1487017, 1487019, 1487021, 1487023, 1487025, 1487029, 1487032, 1487034, 1487036, 1487038, 1487040, 1487042, 1487051, 1487053, 1487055, 1487057, 1487059, 1487061, 1487066, 1487068, 1487070, 1487072, 1487074, 1487076, 1487083, 1487085, 1487087, 1487089, 1487091, 1487093, 1487098, 1487100, 1487102, 1487104, 1487106, 1487108, 1487113, 1487115, 1487117, 1487119, 1487126, 1487128, 1487133, 1487135, 1487137, 1487139, 1487141, 1487147, 1487150, 1487154, 1487156, 1487158, 1487160, 1487162, 1487205, 1487207, 1487211, 1487217, 1487221, 1487225, 1487236, 1487237, 1487240, 1487246, 1487248, 1487250, 1487252, 1487255, 1487257, 1487259, 1487261, 1487263, 1487265, 1487268, 1487270, 1487272, 1487274, 1487276, 1487278, 1487281, 1487283, 1487285, 1487287, 1487289, 1487291, 1487297, 1487299, 1487301, 1487304, 1487306, 1487309, 1487329, 1487331, 1487333, 1487335, 1487337, 1487340, 1487367, 1487369, 1487371, 1487373, 1487375, 1487377, 1487382, 1487384, 1487386]}",,OPCUA_READ_SCRAPING,True
1786347180000,1786347185000,OPCUA_READ_SCRAPING,OPCUA_READ_SCRAPING#c213,"[""OPCUA_READ_SCRAPING""]","{""OPCUA_READ_SCRAPING#c213"": [1487388, 1487390, 1487392, 1487395, 1487397, 1487399, 1487401, 1487407, 1487409, 1487416, 1487418, 1487420, 1487425, 1487427, 1487431, 1487456, 1487458, 1487460, 1487464, 1487466, 1487468, 1487513, 1487515, 1487516, 1487519, 1487527, 1487535, 1487537, 1487542, 1487544, 1487546, 1487548, 1487550, 1487553, 1487561, 1487563, 1487565, 1487567, 1487569, 1487573, 1487576, 1487578, 1487580, 1487582, 1487584, 1487586, 1487591, 1487593, 1487595, 1487597, 1487599, 1487601, 1487610, 1487612, 1487614, 1487616, 1487618, 1487620, 1487632, 1487634, 1487636, 1487640, 1487642, 1487644, 1487647, 1487649, 1487651, 1487653, 1487659, 1487661, 1487668, 1487670, 1487672, 1487678, 1487680, 1487685, 1487690, 1487692, 1487694, 1487696, 1487698, 1487700, 1487705, 1487707, 1487709, 1487713, 1487715, 1487717, 1487729, 1487730, 1487733, 1487737, 1487741, 1487746, 1487750, 1487787, 1487791, 1487793, 1487796, 1487798, 1487800, 1487807, 1487809, 1487811, 1487813, 1487815, 1487817, 1487820, 1487822, 1487824, 1487826, 1487828, 1487830, 1487835, 1487838, 1487840, 1487843, 1487845, 1487847, 1487854, 1487856, 1487858, 1487860, 1487862, 1487864, 1487871, 1487873, 1487875, 1487879, 1487881, 1487883, 1487888, 1487890, 1487892, 1487894, 1487896, 1487898, 1487909, 1487911, 1487913, 1487915, 1487917, 1487922, 1487932, 1487934, 1487936, 1487938, 1487940, 1487942, 1487948, 1487950, 1487952, 1487954, 1487956, 1487958, 1487965, 1487966, 1487975, 1487977, 1487979, 1487983, 1487985, 1488009, 1488011, 1488015, 1488021, 1488027, 1488033, 1488050, 1488054, 1488058, 1488064, 1488068, 1488070, 1488080, 1488082, 1488084, 1488087, 1488089, 1488091, 1488098, 1488100, 1488102, 1488104, 1488108, 1488116, 1488127, 1488129, 1488131, 1488134, 1488137, 1488139, 1488144, 1488146, 1488148, 1488152, 1488155, 1488157, 1488165, 1488167, 1488169, 1488171, 1488173, 1488175, 1488184, 1488187, 1488189, 1488191, 1488194, 1488196, 1488199, 1488201, 1488203, 1488205, 1488207, 1488209, 1488216, 1488218, 1488220, 1488222, 1488224, 1488226, 1488232, 1488233, 1488241, 1488243, 1488245, 1488247, 1488253, 1488256, 1488258, 1488260, 1488262, 1488264, 1488266, 1488269, 1488271, 1488273, 1488275, 1488277, 1488279, 1488329, 1488331, 1488333, 1488335, 1488339, 1488343, 1488359, 1488362, 1488364, 1488366, 1488368, 1488370, 1488377, 1488379, 1488381, 1488383, 1488385, 1488387, 1488392, 1488394, 1488396, 1488398, 1488400, 1488402, 1488407, 1488409, 1488411, 1488413, 1488415, 1488417, 1488422, 1488424, 1488428, 1488430, 1488432, 1488434, 1488437, 1488439, 1488441, 1488443, 1488445, 1488447, 1488452, 1488454, 1488456, 1488458, 1488460, 1488462, 1488470, 1488471, 1488474, 1488479, 1488481, 1488484, 1488486, 1488507, 1488509, 1488511, 1488513, 1488515, 1488517, 1488522, 1488524, 1488526, 1488528, 1488530, 1488532, 1488539, 1488541, 1488543, 1488545, 1488547, 1488553, 1488592, 1488594, 1488596, 1488598, 1488600, 1488604, 1488616, 1488618, 1488620, 1488622, 1488624, 1488626, 1488631, 1488633, 1488635, 1488637, 1488639, 1488641]}",,OPCUA_READ_SCRAPING,True
1786347185000,1786347190000,OPCUA_READ_SCRAPING,OPCUA_READ_SCRAPING#c213,"[""OPCUA_READ_SCRAPING""]","{""OPCUA_READ_SCRAPING#c213"": [1488646, 1488648, 1488650, 1488652, 1488654, 1488656, 1488663, 1488665, 1488667, 1488669, 1488671, 1488673, 1488676, 1488678, 1488680, 1488682, 1488684, 1488686, 1488693, 1488695, 1488697, 1488699, 1488701, 1488703, 1488714, 1488715, 1488720, 1488722, 1488724, 1488726, 1488728, 1488733, 1488735, 1488737, 1488743, 1488745, 1488747, 1488754, 1488756, 1488758, 1488762, 1488764, 1488766, 1488769, 1488771, 1488773, 1488778, 1488780, 1488782, 1488790, 1488792, 1488795, 1488798, 1488802, 1488808, 1488843, 1488852, 1488856, 1488858, 1488860, 1488864, 1488878, 1488881, 1488883, 1488885, 1488887, 1488889, 1488902, 1488904, 1488906, 1488908, 1488910, 1488912, 1488919, 1488921, 1488923, 1488925, 1488927, 1488933, 1488936, 1488938, 1488940, 1488942, 1488944, 1488946, 1488950, 1488952, 1488956, 1488958, 1488960, 1488962, 1488967, 1488969, 1488971, 1488973, 1488976, 1488978, 1488984, 1488990, 1488992, 1488996, 1488998, 1489000, 1489002, 1489005, 1489007]}",,OPCUA_READ_SCRAPING,True
1786347190000,1786347195000,benign,benign#chunk197,[],{},,,False
1786347195000,1786347200000,benign,benign#chunk197,[],{},,,False
1786347200000,1786347205000,benign,benign#chunk197,[],{},,,False
1786347205000,1786347210000,benign,benign#chunk197,[],{},,,False
1786347210000,1786347215000,benign,benign#chunk197,[],{},,,False
1786347215000,1786347220000,benign,benign#chunk197,[],{},,,False
1786347220000,1786347225000,benign,benign#chunk197,[],{},,,False
1786347225000,1786347230000,benign,benign#chunk197,[],{},,,False
1786347230000,1786347235000,benign,benign#chunk198,[],{},,,False
1786347235000,1786347240000,benign,benign#chunk198,[],{},,,False
1786347240000,1786347245000,benign,benign#chunk198,[],{},,,False
1786347245000,1786347250000,OPCUA_SUBSCRIPTION_FLOOD,OPCUA_SUBSCRIPTION_FLOOD#c214,"[""OPCUA_SUBSCRIPTION_FLOOD""]","{""OPCUA_SUBSCRIPTION_FLOOD#c214"": [1495409, 1495411, 1495413, 1495416, 1495418, 1495432, 1495433, 1495436, 1495547, 1495554]}",,OPCUA_SUBSCRIPTION_FLOOD,True
1786347250000,1786347255000,OPCUA_SUBSCRIPTION_FLOOD,OPCUA_SUBSCRIPTION_FLOOD#c214,"[""OPCUA_SUBSCRIPTION_FLOOD""]","{""OPCUA_SUBSCRIPTION_FLOOD#c214"": [1495640, 1495799, 1495803, 1495914, 1496030, 1496131]}",,OPCUA_SUBSCRIPTION_FLOOD,True
1786347255000,1786347260000,OPCUA_SUBSCRIPTION_FLOOD,OPCUA_SUBSCRIPTION_FLOOD#c214,"[""OPCUA_SUBSCRIPTION_FLOOD""]","{""OPCUA_SUBSCRIPTION_FLOOD#c214"": [1496239, 1496337, 1496428, 1496495, 1496517, 1496523, 1496529]}",,OPCUA_SUBSCRIPTION_FLOOD,True
1786347260000,1786347265000,OPCUA_SUBSCRIPTION_FLOOD,OPCUA_SUBSCRIPTION_FLOOD#c214,[],{},attack_without_in_interval_event_evidence,OPCUA_SUBSCRIPTION_FLOOD,True
1786347265000,1786347270000,benign,benign#chunk198,[],{},,,False
1786347270000,1786347275000,benign,benign#chunk198,[],{},,,False
1786347275000,1786347280000,benign,benign#chunk198,[],{},,,False
1786347280000,1786347285000,benign,benign#chunk198,[],{},,,False
1786347285000,1786347290000,benign,benign#chunk198,[],{},,,False
1786347290000,1786347295000,benign,benign#chunk198,[],{},,,False
1786347295000,1786347300000,benign,benign#chunk198,[],{},,,False
1786347300000,1786347305000,benign,benign#chunk198,[],{},,,False
1786347305000,1786347310000,benign,benign#chunk198,[],{},,,False
1786347310000,1786347315000,benign,benign#chunk199,[],{},,,False
1786347315000,1786347320000,benign,benign#chunk199,[],{},,,False
1786347320000,1786347325000,OPCUA_BEHAVIORAL_PROFILING,OPCUA_BEHAVIORAL_PROFILING#c215,"[""OPCUA_BEHAVIORAL_PROFILING""]","{""OPCUA_BEHAVIORAL_PROFILING#c215"": [1502521, 1502531, 1502547, 1502549, 1502565, 1502567, 1502569, 1502571, 1502573, 1502575, 1502648, 1502652, 1502849, 1502857, 1502935, 1503018]}",,OPCUA_BEHAVIORAL_PROFILING,True
1786347325000,1786347330000,OPCUA_BEHAVIORAL_PROFILING,OPCUA_BEHAVIORAL_PROFILING#c215,"[""OPCUA_BEHAVIORAL_PROFILING""]","{""OPCUA_BEHAVIORAL_PROFILING#c215"": [1503103, 1503107, 1503177, 1503223, 1503298, 1503299, 1503393]}",,OPCUA_BEHAVIORAL_PROFILING,True
1786347330000,1786347335000,OPCUA_BEHAVIORAL_PROFILING,OPCUA_BEHAVIORAL_PROFILING#c215,"[""OPCUA_BEHAVIORAL_PROFILING""]","{""OPCUA_BEHAVIORAL_PROFILING#c215"": [1503467, 1503546, 1503547, 1503629, 1503711, 1503789]}",,OPCUA_BEHAVIORAL_PROFILING,True
1786347335000,1786347340000,OPCUA_BEHAVIORAL_PROFILING,OPCUA_BEHAVIORAL_PROFILING#c215,"[""OPCUA_BEHAVIORAL_PROFILING""]","{""OPCUA_BEHAVIORAL_PROFILING#c215"": [1503876, 1503953, 1504050, 1504186, 1504255, 1504256]}",,OPCUA_BEHAVIORAL_PROFILING,True
1786347340000,1786347345000,OPCUA_BEHAVIORAL_PROFILING,OPCUA_BEHAVIORAL_PROFILING#c215,"[""OPCUA_BEHAVIORAL_PROFILING""]","{""OPCUA_BEHAVIORAL_PROFILING#c215"": [1504337, 1504421, 1504583, 1504586, 1504658, 1504813]}",,OPCUA_BEHAVIORAL_PROFILING,True
1786347345000,1786347350000,OPCUA_BEHAVIORAL_PROFILING,OPCUA_BEHAVIORAL_PROFILING#c215,"[""OPCUA_BEHAVIORAL_PROFILING""]","{""OPCUA_BEHAVIORAL_PROFILING#c215"": [1504917, 1504926, 1505018, 1505117, 1505160, 1505193, 1505237]}",,OPCUA_BEHAVIORAL_PROFILING,True
1786347350000,1786347355000,OPCUA_BEHAVIORAL_PROFILING,OPCUA_BEHAVIORAL_PROFILING#c215,"[""OPCUA_BEHAVIORAL_PROFILING""]","{""OPCUA_BEHAVIORAL_PROFILING#c215"": [1505328, 1505406, 1505508, 1505605, 1505680]}",,OPCUA_BEHAVIORAL_PROFILING,True
1786347355000,1786347360000,OPCUA_BEHAVIORAL_PROFILING,OPCUA_BEHAVIORAL_PROFILING#c215,"[""OPCUA_BEHAVIORAL_PROFILING""]","{""OPCUA_BEHAVIORAL_PROFILING#c215"": [1505757, 1505857, 1505868, 1505985, 1506063, 1506067, 1506069]}",,OPCUA_BEHAVIORAL_PROFILING,True
1786347360000,1786347365000,benign,benign#chunk199,[],{},,,False
1786347365000,1786347370000,benign,benign#chunk199,[],{},,,False
1786347370000,1786347375000,benign,benign#chunk199,[],{},,,False
1786347375000,1786347380000,benign,benign#chunk199,[],{},,,False
1786347380000,1786347385000,benign,benign#chunk199,[],{},,,False
1786347385000,1786347390000,benign,benign#chunk199,[],{},,,False
1786347390000,1786347395000,benign,benign#chunk199,[],{},,,False
1786347395000,1786347400000,benign,benign#chunk199,[],{},,,False
1786347400000,1786347405000,benign,benign#chunk199,[],{},,,False
1786347405000,1786347410000,benign,benign#chunk199,[],{},,,False
1786347410000,1786347415000,benign,benign#chunk200,[],{},,,False
1786347415000,1786347420000,OPCUA_WRITE_DENIED,OPCUA_WRITE_DENIED#c216,"[""OPCUA_WRITE_DENIED""]","{""OPCUA_WRITE_DENIED#c216"": [1511851, 1511854, 1511868, 1511882, 1511884]}",,OPCUA_WRITE_DENIED,True
1786347420000,1786347425000,benign,benign#chunk200,[],{},,,False
1786347425000,1786347430000,benign,benign#chunk200,[],{},,,False
1786347430000,1786347435000,benign,benign#chunk200,[],{},,,False
1786347435000,1786347440000,benign,benign#chunk200,[],{},,,False
1786347440000,1786347445000,benign,benign#chunk200,[],{},,,False
1786347445000,1786347450000,benign,benign#chunk200,[],{},,,False
1786347450000,1786347455000,benign,benign#chunk200,[],{},,,False
1786347455000,1786347460000,benign,benign#chunk200,[],{},,,False
1786347460000,1786347465000,benign,benign#chunk200,[],{},,,False
1786347465000,1786347470000,benign,benign#chunk200,[],{},,,False
1786347470000,1786347475000,benign,benign#chunk200,[],{},,,False
1786347475000,1786347480000,OPCUA_NODE_BROWSE,OPCUA_NODE_BROWSE#c217,"[""OPCUA_NODE_BROWSE""]","{""OPCUA_NODE_BROWSE#c217"": [1517762, 1517765, 1517767, 1517782, 1517796, 1517798, 1517800, 1517802, 1517804, 1517806, 1517808, 1517810, 1517812, 1517814, 1517816, 1517818, 1517820, 1517822, 1517824, 1517826, 1517828, 1517830]}",,OPCUA_NODE_BROWSE,True
1786347480000,1786347485000,benign,benign#chunk201,[],{},,,False
1786347485000,1786347490000,benign,benign#chunk201,[],{},,,False
1786347490000,1786347495000,benign,benign#chunk201,[],{},,,False
1786347495000,1786347500000,benign,benign#chunk201,[],{},,,False
1786347500000,1786347505000,benign,benign#chunk201,[],{},,,False
1786347505000,1786347510000,benign,benign#chunk201,[],{},,,False
1786347510000,1786347515000,benign,benign#chunk201,[],{},,,False
1786347515000,1786347520000,benign,benign#chunk201,[],{},,,False
1786347520000,1786347525000,benign,benign#chunk201,[],{},,,False
1786347525000,1786347530000,benign,benign#chunk201,[],{},,,False
1786347530000,1786347535000,benign,benign#chunk201,[],{},,,False
1786347535000,1786347540000,OPCUA_ENDPOINT_DISCOVERY,OPCUA_ENDPOINT_DISCOVERY#c218,"[""OPCUA_ENDPOINT_DISCOVERY""]","{""OPCUA_ENDPOINT_DISCOVERY#c218"": [1523056, 1523061, 1523066, 1523082, 1523096, 1523100]}",,OPCUA_ENDPOINT_DISCOVERY,True
1786347540000,1786347545000,benign,benign#chunk201,[],{},,,False
1786347545000,1786347550000,benign,benign#chunk202,[],{},,,False
1786347550000,1786347555000,benign,benign#chunk202,[],{},,,False
1786347555000,1786347560000,benign,benign#chunk202,[],{},,,False
1786347560000,1786347565000,benign,benign#chunk202,[],{},,,False
1786347565000,1786347570000,benign,benign#chunk202,[],{},,,True
1786347570000,1786347575000,benign,benign#chunk202,[],{},,,False
1786347575000,1786347580000,benign,benign#chunk202,[],{},,,False
1786347580000,1786347585000,benign,benign#chunk202,[],{},,,False
1786347585000,1786347590000,benign,benign#chunk202,[],{},,,False
1786347590000,1786347595000,benign,benign#chunk202,[],{},,,False
1786347595000,1786347600000,OPCUA_SUBSCRIPTION_FLOOD,OPCUA_SUBSCRIPTION_FLOOD#c219,[],{},attack_without_in_interval_event_evidence,OPCUA_SUBSCRIPTION_FLOOD,True
1786347600000,1786347605000,OPCUA_SUBSCRIPTION_FLOOD,OPCUA_SUBSCRIPTION_FLOOD#c219,"[""OPCUA_SUBSCRIPTION_FLOOD""]","{""OPCUA_SUBSCRIPTION_FLOOD#c219"": [1528341, 1528343, 1528345, 1528348, 1528350, 1528364, 1528365, 1528386, 1528467, 1528475, 1528567, 1528616]}",,OPCUA_SUBSCRIPTION_FLOOD,True
1786347605000,1786347610000,OPCUA_SUBSCRIPTION_FLOOD,OPCUA_SUBSCRIPTION_FLOOD#c219,"[""OPCUA_SUBSCRIPTION_FLOOD""]","{""OPCUA_SUBSCRIPTION_FLOOD#c219"": [1528749, 1528852, 1528945, 1529020, 1529119]}",,OPCUA_SUBSCRIPTION_FLOOD,True
1786347610000,1786347615000,OPCUA_SUBSCRIPTION_FLOOD,OPCUA_SUBSCRIPTION_FLOOD#c219,"[""OPCUA_SUBSCRIPTION_FLOOD""]","{""OPCUA_SUBSCRIPTION_FLOOD#c219"": [1529204, 1529282, 1529283, 1529287, 1529293, 1529295]}",,OPCUA_SUBSCRIPTION_FLOOD,True
1786347615000,1786347620000,benign,benign#chunk202,[],{},,,False
1786347620000,1786347625000,benign,benign#chunk202,[],{},,,False
1786347625000,1786347630000,benign,benign#chunk203,[],{},,,False
1786347630000,1786347635000,benign,benign#chunk203,[],{},,,False
1786347635000,1786347640000,benign,benign#chunk203,[],{},,,False
1786347640000,1786347645000,benign,benign#chunk203,[],{},,,False
1786347645000,1786347650000,benign,benign#chunk203,[],{},,,False
1786347650000,1786347655000,benign,benign#chunk203,[],{},,,False
1786347655000,1786347660000,benign,benign#chunk203,[],{},,,False
1786347660000,1786347665000,benign,benign#chunk203,[],{},,,False
1786347665000,1786347670000,benign,benign#chunk203,[],{},,,False
1786347670000,1786347675000,benign,benign#chunk203,[],{},,OPCUA_SUBSCRIPTION_FLOOD,False
1786347675000,1786347680000,OPCUA_SUBSCRIPTION_FLOOD,OPCUA_SUBSCRIPTION_FLOOD#c220,"[""OPCUA_SUBSCRIPTION_FLOOD""]","{""OPCUA_SUBSCRIPTION_FLOOD#c220"": [1534856, 1534858, 1534861, 1534864, 1534866, 1534880, 1534881, 1534897, 1534984, 1534988, 1535072, 1535169, 1535248, 1535258]}",,OPCUA_SUBSCRIPTION_FLOOD,True
1786347680000,1786347685000,OPCUA_SUBSCRIPTION_FLOOD,OPCUA_SUBSCRIPTION_FLOOD#c220,"[""OPCUA_SUBSCRIPTION_FLOOD""]","{""OPCUA_SUBSCRIPTION_FLOOD#c220"": [1535326, 1535414, 1535415, 1535633, 1535740, 1535822]}",,OPCUA_SUBSCRIPTION_FLOOD,True
1786347685000,1786347690000,OPCUA_SUBSCRIPTION_FLOOD,OPCUA_SUBSCRIPTION_FLOOD#c220,"[""OPCUA_SUBSCRIPTION_FLOOD""]","{""OPCUA_SUBSCRIPTION_FLOOD#c220"": [1535901, 1535902, 1535907, 1535910]}",,OPCUA_SUBSCRIPTION_FLOOD,True
1786347690000,1786347695000,benign,benign#chunk203,[],{},,,False
1786347695000,1786347700000,benign,benign#chunk203,[],{},,,False
1786347700000,1786347705000,benign,benign#chunk204,[],{},,,False
1786347705000,1786347710000,benign,benign#chunk204,[],{},,,False
1786347710000,1786347715000,benign,benign#chunk204,[],{},,,False
1786347715000,1786347720000,benign,benign#chunk204,[],{},,,False
1786347720000,1786347725000,benign,benign#chunk204,[],{},,,False
1786347725000,1786347730000,benign,benign#chunk204,[],{},,,False
1786347730000,1786347735000,benign,benign#chunk204,[],{},,,False
1786347735000,1786347740000,benign,benign#chunk204,[],{},,,False
1786347740000,1786347745000,benign,benign#chunk204,[],{},,,False
1786347745000,1786347750000,OPCUA_RECURSIVE_BROWSE,OPCUA_RECURSIVE_BROWSE#c221,"[""OPCUA_RECURSIVE_BROWSE""]","{""OPCUA_RECURSIVE_BROWSE#c221"": [1541247, 1541249, 1541265, 1541285, 1541287, 1541289, 1541291, 1541293, 1541295, 1541297, 1541299, 1541303, 1541305, 1541307, 1541309, 1541311, 1541313, 1541315, 1541317, 1541319, 1541323, 1541325, 1541327, 1541329, 1541331, 1541333, 1541335, 1541337, 1541339, 1541341, 1541343, 1541345, 1541351, 1541359, 1541365, 1541367, 1541369, 1541371, 1541373, 1541375, 1541377, 1541379, 1541381, 1541383, 1541385, 1541387, 1541389, 1541391, 1541393, 1541395, 1541397, 1541399, 1541401, 1541403, 1541406, 1541408, 1541410, 1541412, 1541414, 1541472, 1541474, 1541476, 1541478, 1541480, 1541482, 1541484, 1541486, 1541488, 1541490, 1541492, 1541494, 1541496, 1541498, 1541500, 1541502, 1541504, 1541506, 1541508, 1541510, 1541512, 1541514, 1541516, 1541518, 1541521, 1541523, 1541525, 1541527, 1541529, 1541531, 1541533, 1541535, 1541537, 1541539, 1541540, 1541545, 1541547, 1541549, 1541551, 1541553, 1541555, 1541557, 1541561, 1541565, 1541567, 1541569, 1541571, 1541573, 1541575, 1541577, 1541579, 1541583, 1541585, 1541587, 1541590, 1541592, 1541594, 1541596, 1541598, 1541625, 1541627, 1541629, 1541631, 1541633, 1541635, 1541637, 1541639, 1541641, 1541643, 1541647, 1541649, 1541651, 1541657, 1541663, 1541667, 1541673, 1541679, 1541685, 1541691, 1541697, 1541701, 1541703, 1541705, 1541707, 1541709, 1541711, 1541713, 1541717, 1541722, 1541732, 1541734, 1541736, 1541738, 1541740, 1541742, 1541744, 1541746, 1541750, 1541752, 1541754, 1541756, 1541758, 1541760, 1541762, 1541764, 1541766, 1541768, 1541770, 1541772, 1541774, 1541776, 1541778, 1541781, 1541783, 1541785, 1541787, 1541789, 1541791]}",,OPCUA_RECURSIVE_BROWSE,True
1786347750000,1786347755000,OPCUA_RECURSIVE_BROWSE,OPCUA_RECURSIVE_BROWSE#c221,"[""OPCUA_RECURSIVE_BROWSE""]","{""OPCUA_RECURSIVE_BROWSE#c221"": [1541822, 1541824, 1541826, 1541828, 1541830, 1541832, 1541834, 1541836, 1541838, 1541840, 1541842, 1541844, 1541846, 1541848, 1541850, 1541852, 1541854, 1541858, 1541860, 1541862, 1541864, 1541866, 1541868, 1541870, 1541872, 1541874, 1541876, 1541878, 1541880, 1541882, 1541884, 1541886, 1541888, 1541890, 1541892, 1541894, 1541896, 1541898, 1541900, 1541902, 1541904, 1541906, 1541908, 1541910, 1541912, 1541914, 1541916, 1541918, 1541920, 1541922, 1541924, 1541926, 1541928, 1541931, 1541933, 1541935, 1541937, 1541939, 1542006, 1542031, 1542033, 1542035, 1542037, 1542039, 1542041, 1542043, 1542045, 1542049, 1542051, 1542053, 1542055, 1542057, 1542059, 1542061, 1542063, 1542065, 1542067, 1542069, 1542071, 1542077, 1542079, 1542083, 1542085, 1542087, 1542089, 1542091, 1542095, 1542097, 1542099, 1542101, 1542103, 1542105, 1542107, 1542109, 1542111, 1542113, 1542115, 1542117, 1542119, 1542121, 1542123, 1542125, 1542127, 1542129, 1542131, 1542133, 1542136, 1542138, 1542140, 1542142, 1542144, 1542146, 1542149, 1542151, 1542154, 1542156, 1542160, 1542203, 1542210, 1542214, 1542216, 1542218, 1542222, 1542226, 1542228, 1542230, 1542232, 1542234, 1542236, 1542238, 1542242, 1542244, 1542246, 1542248, 1542250, 1542252, 1542254, 1542262, 1542264, 1542266, 1542268, 1542270, 1542272, 1542274, 1542276, 1542278, 1542280, 1542282, 1542284, 1542286, 1542288, 1542290, 1542292, 1542294, 1542297, 1542299, 1542301, 1542306, 1542308, 1542310, 1542312, 1542314, 1542316, 1542318, 1542320, 1542323, 1542325, 1542327, 1542329, 1542331, 1542333, 1542336, 1542338, 1542341, 1542343, 1542345, 1542364, 1542366, 1542368, 1542370, 1542372, 1542374, 1542380, 1542382, 1542384, 1542386, 1542388, 1542390, 1542392, 1542394, 1542396, 1542398, 1542400, 1542402, 1542404, 1542406, 1542408, 1542410, 1542412, 1542414, 1542416, 1542417, 1542422, 1542424, 1542426, 1542430, 1542436, 1542440, 1542442, 1542444, 1542446, 1542448, 1542452, 1542454, 1542456, 1542458, 1542462, 1542470, 1542476, 1542478, 1542480, 1542482, 1542484, 1542486, 1542492, 1542498, 1542506, 1542516, 1542524, 1542526, 1542529, 1542531, 1542535, 1542539, 1542541, 1542559, 1542561, 1542563, 1542565, 1542567, 1542569, 1542571, 1542581, 1542584, 1542586, 1542588, 1542590, 1542592, 1542594, 1542596, 1542598, 1542600, 1542602, 1542606, 1542610, 1542612, 1542614, 1542616, 1542618, 1542620, 1542622, 1542624, 1542626, 1542628, 1542630, 1542632, 1542634, 1542636, 1542638, 1542640, 1542642, 1542644, 1542646, 1542648, 1542650, 1542652, 1542654, 1542656, 1542658, 1542660, 1542662, 1542664, 1542666, 1542668, 1542672, 1542674, 1542676, 1542678, 1542681, 1542683, 1542685, 1542687, 1542689, 1542690, 1542753, 1542755, 1542757, 1542759, 1542761, 1542763, 1542765, 1542767, 1542773, 1542782, 1542784, 1542786, 1542788, 1542790, 1542792, 1542794, 1542796, 1542798, 1542800, 1542802, 1542804, 1542806, 1542808, 1542810, 1542812, 1542814, 1542816, 1542818, 1542820, 1542822, 1542824, 1542826, 1542828, 1542830, 1542832, 1542834, 1542836, 1542838, 1542844, 1542846, 1542848, 1542850, 1542852, 1542854, 1542856, 1542858, 1542860, 1542862, 1542864, 1542866, 1542868, 1542870, 1542872, 1542875, 1542877, 1542879, 1542881, 1542883, 1542897, 1542912, 1542914, 1542918, 1542924, 1542930, 1542936, 1542942, 1542948, 1542956, 1542966, 1542972]}",,OPCUA_RECURSIVE_BROWSE,True
1786347755000,1786347760000,OPCUA_RECURSIVE_BROWSE,OPCUA_RECURSIVE_BROWSE#c221,"[""OPCUA_RECURSIVE_BROWSE""]","{""OPCUA_RECURSIVE_BROWSE#c221"": [1542976, 1542978, 1542980, 1542982, 1542984, 1542986, 1542988, 1542990, 1542994, 1542996, 1542998, 1543000, 1543002, 1543004, 1543006, 1543008, 1543010, 1543012, 1543014, 1543016, 1543018, 1543020, 1543022, 1543024, 1543026, 1543028, 1543030, 1543032, 1543034, 1543036, 1543038, 1543040, 1543044, 1543046, 1543048, 1543050, 1543052, 1543054, 1543056, 1543058, 1543060, 1543066, 1543069, 1543071, 1543073, 1543075, 1543077, 1543090, 1543093, 1543095, 1543097, 1543103, 1543107, 1543119, 1543123, 1543125, 1543127, 1543129, 1543131, 1543133, 1543135, 1543139, 1543141, 1543143, 1543145, 1543147, 1543149, 1543151, 1543153, 1543155, 1543157, 1543159, 1543161, 1543163, 1543165, 1543167, 1543169, 1543171, 1543173, 1543175, 1543177, 1543179, 1543181, 1543183, 1543185, 1543187, 1543189, 1543191, 1543193, 1543197, 1543199, 1543201, 1543203, 1543209, 1543211, 1543218, 1543224, 1543226, 1543228, 1543230, 1543232, 1543235, 1543237, 1543239, 1543245, 1543249, 1543294, 1543296, 1543298, 1543300, 1543302, 1543304, 1543307, 1543308, 1543311, 1543315, 1543317, 1543319, 1543321, 1543323, 1543325, 1543327, 1543330, 1543332, 1543334, 1543336, 1543338, 1543340, 1543342, 1543344, 1543346, 1543348, 1543350, 1543352, 1543354, 1543356, 1543358, 1543360, 1543362, 1543364, 1543366, 1543368, 1543370, 1543372, 1543374, 1543376, 1543378, 1543380, 1543382, 1543388, 1543390, 1543392, 1543396, 1543400, 1543402, 1543404, 1543406, 1543408, 1543410, 1543412, 1543415, 1543417, 1543421, 1543423, 1543425, 1543494, 1543498, 1543502, 1543504, 1543506, 1543508, 1543510, 1543512, 1543514, 1543516, 1543518, 1543520, 1543522, 1543524, 1543526, 1543528, 1543530, 1543532, 1543534, 1543536, 1543538, 1543540, 1543542, 1543544, 1543546, 1543548, 1543550, 1543552, 1543554, 1543556, 1543558, 1543560, 1543562, 1543564, 1543566, 1543568, 1543570, 1543572, 1543574, 1543576, 1543578, 1543580, 1543582, 1543584, 1543586, 1543588, 1543590, 1543592, 1543594, 1543595, 1543600, 1543602, 1543604, 1543606, 1543609, 1543611, 1543613, 1543615, 1543617, 1543646, 1543648, 1543652, 1543654, 1543656, 1543658, 1543660, 1543662, 1543664, 1543666, 1543668, 1543670, 1543672, 1543674, 1543676, 1543678, 1543680, 1543682, 1543684, 1543686, 1543688, 1543690, 1543692, 1543694, 1543696, 1543698, 1543700, 1543702, 1543704, 1543706, 1543708, 1543710, 1543712, 1543714, 1543716, 1543718, 1543720, 1543722, 1543726, 1543732, 1543738, 1543744, 1543750, 1543758, 1543764, 1543768, 1543770, 1543772, 1543774, 1543776, 1543778, 1543782, 1543788, 1543793, 1543795, 1543797, 1543799, 1543801, 1543806, 1543835, 1543837, 1543839, 1543843, 1543847, 1543849, 1543851, 1543855, 1543857, 1543859, 1543861, 1543863, 1543865, 1543867, 1543869, 1543871, 1543873, 1543875, 1543877, 1543879, 1543881, 1543883, 1543885, 1543887, 1543889, 1543891, 1543893, 1543895, 1543897, 1543899, 1543901, 1543903, 1543905, 1543907, 1543909, 1543911, 1543913, 1543915, 1543919, 1543921, 1543923, 1543925, 1543927, 1543929, 1543931, 1543933, 1543935, 1543937, 1543939, 1543941, 1543943, 1543945, 1543947, 1543950, 1543952, 1543954, 1543956, 1543958, 1544005, 1544031, 1544033, 1544035, 1544037, 1544039, 1544041, 1544043, 1544045, 1544047, 1544049, 1544053, 1544057, 1544059, 1544061, 1544063, 1544065, 1544067, 1544069, 1544075, 1544077, 1544081, 1544083, 1544085, 1544087, 1544089, 1544091, 1544093, 1544095, 1544097, 1544099, 1544101, 1544103, 1544105, 1544107, 1544109, 1544111, 1544113, 1544115, 1544117, 1544119, 1544121, 1544125, 1544129]}",,OPCUA_RECURSIVE_BROWSE,True
1786347760000,1786347765000,OPCUA_RECURSIVE_BROWSE,OPCUA_RECURSIVE_BROWSE#c221,"[""OPCUA_RECURSIVE_BROWSE""]","{""OPCUA_RECURSIVE_BROWSE#c221"": [1544131, 1544133, 1544135, 1544137, 1544139, 1544141, 1544143, 1544147, 1544149, 1544151, 1544154, 1544156, 1544158, 1544160, 1544162, 1544192, 1544194, 1544196, 1544198, 1544203, 1544208, 1544210, 1544212, 1544218, 1544224, 1544230, 1544236, 1544240, 1544246, 1544252, 1544258, 1544262, 1544264, 1544266, 1544268, 1544274, 1544276, 1544278, 1544280, 1544282, 1544284, 1544286, 1544288, 1544290, 1544298, 1544302, 1544304, 1544306, 1544308, 1544310, 1544312, 1544314, 1544316, 1544318, 1544320, 1544322, 1544324, 1544328, 1544332, 1544334, 1544336, 1544338, 1544340, 1544342, 1544344, 1544346, 1544348, 1544350, 1544354, 1544357, 1544361, 1544365, 1544367, 1544369, 1544385, 1544387, 1544389, 1544391, 1544393, 1544395, 1544397, 1544399, 1544401, 1544403, 1544405, 1544407, 1544409, 1544411, 1544413, 1544415, 1544417, 1544423, 1544425, 1544427, 1544429, 1544431, 1544433, 1544435, 1544437, 1544439, 1544441, 1544443, 1544447, 1544449, 1544451, 1544453, 1544455, 1544457, 1544459, 1544461, 1544463, 1544464, 1544469, 1544471, 1544473, 1544475, 1544477, 1544479, 1544481, 1544483, 1544485, 1544489, 1544491, 1544493, 1544495, 1544497, 1544499, 1544501, 1544504, 1544506, 1544508, 1544510, 1544512, 1544579, 1544581, 1544583, 1544585, 1544587, 1544589, 1544591, 1544593, 1544595, 1544597, 1544599, 1544601, 1544603, 1544605, 1544607, 1544609, 1544611, 1544613, 1544615, 1544617, 1544619, 1544621, 1544623, 1544625, 1544627, 1544629, 1544631, 1544635, 1544637, 1544639, 1544641, 1544643, 1544645, 1544647, 1544649, 1544651, 1544657, 1544659, 1544661, 1544663, 1544665, 1544667, 1544669, 1544671, 1544673, 1544675, 1544677, 1544679, 1544681, 1544683, 1544685, 1544687, 1544689, 1544692, 1544694, 1544696, 1544698, 1544700, 1544709, 1544768, 1544770, 1544772, 1544774, 1544776, 1544778, 1544780, 1544782, 1544784, 1544786, 1544788, 1544790, 1544792, 1544794, 1544796, 1544798, 1544800, 1544802, 1544804, 1544806, 1544808, 1544810, 1544812, 1544814, 1544816, 1544818, 1544820, 1544822, 1544824, 1544828, 1544830, 1544832, 1544834, 1544836, 1544838, 1544840, 1544842, 1544844, 1544846, 1544848, 1544850, 1544852, 1544854, 1544856, 1544858, 1544860, 1544862, 1544864, 1544866, 1544868, 1544870, 1544872, 1544874, 1544877, 1544881, 1544883, 1544885, 1544887, 1544907, 1544916, 1544918]}",,OPCUA_RECURSIVE_BROWSE,True
1786347765000,1786347770000,benign,benign#chunk204,[],{},,,False
1786347770000,1786347775000,benign,benign#chunk204,[],{},,,False
1786347775000,1786347780000,benign,benign#chunk204,[],{},,,False
1786347780000,1786347785000,benign,benign#chunk205,[],{},,,False
1786347785000,1786347790000,benign,benign#chunk205,[],{},,,False
1786347790000,1786347795000,benign,benign#chunk205,[],{},,,False
1786347795000,1786347800000,benign,benign#chunk205,[],{},,,False
1786347800000,1786347805000,benign,benign#chunk205,[],{},,,False
1786347805000,1786347810000,benign,benign#chunk205,[],{},,,False
1786347810000,1786347815000,benign,benign#chunk205,[],{},,,False
1786347815000,1786347820000,benign,benign#chunk205,[],{},,,False
1786347820000,1786347825000,OPCUA_INVALID_WRITE,OPCUA_INVALID_WRITE#c222,"[""OPCUA_INVALID_WRITE""]","{""OPCUA_INVALID_WRITE#c222"": [1550074, 1550090, 1550108, 1550126, 1550132]}",,OPCUA_INVALID_WRITE,True
1786347825000,1786347830000,benign,benign#chunk205,[],{},,,False
1786347830000,1786347835000,benign,benign#chunk205,[],{},,,False
1786347835000,1786347840000,benign,benign#chunk205,[],{},,,False
1786347840000,1786347845000,benign,benign#chunk205,[],{},,,False
1786347845000,1786347850000,benign,benign#chunk206,[],{},,,False
1786347850000,1786347855000,benign,benign#chunk206,[],{},,,False
1786347855000,1786347860000,benign,benign#chunk206,[],{},,,False
1786347860000,1786347865000,benign,benign#chunk206,[],{},,,False
1786347865000,1786347870000,benign,benign#chunk206,[],{},,,False
1786347870000,1786347875000,benign,benign#chunk206,[],{},,,False
1786347875000,1786347880000,benign,benign#chunk206,[],{},,,False
1786347880000,1786347885000,OPCUA_ENDPOINT_DISCOVERY,OPCUA_ENDPOINT_DISCOVERY#c223,"[""OPCUA_ENDPOINT_DISCOVERY""]","{""OPCUA_ENDPOINT_DISCOVERY#c223"": [1555238, 1555243, 1555261, 1555273, 1555285]}",,OPCUA_ENDPOINT_DISCOVERY,True
1786347885000,1786347890000,benign,benign#chunk206,[],{},,,False
1786347890000,1786347895000,benign,benign#chunk206,[],{},,,False
1786347895000,1786347900000,benign,benign#chunk206,[],{},,,False
1786347900000,1786347905000,benign,benign#chunk206,[],{},,,False
1786347905000,1786347910000,benign,benign#chunk206,[],{},,,False
1786347910000,1786347915000,benign,benign#chunk207,[],{},,,True
1786347915000,1786347920000,benign,benign#chunk207,[],{},,,False
1786347920000,1786347925000,benign,benign#chunk207,[],{},,,False
1786347925000,1786347930000,benign,benign#chunk207,[],{},,,False
1786347930000,1786347935000,benign,benign#chunk207,[],{},,,False
1786347935000,1786347940000,benign,benign#chunk207,[],{},,,False
1786347940000,1786347945000,OPCUA_SLOWLORIS,OPCUA_SLOWLORIS#c224,"[""OPCUA_SLOWLORIS""]","{""OPCUA_SLOWLORIS#c224"": [1560252, 1560259, 1560275, 1560289, 1560292, 1560298, 1560312, 1560330, 1560333, 1560338, 1560355, 1560373, 1560376, 1560381, 1560396, 1560410, 1560413, 1560420, 1560450, 1560469, 1560476, 1560482, 1560496, 1560510, 1560513, 1560523, 1560537, 1560551, 1560556, 1560562, 1560576, 1560594, 1560610, 1560616, 1560630, 1560644, 1560647, 1560653, 1560667, 1560681, 1560684, 1560686, 1560701, 1560702, 1560724, 1560740, 1560742, 1560744, 1560746, 1560748, 1560750, 1560752, 1560754, 1560824]}",,OPCUA_SLOWLORIS,True
1786347945000,1786347950000,OPCUA_SLOWLORIS,OPCUA_SLOWLORIS#c224,"[""OPCUA_SLOWLORIS""]","{""OPCUA_SLOWLORIS#c224"": [1560829, 1560831, 1560834, 1560842, 1560844, 1560848, 1560853, 1560862, 1560864, 1560927, 1560935, 1560938, 1560939, 1560957, 1560958, 1560963, 1560966, 1560973, 1560974, 1561051, 1561063, 1561068, 1561069, 1561072, 1561073, 1561086, 1561093, 1561102, 1561103, 1561138, 1561173, 1561191, 1561192, 1561195, 1561196, 1561205, 1561212, 1561215, 1561216, 1561244, 1561250, 1561286, 1561287, 1561296, 1561297, 1561304, 1561315, 1561319, 1561320, 1561350]}",,OPCUA_SLOWLORIS,True
1786347950000,1786347955000,OPCUA_SLOWLORIS,OPCUA_SLOWLORIS#c224,"[""OPCUA_SLOWLORIS""]","{""OPCUA_SLOWLORIS#c224"": [1561353, 1561356, 1561357, 1561394, 1561395, 1561404, 1561415, 1561421, 1561422, 1561455, 1561458, 1561461, 1561462, 1561467, 1561468, 1561493, 1561523, 1561524, 1561525, 1561556, 1561559, 1561566, 1561567, 1561572, 1561573, 1561578, 1561617, 1561618, 1561621, 1561668, 1561671, 1561674, 1561675, 1561684, 1561685, 1561692, 1561701, 1561702, 1561703, 1561776, 1561784, 1561788, 1561789, 1561794, 1561795, 1561806, 1561809, 1561810, 1561811]}",,OPCUA_SLOWLORIS,True
1786347955000,1786347960000,OPCUA_SLOWLORIS,OPCUA_SLOWLORIS#c224,"[""OPCUA_SLOWLORIS""]","{""OPCUA_SLOWLORIS#c224"": [1561885, 1561888, 1561895, 1561896, 1561901, 1561902, 1561929, 1561947, 1561948, 1561949, 1562024, 1562027, 1562030, 1562031, 1562038, 1562039, 1562048, 1562051, 1562052, 1562053, 1562144, 1562156, 1562163, 1562165, 1562171, 1562172, 1562181, 1562187, 1562188, 1562189, 1562258, 1562261, 1562273, 1562274, 1562279, 1562280, 1562289, 1562292, 1562293, 1562294, 1562361, 1562366, 1562369, 1562370, 1562377, 1562378, 1562387, 1562395, 1562396, 1562397]}",,OPCUA_SLOWLORIS,True
1786347960000,1786347965000,OPCUA_SLOWLORIS,OPCUA_SLOWLORIS#c224,"[""OPCUA_SLOWLORIS""]","{""OPCUA_SLOWLORIS#c224"": [1562470, 1562491, 1562508, 1562509, 1562516, 1562517, 1562526, 1562537, 1562538, 1562543, 1562586, 1562589, 1562592, 1562593, 1562624, 1562625, 1562656, 1562661, 1562662, 1562669, 1562694, 1562703, 1562710, 1562711, 1562716, 1562717, 1562736, 1562763, 1562764, 1562779, 1562800, 1562805, 1562808, 1562809, 1562821, 1562822, 1562829, 1562833, 1562834, 1562849, 1562898, 1562905, 1562908, 1562909, 1562918, 1562919, 1562922, 1562929, 1562930, 1562935, 1562936, 1562938, 1562941, 1562943, 1562945, 1562947, 1562949, 1562951, 1562953, 1562956]}",,OPCUA_SLOWLORIS,True
1786347965000,1786347970000,OPCUA_SLOWLORIS,OPCUA_SLOWLORIS#c224,"[""OPCUA_SLOWLORIS""]","{""OPCUA_SLOWLORIS#c224"": [1563027, 1563030, 1563033, 1563034, 1563051, 1563052, 1563053, 1563063, 1563064, 1563069, 1563145, 1563148, 1563150, 1563151, 1563165, 1563166, 1563167, 1563176, 1563177, 1563182, 1563247, 1563250, 1563251, 1563252, 1563269, 1563271, 1563272, 1563280, 1563281, 1563285, 1563345, 1563348, 1563349, 1563350, 1563361, 1563364, 1563365, 1563372, 1563374, 1563384, 1563455, 1563460, 1563461, 1563462, 1563473, 1563479, 1563481, 1563488, 1563489, 1563492]}",,OPCUA_SLOWLORIS,True
1786347970000,1786347975000,OPCUA_SLOWLORIS,OPCUA_SLOWLORIS#c224,"[""OPCUA_SLOWLORIS""]","{""OPCUA_SLOWLORIS#c224"": [1563561, 1563564, 1563565, 1563566, 1563594, 1563599, 1563600, 1563605, 1563606, 1563611, 1563660, 1563679, 1563680, 1563681, 1563696, 1563701, 1563702, 1563707, 1563708, 1563713, 1563748, 1563759, 1563760, 1563761, 1563808, 1563813, 1563814, 1563819, 1563820, 1563825, 1563853, 1563858, 1563859, 1563860, 1563885, 1563912, 1563913, 1563920, 1563921, 1563926, 1563951, 1563954, 1563958, 1563959, 1563973, 1563997, 1563998, 1564001, 1564002, 1564035]}",,OPCUA_SLOWLORIS,True
1786347975000,1786347980000,OPCUA_SLOWLORIS,OPCUA_SLOWLORIS#c224,"[""OPCUA_SLOWLORIS""]","{""OPCUA_SLOWLORIS#c224"": [1564106, 1564109, 1564110, 1564111, 1564138, 1564143, 1564144, 1564149, 1564150, 1564157, 1564245, 1564254, 1564257, 1564258, 1564266, 1564277, 1564278, 1564288, 1564289, 1564308, 1564389, 1564399, 1564400, 1564401, 1564405, 1564417, 1564418, 1564425, 1564426, 1564431, 1564505, 1564514, 1564515, 1564516, 1564519, 1564528, 1564529, 1564538, 1564539, 1564544, 1564627, 1564634, 1564635, 1564636, 1564637, 1564648, 1564649, 1564658, 1564659, 1564662]}",,OPCUA_SLOWLORIS,True
1786347980000,1786347985000,OPCUA_SLOWLORIS,OPCUA_SLOWLORIS#c224,"[""OPCUA_SLOWLORIS""]","{""OPCUA_SLOWLORIS#c224"": [1564733, 1564736, 1564737, 1564738, 1564739, 1564748, 1564749, 1564758, 1564759, 1564762, 1564829, 1564859, 1564860, 1564863, 1564864, 1564877, 1564878, 1564885, 1564887, 1564888, 1565054, 1565057, 1565058, 1565059, 1565060, 1565103, 1565104, 1565115, 1565116, 1565117, 1565156, 1565165, 1565166, 1565167, 1565168, 1565177, 1565178, 1565221, 1565222, 1565223, 1565278, 1565281, 1565282, 1565283, 1565284, 1565291, 1565292, 1565304, 1565306, 1565308, 1565313, 1565315, 1565332, 1565334, 1565340, 1565342, 1565361, 1565363, 1565368, 1565370, 1565391, 1565392, 1565393, 1565394, 1565396, 1565416, 1565418, 1565431, 1565433, 1565451]}",,OPCUA_SLOWLORIS,True
1786347985000,1786347990000,benign,benign#chunk207,[],{},,,False
1786347990000,1786347995000,benign,benign#chunk207,[],{},,,False
1786347995000,1786348000000,benign,benign#chunk207,[],{},,,False
1786348000000,1786348005000,benign,benign#chunk207,[],{},,,False
1786348005000,1786348010000,benign,benign#chunk207,[],{},,,False
1786348010000,1786348015000,benign,benign#chunk207,[],{},,,False
1786348015000,1786348020000,benign,benign#chunk208,[],{},,,False
1786348020000,1786348025000,benign,benign#chunk208,[],{},,,False
1786348025000,1786348030000,benign,benign#chunk208,[],{},,,False
1786348030000,1786348035000,benign,benign#chunk208,[],{},,,False
1786348035000,1786348040000,benign,benign#chunk208,[],{},,,False
1786348040000,1786348045000,benign,benign#chunk208,[],{},,,False
1786348045000,1786348050000,benign,benign#chunk208,[],{},,,False
1786348050000,1786348055000,benign,benign#chunk208,[],{},,,False
1786348055000,1786348060000,benign,benign#chunk208,[],{},,,False
1786348060000,1786348065000,benign,benign#chunk208,[],{},,,False
1786348065000,1786348070000,benign,benign#chunk208,[],{},,,False
1786348070000,1786348075000,benign,benign#chunk208,[],{},,,False
1786348075000,1786348080000,benign,benign#chunk209,[],{},,,False
1786348080000,1786348085000,benign,benign#chunk209,[],{},,,False
1786348085000,1786348090000,benign,benign#chunk209,[],{},,,False
1786348090000,1786348095000,benign,benign#chunk209,[],{},,,False
1786348095000,1786348100000,benign,benign#chunk209,[],{},,,False
1786348100000,1786348105000,benign,benign#chunk209,[],{},,,False
1786348105000,1786348110000,benign,benign#chunk209,[],{},,,False
1786348110000,1786348115000,benign,benign#chunk209,[],{},,,False
1786348115000,1786348120000,benign,benign#chunk209,[],{},,,False
1786348120000,1786348125000,benign,benign#chunk209,[],{},,,False
1786348125000,1786348130000,benign,benign#chunk209,[],{},,,False
1786348130000,1786348135000,benign,benign#chunk209,[],{},,,False
1786348135000,1786348140000,benign,benign#chunk210,[],{},,,False
1786348140000,1786348145000,benign,benign#chunk210,[],{},,,False
1786348145000,1786348150000,benign,benign#chunk210,[],{},,,False
1786348150000,1786348155000,benign,benign#chunk210,[],{},,,False
1786348155000,1786348160000,benign,benign#chunk210,[],{},,,False
1786348160000,1786348165000,benign,benign#chunk210,[],{},,,False
1786348165000,1786348170000,benign,benign#chunk210,[],{},,,False
1786348170000,1786348175000,benign,benign#chunk210,[],{},,,False
1786348175000,1786348180000,benign,benign#chunk210,[],{},,,False
1786348180000,1786348185000,benign,benign#chunk210,[],{},,,False
1786348185000,1786348190000,benign,benign#chunk210,[],{},,,False
1786348190000,1786348195000,benign,benign#chunk210,[],{},,,False
1786348195000,1786348200000,benign,benign#chunk211,[],{},,,False
1786348200000,1786348205000,benign,benign#chunk211,[],{},,,False
1786348205000,1786348210000,benign,benign#chunk211,[],{},,,False
1786348210000,1786348215000,benign,benign#chunk211,[],{},,,False
1786348215000,1786348220000,benign,benign#chunk211,[],{},,,False
1786348220000,1786348225000,benign,benign#chunk211,[],{},,,False
1786348225000,1786348230000,benign,benign#chunk211,[],{},,,False
1786348230000,1786348235000,benign,benign#chunk211,[],{},,,False
1786348235000,1786348240000,benign,benign#chunk211,[],{},,,False
1786348240000,1786348245000,benign,benign#chunk211,[],{},,,False
1786348245000,1786348250000,benign,benign#chunk211,[],{},,,False
1786348250000,1786348255000,benign,benign#chunk211,[],{},,,False
1786348255000,1786348260000,benign,benign#chunk212,[],{},,,False
1786348260000,1786348265000,benign,benign#chunk212,[],{},,,False
1786348265000,1786348270000,benign,benign#chunk212,[],{},,,False
1786348270000,1786348275000,benign,benign#chunk212,[],{},,,False
1786348275000,1786348280000,benign,benign#chunk212,[],{},,,False
1786348280000,1786348285000,benign,benign#chunk212,[],{},,,False
1786348285000,1786348290000,benign,benign#chunk212,[],{},,,False
1786348290000,1786348295000,benign,benign#chunk212,[],{},,,False
1786348295000,1786348300000,benign,benign#chunk212,[],{},,,False
1786348300000,1786348305000,benign,benign#chunk212,[],{},,,False
1786348305000,1786348310000,benign,benign#chunk212,[],{},,,False
1786348310000,1786348315000,benign,benign#chunk212,[],{},,,False
1786348315000,1786348320000,benign,benign#chunk213,[],{},,,False
1786348320000,1786348325000,benign,benign#chunk213,[],{},,,False
1786348325000,1786348330000,benign,benign#chunk213,[],{},,,False
1786348330000,1786348335000,benign,benign#chunk213,[],{},,,False
1786348335000,1786348340000,benign,benign#chunk213,[],{},,,False
1786348340000,1786348345000,benign,benign#chunk213,[],{},,,False
1786348345000,1786348350000,benign,benign#chunk213,[],{},,,False
1786348350000,1786348355000,benign,benign#chunk213,[],{},,,False
1786348355000,1786348360000,benign,benign#chunk213,[],{},,,False
1786348360000,1786348365000,benign,benign#chunk213,[],{},,,False
1786348365000,1786348370000,benign,benign#chunk213,[],{},,,False
1786348370000,1786348375000,benign,benign#chunk213,[],{},,,False
1786348375000,1786348380000,benign,benign#chunk214,[],{},,,False
1786348380000,1786348385000,benign,benign#chunk214,[],{},,,False
1786348385000,1786348390000,benign,benign#chunk214,[],{},,,False
1786348390000,1786348395000,benign,benign#chunk214,[],{},,,False
1786348395000,1786348400000,benign,benign#chunk214,[],{},,,False
1786348400000,1786348405000,benign,benign#chunk214,[],{},,,False
1786348405000,1786348410000,benign,benign#chunk214,[],{},,,False
1786348410000,1786348415000,benign,benign#chunk214,[],{},,,False
1786348415000,1786348420000,benign,benign#chunk214,[],{},,,False
1786348420000,1786348425000,benign,benign#chunk214,[],{},,,False
1786348425000,1786348430000,benign,benign#chunk214,[],{},,,False
1786348430000,1786348435000,benign,benign#chunk214,[],{},,,False
1786348435000,1786348440000,benign,benign#chunk215,[],{},,,False
1786348440000,1786348445000,benign,benign#chunk215,[],{},,,False
1786348445000,1786348450000,benign,benign#chunk215,[],{},,,False
1786348450000,1786348455000,benign,benign#chunk215,[],{},,,False
1786348455000,1786348460000,benign,benign#chunk215,[],{},,,False
1786348460000,1786348465000,benign,benign#chunk215,[],{},,,False
1786348465000,1786348470000,benign,benign#chunk215,[],{},,,False
1786348470000,1786348475000,benign,benign#chunk215,[],{},,,False
1786348475000,1786348480000,benign,benign#chunk215,[],{},,,False
1786348480000,1786348485000,benign,benign#chunk215,[],{},,,False
1786348485000,1786348490000,benign,benign#chunk215,[],{},,,False
1786348490000,1786348495000,benign,benign#chunk215,[],{},,,False
1786348495000,1786348500000,benign,benign#chunk216,[],{},,,False
1786348500000,1786348505000,benign,benign#chunk216,[],{},,,False
1786348505000,1786348510000,benign,benign#chunk216,[],{},,,False
1786348510000,1786348515000,benign,benign#chunk216,[],{},,,False
1786348515000,1786348520000,benign,benign#chunk216,[],{},,,False
1786348520000,1786348525000,benign,benign#chunk216,[],{},,,False
1786348525000,1786348530000,benign,benign#chunk216,[],{},,,False
1786348530000,1786348535000,benign,benign#chunk216,[],{},,,False
1786348535000,1786348540000,benign,benign#chunk216,[],{},,,False
1786348540000,1786348545000,benign,benign#chunk216,[],{},,,False
1786348545000,1786348550000,benign,benign#chunk216,[],{},,,False
1786348550000,1786348555000,benign,benign#chunk216,[],{},,,False
1786348555000,1786348560000,benign,benign#chunk217,[],{},,,False
1786348560000,1786348565000,benign,benign#chunk217,[],{},,,False
1786348565000,1786348570000,benign,benign#chunk217,[],{},,,False
1786348570000,1786348575000,benign,benign#chunk217,[],{},,,False
1786348575000,1786348580000,benign,benign#chunk217,[],{},,,False
1786348580000,1786348585000,benign,benign#chunk217,[],{},,,False
1786348585000,1786348590000,benign,benign#chunk217,[],{},,,False
1786348590000,1786348595000,benign,benign#chunk217,[],{},,,False
1786348595000,1786348600000,benign,benign#chunk217,[],{},,,False
1786348600000,1786348605000,benign,benign#chunk217,[],{},,,False
1786348605000,1786348610000,benign,benign#chunk217,[],{},,,False
1786348610000,1786348615000,benign,benign#chunk217,[],{},,,False
1786348615000,1786348620000,benign,benign#chunk218,[],{},,,False
1786348620000,1786348625000,benign,benign#chunk218,[],{},,,False
1786348625000,1786348630000,benign,benign#chunk218,[],{},,,False
1786348630000,1786348635000,benign,benign#chunk218,[],{},,,False
1786348635000,1786348640000,benign,benign#chunk218,[],{},,,False
1786348640000,1786348645000,benign,benign#chunk218,[],{},,,False
1786348645000,1786348650000,benign,benign#chunk218,[],{},,,False
1786348650000,1786348655000,benign,benign#chunk218,[],{},,,False
1786348655000,1786348660000,benign,benign#chunk218,[],{},,,False
1786348660000,1786348665000,benign,benign#chunk218,[],{},,,False
1786348665000,1786348670000,benign,benign#chunk218,[],{},,,False
1786348670000,1786348675000,benign,benign#chunk218,[],{},,,False
1786348675000,1786348680000,benign,benign#chunk219,[],{},,,False
1786348680000,1786348685000,benign,benign#chunk219,[],{},,,False
1786348685000,1786348690000,benign,benign#chunk219,[],{},,,False
1786348690000,1786348695000,benign,benign#chunk219,[],{},,,False
1786348695000,1786348700000,benign,benign#chunk219,[],{},,,False
1786348700000,1786348705000,benign,benign#chunk219,[],{},,,False
1786348705000,1786348710000,benign,benign#chunk219,[],{},,,False
1786348710000,1786348715000,benign,benign#chunk219,[],{},,,False
1786348715000,1786348720000,benign,benign#chunk219,[],{},,,False
1786348720000,1786348725000,benign,benign#chunk219,[],{},,,False
1786348725000,1786348730000,benign,benign#chunk219,[],{},,,False
1786348730000,1786348735000,benign,benign#chunk219,[],{},,,False
1786348735000,1786348740000,benign,benign#chunk220,[],{},,,False
1786348740000,1786348745000,benign,benign#chunk220,[],{},,,False
1786348745000,1786348750000,benign,benign#chunk220,[],{},,,False
1786348750000,1786348755000,benign,benign#chunk220,[],{},,,False
1786348755000,1786348760000,benign,benign#chunk220,[],{},,,False
1786348760000,1786348765000,benign,benign#chunk220,[],{},,,False
1786348765000,1786348770000,benign,benign#chunk220,[],{},,,False
1786348770000,1786348775000,benign,benign#chunk220,[],{},,,False
1786348775000,1786348780000,benign,benign#chunk220,[],{},,,False
1786348780000,1786348785000,benign,benign#chunk220,[],{},,,False
1786348785000,1786348790000,benign,benign#chunk220,[],{},,,False
1786348790000,1786348795000,benign,benign#chunk220,[],{},,,False
1786348795000,1786348800000,benign,benign#chunk221,[],{},,,False
1786348800000,1786348805000,benign,benign#chunk221,[],{},,,False
1786348805000,1786348810000,benign,benign#chunk221,[],{},,,False
1786348810000,1786348815000,benign,benign#chunk221,[],{},,,False
1786348815000,1786348820000,benign,benign#chunk221,[],{},,,False
1786348820000,1786348825000,benign,benign#chunk221,[],{},,,False
1786348825000,1786348830000,benign,benign#chunk221,[],{},,,False
1786348830000,1786348835000,benign,benign#chunk221,[],{},,,False
1786348835000,1786348840000,benign,benign#chunk221,[],{},,,False
1786348840000,1786348845000,benign,benign#chunk221,[],{},,,False
1786348845000,1786348850000,benign,benign#chunk221,[],{},,,False
1786348850000,1786348855000,benign,benign#chunk221,[],{},,,False
1786348855000,1786348860000,benign,benign#chunk222,[],{},,,False
1786348860000,1786348865000,benign,benign#chunk222,[],{},,,False
1786348865000,1786348870000,benign,benign#chunk222,[],{},,,False
1786348870000,1786348875000,benign,benign#chunk222,[],{},,,False
1786348875000,1786348880000,benign,benign#chunk222,[],{},,,False
1786348880000,1786348885000,benign,benign#chunk222,[],{},,,False
1786348885000,1786348890000,benign,benign#chunk222,[],{},,,False
1786348890000,1786348895000,benign,benign#chunk222,[],{},,,False
1786348895000,1786348900000,benign,benign#chunk222,[],{},,,False
1786348900000,1786348905000,benign,benign#chunk222,[],{},,,False
1786348905000,1786348910000,benign,benign#chunk222,[],{},,,False
1786348910000,1786348915000,benign,benign#chunk222,[],{},,,False
1786348915000,1786348920000,benign,benign#chunk223,[],{},,,False
1786348920000,1786348925000,benign,benign#chunk223,[],{},,,False
1786348925000,1786348930000,benign,benign#chunk223,[],{},,,False
1786348930000,1786348935000,benign,benign#chunk223,[],{},,,False
1786348935000,1786348940000,benign,benign#chunk223,[],{},,,False
1786348940000,1786348945000,benign,benign#chunk223,[],{},,,False
1786348945000,1786348950000,benign,benign#chunk223,[],{},,,False
1786348950000,1786348955000,benign,benign#chunk223,[],{},,,False
1786348955000,1786348960000,benign,benign#chunk223,[],{},,,False
1786348960000,1786348965000,benign,benign#chunk223,[],{},,,False
1786348965000,1786348970000,benign,benign#chunk223,[],{},,,False
1786348970000,1786348975000,benign,benign#chunk223,[],{},,,False
1786348975000,1786348980000,benign,benign#chunk224,[],{},,,False
1786348980000,1786348985000,benign,benign#chunk224,[],{},,,False
1786348985000,1786348990000,benign,benign#chunk224,[],{},,,False
1786348990000,1786348995000,benign,benign#chunk224,[],{},,,False
1786348995000,1786349000000,benign,benign#chunk224,[],{},,,False
1786349000000,1786349005000,benign,benign#chunk224,[],{},,,False
1786349005000,1786349010000,benign,benign#chunk224,[],{},,,False
1786349010000,1786349015000,benign,benign#chunk224,[],{},,,False
1786349015000,1786349020000,benign,benign#chunk224,[],{},,,False
1786349020000,1786349025000,benign,benign#chunk224,[],{},,,False
1786349025000,1786349030000,benign,benign#chunk224,[],{},,,False
1786349030000,1786349035000,benign,benign#chunk224,[],{},,,False
1786349035000,1786349040000,benign,benign#chunk225,[],{},,,False
1786349040000,1786349045000,benign,benign#chunk225,[],{},,,False
1786349045000,1786349050000,benign,benign#chunk225,[],{},,,False
1786349050000,1786349055000,benign,benign#chunk225,[],{},,,False
1786349055000,1786349060000,benign,benign#chunk225,[],{},,,False
1786349060000,1786349065000,benign,benign#chunk225,[],{},,,False
1786349065000,1786349070000,benign,benign#chunk225,[],{},,,False
1786349070000,1786349075000,benign,benign#chunk225,[],{},,,False
1786349075000,1786349080000,benign,benign#chunk225,[],{},,,False
